Timestamp,Voltage,Current,Power,Energy,State
0,53.97,0,0,0.01,0
0.75,53.37,2.27,121.09,0.02,1
1.5,52.22,6.27,327.54,0.19,1
2.234,43.57,45.04,1962.41,0.57,1
3,44.98,34.47,1550.51,1.84,1
3.75,47.57,22.23,1057.63,2.79,1
4.484,50.74,8.96,454.44,3.41,1
5.25,50.49,9.92,501.04,3.88,1
6,51.29,6.89,353.49,4.2,1
6.734,53.18,0,0,4.27,0
7.5,53.3,0,0,4.27,0
8.234,53.36,0,0,4.27,0
8.984,53.41,0,0,4.27,0
9.75,53.45,0,0,4.27,0
10.5,53.48,0,0,4.27,0
11.25,53.51,0,0,4.27,0
11.984,53.53,0,0,4.27,0
12.734,53.54,0,0,4.27,0
13.484,53.56,0,0,4.27,0
14.25,53.57,0,0,4.27,0
15,53.58,0,0,4.27,0
15.75,53.59,0,0,4.27,0
16.484,53.6,0,0,4.27,0
17.25,53.61,0,0,4.27,0
17.984,53.62,0,0,4.27,0
18.734,53.63,0,0,4.27,0
19.484,53.64,0,0,4.27,0
20.25,53.64,0,0,4.27,0
21,53.65,0,0,4.27,0
21.75,53.66,0,0,4.27,0
22.5,53.66,0,0,4.27,0
23.234,53.66,0,0,4.27,0
24,53.67,0,0,4.27,0
24.734,53.67,0,0,4.27,0
25.5,53.68,0,0,4.27,0
26.234,53.68,0,0,4.27,0
27,53.68,0,0,4.27,0
27.734,53.69,0,0,4.27,0
28.5,53.69,0,0,4.27,0
29.234,53.69,0,0,4.27,0
29.984,53.69,0,0,4.27,0
30.75,53.7,0,0,4.27,0
31.5,53.7,0,0,4.27,0
32.234,53.7,0,0,4.27,0
33,53.7,0,0,4.27,0
33.734,53.71,0,0,4.27,0
34.5,53.71,0,0,4.27,0
35.25,53.71,0,0,4.27,0
35.984,53.71,0,0,4.27,0
36.734,53.71,0,0,4.27,0
37.484,53.71,0,0,4.27,0
38.25,53.72,0,0,4.27,0
39,53.72,0,0,4.27,0
39.75,53.72,0,0,4.27,0
40.5,53.72,0,0,4.27,0
41.234,53.72,0,0,4.27,0
42,53.72,0,0,4.27,0
42.75,53.72,0,0,4.27,0
43.5,53.73,0,0,4.27,0
44.25,53.73,0,0,4.27,0
45,53.73,0,0,4.27,0
45.75,53.73,0,0,4.27,0
46.5,53.73,0,0,4.27,0
47.25,53.73,0,0,4.27,0
47.984,53.73,0,0,4.27,0
48.75,53.73,0,0,4.27,0
49.5,53.73,0,0,4.27,0
50.234,53.73,0,0,4.27,0
51,53.73,0,0,4.27,0
51.75,53.73,0,0,4.27,0
52.5,53.74,0,0,4.27,0
53.234,53.74,0,0,4.27,0
53.984,53.74,0,0,4.27,0
54.75,53.74,0,0,4.27,0
55.5,53.74,0,0,4.27,0
56.25,53.74,0,0,4.27,0
57,53.74,0,0,4.27,0
57.734,53.74,0,0,4.27,0
58.484,53.74,0,0,4.27,0
59.25,53.74,0,0,4.27,0
59.984,49.69,16.26,808.08,4.47,1
60.75,49.2,16.89,830.83,5.23,1
61.5,53.29,0,0,5.56,0
62.234,53.43,0,0,5.56,0
63,53.5,0,0,5.56,0
63.75,53.53,0,0,5.56,0
64.5,53.56,0,0,5.56,0
65.234,53.58,0,0,5.56,0
65.984,53.59,0,0,5.56,0
66.75,53.6,0,0,5.56,0
67.484,53.61,0,0,5.56,0
68.234,53.62,0,0,5.56,0
68.984,53.63,0,0,5.56,0
69.75,53.63,0,0,5.56,0
70.5,53.64,0,0,5.56,0
71.25,53.64,0,0,5.56,0
71.984,53.64,0,0,5.56,0
72.734,53.65,0,0,5.56,0
73.5,53.65,0,0,5.56,0
74.25,53.65,0,0,5.56,0
75,53.66,0,0,5.56,0
75.734,53.66,0,0,5.56,0
76.5,53.66,0,0,5.56,0
77.234,53.66,0,0,5.56,0
78,53.67,0,0,5.56,0
78.734,53.67,0,0,5.56,0
79.5,53.67,0,0,5.56,0
80.234,53.67,0,0,5.56,0
81,53.67,0,0,5.56,0
81.75,53.68,0,0,5.56,0
82.484,53.68,0,0,5.56,0
83.25,53.68,0,0,5.56,0
84,53.68,0,0,5.56,0
84.75,53.68,0,0,5.56,0
85.5,53.68,0,0,5.56,0
86.25,53.68,0,0,5.56,0
87,53.68,0,0,5.56,0
87.75,53.69,0,0,5.56,0
88.484,53.69,0,0,5.56,0
89.25,53.69,0,0,5.56,0
89.984,53.69,0,0,5.56,0
90.75,53.69,0,0,5.56,0
91.5,53.69,0,0,5.56,0
92.234,53.69,0,0,5.56,0
93,53.69,0,0,5.56,0
93.734,53.69,0,0,5.56,0
94.484,53.69,0,0,5.56,0
95.234,53.69,0,0,5.56,0
95.984,53.69,0,0,5.56,0
96.734,53.69,0,0,5.56,0
97.5,53.69,0,0,5.56,0
98.234,53.7,0,0,5.56,0
99,53.7,0,0,5.56,0
99.75,53.7,0,0,5.56,0
100.5,53.7,0,0,5.56,0
101.234,53.7,0,0,5.56,0
102,53.7,0,0,5.56,0
102.75,53.7,0,0,5.56,0
103.484,53.7,0,0,5.56,0
104.234,53.7,0,0,5.56,0
104.984,53.7,0,0,5.56,0
105.75,53.7,0,0,5.56,0
106.5,53.7,0,0,5.56,0
107.25,53.7,0,0,5.56,0
108,53.7,0,0,5.56,0
108.734,53.7,0,0,5.56,0
109.5,53.7,0,0,5.56,0
110.25,53.7,0,0,5.56,0
111,53.7,0,0,5.56,0
111.734,49.67,16.11,800.24,5.77,1
112.484,49.49,15.62,773.12,6.46,1
113.25,53.25,0,0,6.83,0
114,53.4,0,0,6.83,0
114.734,53.46,0,0,6.83,0
115.5,53.5,0,0,6.83,0
116.234,53.53,0,0,6.83,0
117,53.54,0,0,6.83,0
117.734,53.56,0,0,6.83,0
118.5,53.57,0,0,6.83,0
119.25,53.58,0,0,6.83,0
119.984,53.58,0,0,6.83,0
120.75,53.59,0,0,6.83,0
121.484,53.6,0,0,6.83,0
122.234,53.6,0,0,6.83,0
122.984,53.61,0,0,6.83,0
123.75,53.61,0,0,6.83,0
124.5,53.61,0,0,6.83,0
125.25,53.62,0,0,6.83,0
125.984,53.62,0,0,6.83,0
126.734,53.62,0,0,6.83,0
127.5,53.63,0,0,6.83,0
128.234,53.63,0,0,6.83,0
128.984,53.63,0,0,6.83,0
129.75,53.63,0,0,6.83,0
130.5,53.63,0,0,6.83,0
131.25,53.63,0,0,6.83,0
131.984,53.64,0,0,6.83,0
132.75,53.64,0,0,6.83,0
133.484,53.64,0,0,6.83,0
134.25,53.64,0,0,6.83,0
134.984,53.64,0,0,6.83,0
135.75,53.64,0,0,6.83,0
136.5,53.64,0,0,6.83,0
137.25,53.64,0,0,6.83,0
138,53.65,0,0,6.83,0
138.75,53.65,0,0,6.83,0
139.484,53.65,0,0,6.83,0
140.234,53.65,0,0,6.83,0
141,53.65,0,0,6.83,0
141.75,53.65,0,0,6.83,0
142.5,53.65,0,0,6.83,0
143.25,53.65,0,0,6.83,0
143.984,53.65,0,0,6.83,0
144.734,53.65,0,0,6.83,0
145.5,53.66,0,0,6.83,0
146.234,53.65,0,0,6.83,0
147,53.65,0,0,6.83,0
147.75,53.66,0,0,6.83,0
148.5,53.66,0,0,6.83,0
149.234,53.66,0,0,6.83,0
149.984,53.66,0,0,6.83,0
150.75,53.66,0,0,6.83,0
151.5,53.66,0,0,6.83,0
152.25,53.66,0,0,6.83,0
153,53.66,0,0,6.83,0
153.734,53.66,0,0,6.83,0
154.484,53.66,0,0,6.83,0
155.234,53.66,0,0,6.83,0
156,53.66,0,0,6.83,0
156.734,53.66,0,0,6.83,0
157.5,53.66,0,0,6.83,0
158.25,53.66,0,0,6.83,0
158.984,53.66,0,0,6.83,0
159.75,53.66,0,0,6.83,0
160.5,53.66,0,0,6.83,0
161.234,53.66,0,0,6.83,0
162,53.66,0,0,6.83,0
162.75,51.79,7.43,384.78,6.89,1
163.5,48.5,20.43,990.75,7.58,1
164.234,49.88,13.56,676.27,8.16,1
164.984,52.88,0.4,21.37,8.56,1
165.75,53.29,0,0,8.56,0
166.5,53.36,0,0,8.56,0
167.234,53.41,0,0,8.56,0
168,53.44,0,0,8.56,0
168.75,53.46,0,0,8.56,0
169.484,53.48,0,0,8.56,0
170.234,53.49,0,0,8.56,0
170.984,53.5,0,0,8.56,0
171.734,53.51,0,0,8.56,0
172.484,53.52,0,0,8.56,0
173.234,53.53,0,0,8.56,0
174,53.53,0,0,8.56,0
174.734,53.54,0,0,8.56,0
175.5,53.54,0,0,8.56,0
176.234,53.55,0,0,8.56,0
177,53.55,0,0,8.56,0
177.734,53.55,0,0,8.56,0
178.484,53.56,0,0,8.56,0
179.25,53.56,0,0,8.56,0
179.984,53.56,0,0,8.56,0
180.75,53.57,0,0,8.56,0
181.484,53.57,0,0,8.56,0
182.25,53.57,0,0,8.56,0
182.984,53.57,0,0,8.56,0
183.75,53.58,0,0,8.56,0
184.5,53.58,0,0,8.56,0
185.234,53.58,0,0,8.56,0
185.984,53.58,0,0,8.56,0
186.75,53.58,0,0,8.56,0
187.5,53.58,0,0,8.56,0
188.234,53.58,0,0,8.56,0
188.984,53.58,0,0,8.56,0
189.75,53.59,0,0,8.56,0
190.5,53.59,0,0,8.56,0
191.25,53.59,0,0,8.56,0
191.984,53.59,0,0,8.56,0
192.75,53.59,0,0,8.56,0
193.5,53.59,0,0,8.56,0
194.234,53.59,0,0,8.56,0
194.984,48.69,20.1,978.52,8.85,1
195.734,49.31,16.05,791.16,9.57,1
196.5,53.11,0,0,9.96,0
197.25,53.28,0,0,9.96,0
197.984,53.35,0,0,9.96,0
198.734,53.38,0,0,9.96,0
199.5,53.42,0,0,9.96,0
200.25,53.43,0,0,9.96,0
200.984,53.45,0,0,9.96,0
201.75,53.46,0,0,9.96,0
202.484,53.47,0,0,9.96,0
203.234,53.48,0,0,9.96,0
204,53.49,0,0,9.96,0
204.75,53.49,0,0,9.96,0
205.484,53.5,0,0,9.96,0
206.234,53.5,0,0,9.96,0
207,53.51,0,0,9.96,0
207.734,53.51,0,0,9.96,0
208.5,53.52,0,0,9.96,0
209.25,53.52,0,0,9.96,0
209.984,53.52,0,0,9.96,0
210.734,53.52,0,0,9.96,0
211.484,53.53,0,0,9.96,0
212.25,53.53,0,0,9.96,0
212.984,53.53,0,0,9.96,0
213.75,53.53,0,0,9.96,0
214.5,53.53,0,0,9.96,0
215.234,53.54,0,0,9.96,0
215.984,53.54,0,0,9.96,0
216.75,53.54,0,0,9.96,0
217.484,53.54,0,0,9.96,0
218.25,53.54,0,0,9.96,0
219,53.54,0,0,9.96,0
219.734,53.55,0,0,9.96,0
220.5,53.55,0,0,9.96,0
221.25,53.55,0,0,9.96,0
222,53.55,0,0,9.96,0
222.734,53.55,0,0,9.96,0
223.5,53.55,0,0,9.96,0
224.234,53.55,0,0,9.96,0
225,53.55,0,0,9.96,0
225.734,53.55,0,0,9.96,0
226.5,53.56,0,0,9.96,0
227.234,53.56,0,0,9.96,0
227.984,53.56,0,0,9.96,0
228.75,53.56,0,0,9.96,0
229.5,53.56,0,0,9.96,0
230.234,53.56,0,0,9.96,0
231,53.56,0,0,9.96,0
231.734,53.56,0,0,9.96,0
232.5,53.56,0,0,9.96,0
233.25,53.56,0,0,9.96,0
234,53.56,0,0,9.96,0
234.75,53.56,0,0,9.96,0
235.5,53.56,0,0,9.96,0
236.234,53.56,0,0,9.96,0
237,53.56,0,0,9.96,0
237.75,53.57,0,0,9.96,0
238.5,53.57,0,0,9.96,0
239.25,53.57,0,0,9.96,0
240,53.57,0,0,9.96,0
240.734,53.57,0,0,9.96,0
241.484,53.57,0,0,9.96,0
242.234,53.57,0,0,9.96,0
242.984,53.57,0,0,9.96,0
243.75,53.57,0,0,9.96,0
244.484,53.57,0,0,9.96,0
245.234,53.57,0,0,9.96,0
245.984,53.57,0,0,9.96,0
246.734,53.57,0,0,9.96,0
247.5,53.57,0,0,9.96,0
248.25,53.57,0,0,9.96,0
249,53.57,0,0,9.96,0
249.734,53.57,0,0,9.96,0
250.5,53.57,0,0,9.96,0
251.234,53.57,0,0,9.96,0
251.984,53.57,0,0,9.96,0
252.75,53.57,0,0,9.96,0
253.484,53.57,0,0,9.96,0
254.25,53.57,0,0,9.96,0
254.984,53.58,0,0,9.96,0
255.734,48.98,18.98,929.54,10.23,1
256.484,48.38,20.14,974.37,11.06,1
257.234,49.98,12.62,630.63,11.65,1
258,50.98,8.33,424.39,12.06,1
258.75,53.07,0,0,12.23,0
259.5,53.19,0,0,12.23,0
260.25,53.25,0,0,12.23,0
261,53.29,0,0,12.23,0
261.734,53.32,0,0,12.23,0
262.5,53.34,0,0,12.23,0
263.25,53.36,0,0,12.23,0
263.984,53.37,0,0,12.23,0
264.75,53.38,0,0,12.23,0
265.5,53.4,0,0,12.23,0
266.234,53.4,0,0,12.23,0
266.984,53.41,0,0,12.23,0
267.734,53.42,0,0,12.23,0
268.484,53.42,0,0,12.23,0
269.25,53.43,0,0,12.23,0
269.984,53.44,0,0,12.23,0
270.734,53.44,0,0,12.23,0
271.484,53.44,0,0,12.23,0
272.25,53.45,0,0,12.23,0
273,53.45,0,0,12.23,0
273.75,53.46,0,0,12.23,0
274.5,53.46,0,0,12.23,0
275.25,53.46,0,0,12.23,0
276,53.47,0,0,12.23,0
276.734,53.47,0,0,12.23,0
277.5,53.47,0,0,12.23,0
278.25,53.47,0,0,12.23,0
279,53.48,0,0,12.23,0
279.734,53.48,0,0,12.23,0
280.484,53.48,0,0,12.23,0
281.25,53.48,0,0,12.23,0
282,53.48,0,0,12.23,0
282.75,53.48,0,0,12.23,0
283.5,53.49,0,0,12.23,0
284.25,53.49,0,0,12.23,0
284.984,53.49,0,0,12.23,0
285.75,53.49,0,0,12.23,0
286.484,53.49,0,0,12.23,0
287.25,53.49,0,0,12.23,0
288,53.49,0,0,12.23,0
288.734,53.49,0,0,12.23,0
289.5,53.49,0,0,12.23,0
290.234,53.5,0,0,12.23,0
290.984,53.5,0,0,12.23,0
291.75,53.5,0,0,12.23,0
292.5,53.5,0,0,12.23,0
293.25,53.5,0,0,12.23,0
294,53.5,0,0,12.23,0
294.75,53.5,0,0,12.23,0
295.484,53.5,0,0,12.23,0
296.234,53.5,0,0,12.23,0
297,53.5,0,0,12.23,0
297.734,53.5,0,0,12.23,0
298.484,53.51,0,0,12.23,0
299.25,53.5,0,0,12.23,0
300,53.5,0,0,12.23,0
300.734,53.51,0,0,12.23,0
301.5,53.51,0,0,12.23,0
302.25,53.51,0,0,12.23,0
302.984,53.51,0,0,12.23,0
303.734,53.51,0,0,12.23,0
304.5,53.51,0,0,12.23,0
305.234,53.51,0,0,12.23,0
306,53.51,0,0,12.23,0
306.734,53.51,0,0,12.23,0
307.5,53.51,0,0,12.23,0
308.25,53.51,0,0,12.23,0
308.984,53.51,0,0,12.23,0
309.75,53.51,0,0,12.23,0
310.5,53.51,0,0,12.23,0
311.25,53.51,0,0,12.23,0
311.984,53.51,0,0,12.23,0
312.75,53.51,0,0,12.23,0
313.5,53.51,0,0,12.23,0
314.25,53.51,0,0,12.23,0
314.984,53.51,0,0,12.23,0
315.75,53.52,0,0,12.23,0
316.484,53.52,0,0,12.23,0
317.25,53.52,0,0,12.23,0
318,53.52,0,0,12.23,0
318.734,53.52,0,0,12.23,0
319.484,53.52,0,0,12.23,0
320.25,53.52,0,0,12.23,0
321,53.52,0,0,12.23,0
321.734,53.52,0,0,12.23,0
322.5,53.52,0,0,12.23,0
323.234,53.52,0,0,12.23,0
324,53.52,0,0,12.23,0
324.734,53.52,0,0,12.23,0
325.5,53.52,0,0,12.23,0
326.234,53.52,0,0,12.23,0
326.984,53.52,0,0,12.23,0
327.734,53.52,0,0,12.23,0
328.5,53.52,0,0,12.23,0
329.25,53.52,0,0,12.23,0
330,53.52,0,0,12.23,0
330.75,53.52,0,0,12.23,0
331.484,53.52,0,0,12.23,0
332.234,53.52,0,0,12.23,0
332.984,53.52,0,0,12.23,0
333.734,49.06,19.02,932.91,12.6,1
334.5,50.28,12.05,605.7,13.19,1
335.234,51.13,8.37,427.78,13.56,1
335.984,51.83,5.43,281.16,13.81,1
336.75,53.21,0,0,13.83,0
337.484,53.27,0,0,13.83,0
338.234,53.31,0,0,13.83,0
338.984,53.33,0,0,13.83,0
339.734,53.35,0,0,13.83,0
340.484,53.37,0,0,13.83,0
341.25,53.38,0,0,13.83,0
342,53.39,0,0,13.83,0
342.75,53.39,0,0,13.83,0
343.484,53.4,0,0,13.83,0
344.234,53.41,0,0,13.83,0
344.984,53.41,0,0,13.83,0
345.75,53.42,0,0,13.83,0
346.5,53.42,0,0,13.83,0
347.25,53.43,0,0,13.83,0
347.984,53.43,0,0,13.83,0
348.734,53.43,0,0,13.83,0
349.484,53.44,0,0,13.83,0
350.234,53.44,0,0,13.83,0
351,53.44,0,0,13.83,0
351.75,53.44,0,0,13.83,0
352.484,53.45,0,0,13.83,0
353.25,53.45,0,0,13.83,0
353.984,53.45,0,0,13.83,0
354.75,53.45,0,0,13.83,0
355.484,53.45,0,0,13.83,0
356.234,53.45,0,0,13.83,0
357,53.46,0,0,13.83,0
357.75,53.46,0,0,13.83,0
358.5,53.46,0,0,13.83,0
359.25,53.46,0,0,13.83,0
360,53.46,0,0,13.83,0
360.75,53.46,0,0,13.83,0
361.484,53.46,0,0,13.83,0
362.25,53.47,0,0,13.83,0
362.984,53.47,0,0,13.83,0
363.734,53.47,0,0,13.83,0
364.484,53.47,0,0,13.83,0
365.25,53.47,0,0,13.83,0
365.984,53.47,0,0,13.83,0
366.734,53.47,0,0,13.83,0
367.5,53.47,0,0,13.83,0
368.25,53.47,0,0,13.83,0
368.984,53.47,0,0,13.83,0
369.75,53.47,0,0,13.83,0
370.5,53.47,0,0,13.83,0
371.25,53.47,0,0,13.83,0
372,53.47,0,0,13.83,0
372.75,53.47,0,0,13.83,0
373.5,53.48,0,0,13.83,0
374.234,53.48,0,0,13.83,0
375,53.48,0,0,13.83,0
375.734,53.48,0,0,13.83,0
376.5,53.48,0,0,13.83,0
377.25,53.48,0,0,13.83,0
377.984,53.48,0,0,13.83,0
378.75,53.48,0,0,13.83,0
379.5,53.48,0,0,13.83,0
380.234,53.48,0,0,13.83,0
381,53.48,0,0,13.83,0
381.734,53.48,0,0,13.83,0
382.5,53.48,0,0,13.83,0
383.234,53.48,0,0,13.83,0
383.984,53.48,0,0,13.83,0
384.75,53.48,0,0,13.83,0
385.5,53.48,0,0,13.83,0
386.25,53.48,0,0,13.83,0
387,53.48,0,0,13.83,0
387.734,53.48,0,0,13.83,0
388.5,53.48,0,0,13.83,0
389.234,53.48,0,0,13.83,0
389.984,53.48,0,0,13.83,0
390.75,53.48,0,0,13.83,0
391.5,53.48,0,0,13.83,0
392.25,53.48,0,0,13.83,0
393,53.48,0,0,13.83,0
393.75,53.48,0,0,13.83,0
394.484,53.49,0,0,13.83,0
395.234,53.49,0,0,13.83,0
395.984,53.49,0,0,13.83,0
396.75,53.49,0,0,13.83,0
397.484,53.49,0,0,13.83,0
398.25,53.49,0,0,13.83,0
398.984,53.49,0,0,13.83,0
399.734,53.49,0,0,13.83,0
400.5,53.49,0,0,13.83,0
401.25,53.49,0,0,13.83,0
402,53.49,0,0,13.83,0
402.75,53.49,0,0,13.83,0
403.5,53.49,0,0,13.83,0
404.234,53.49,0,0,13.83,0
404.984,53.49,0,0,13.83,0
405.734,53.49,0,0,13.83,0
406.484,53.49,0,0,13.83,0
407.234,53.49,0,0,13.83,0
407.984,53.49,0,0,13.83,0
408.75,53.49,0,0,13.83,0
409.5,53.49,0,0,13.83,0
410.234,53.49,0,0,13.83,0
411,53.49,0,0,13.83,0
411.734,53.49,0,0,13.83,0
412.5,53.49,0,0,13.83,0
413.234,53.49,0,0,13.83,0
414,53.49,0,0,13.83,0
414.734,53.49,0,0,13.83,0
415.5,53.49,0,0,13.83,0
416.25,53.49,0,0,13.83,0
417,53.49,0,0,13.83,0
417.75,53.49,0,0,13.83,0
418.484,53.49,0,0,13.83,0
419.25,53.49,0,0,13.83,0
419.984,53.49,0,0,13.83,0
420.734,53.49,0,0,13.83,0
421.484,53.49,0,0,13.83,0
422.25,48.7,20.07,977.19,14.14,1
422.984,48.46,19.67,952.98,14.93,1
423.734,49.91,13.05,651.39,15.51,1
424.5,52.36,2.55,133.64,15.91,1
425.234,53.09,0,0,15.91,0
425.984,53.17,0,0,15.91,0
426.75,53.22,0,0,15.91,0
427.5,53.25,0,0,15.91,0
428.234,53.27,0,0,15.91,0
429,53.29,0,0,15.91,0
429.75,53.31,0,0,15.91,0
430.484,53.32,0,0,15.91,0
431.25,53.33,0,0,15.91,0
431.984,53.34,0,0,15.91,0
432.75,53.35,0,0,15.91,0
433.5,53.35,0,0,15.91,0
434.234,53.36,0,0,15.91,0
435,53.37,0,0,15.91,0
435.75,53.37,0,0,15.91,0
436.484,53.37,0,0,15.91,0
437.234,53.38,0,0,15.91,0
437.984,53.38,0,0,15.91,0
438.75,53.39,0,0,15.91,0
439.5,53.39,0,0,15.91,0
440.25,53.39,0,0,15.91,0
441,53.4,0,0,15.91,0
441.75,53.4,0,0,15.91,0
442.484,53.4,0,0,15.91,0
443.25,53.4,0,0,15.91,0
444,53.4,0,0,15.91,0
444.734,53.41,0,0,15.91,0
445.484,53.41,0,0,15.91,0
446.234,53.41,0,0,15.91,0
447,53.41,0,0,15.91,0
447.734,53.41,0,0,15.91,0
448.484,53.42,0,0,15.91,0
449.25,53.42,0,0,15.91,0
449.984,53.42,0,0,15.91,0
450.75,53.42,0,0,15.91,0
451.5,53.42,0,0,15.91,0
452.234,53.42,0,0,15.91,0
452.984,53.42,0,0,15.91,0
453.75,53.42,0,0,15.91,0
454.5,53.42,0,0,15.91,0
455.25,53.42,0,0,15.91,0
456,53.42,0,0,15.91,0
456.75,53.43,0,0,15.91,0
457.5,53.43,0,0,15.91,0
458.25,53.43,0,0,15.91,0
458.984,53.43,0,0,15.91,0
459.734,53.43,0,0,15.91,0
460.484,53.43,0,0,15.91,0
461.25,53.43,0,0,15.91,0
462,53.43,0,0,15.91,0
462.734,53.43,0,0,15.91,0
463.484,53.43,0,0,15.91,0
464.25,53.43,0,0,15.91,0
465,53.43,0,0,15.91,0
465.75,53.43,0,0,15.91,0
466.5,53.43,0,0,15.91,0
467.234,53.43,0,0,15.91,0
467.984,53.44,0,0,15.91,0
468.75,53.43,0,0,15.91,0
469.5,53.44,0,0,15.91,0
470.25,53.44,0,0,15.91,0
471,53.44,0,0,15.91,0
471.75,53.44,0,0,15.91,0
472.484,53.44,0,0,15.91,0
473.25,53.44,0,0,15.91,0
473.984,53.44,0,0,15.91,0
474.75,53.44,0,0,15.91,0
475.484,53.44,0,0,15.91,0
476.25,53.44,0,0,15.91,0
477,53.44,0,0,15.91,0
477.75,53.44,0,0,15.91,0
478.484,53.44,0,0,15.91,0
479.25,53.44,0,0,15.91,0
479.984,53.44,0,0,15.91,0
480.734,53.44,0,0,15.91,0
481.484,53.44,0,0,15.91,0
482.25,53.44,0,0,15.91,0
482.984,53.44,0,0,15.91,0
483.734,53.44,0,0,15.91,0
484.5,53.44,0,0,15.91,0
485.234,53.44,0,0,15.91,0
486,53.44,0,0,15.91,0
486.75,53.44,0,0,15.91,0
487.5,53.44,0,0,15.91,0
488.234,53.44,0,0,15.91,0
488.984,53.44,0,0,15.91,0
489.734,53.45,0,0,15.91,0
490.5,53.45,0,0,15.91,0
491.234,53.45,0,0,15.91,0
492,53.45,0,0,15.91,0
492.734,53.45,0,0,15.91,0
493.5,53.45,0,0,15.91,0
494.234,53.45,0,0,15.91,0
495,53.45,0,0,15.91,0
495.734,53.45,0,0,15.91,0
496.484,53.45,0,0,15.91,0
497.25,50.61,11.85,599.71,16.02,1
498,49.33,16.28,802.83,16.68,1
498.75,53.02,0,0,17.09,0
499.5,53.18,0,0,17.09,0
500.25,53.24,0,0,17.09,0
500.984,53.27,0,0,17.09,0
501.75,53.3,0,0,17.09,0
502.484,53.32,0,0,17.09,0
503.25,53.33,0,0,17.09,0
503.984,53.34,0,0,17.09,0
504.734,53.35,0,0,17.09,0
505.5,53.35,0,0,17.09,0
506.234,53.36,0,0,17.09,0
506.984,53.36,0,0,17.09,0
507.75,53.37,0,0,17.09,0
508.5,53.37,0,0,17.09,0
509.25,53.37,0,0,17.09,0
510,53.38,0,0,17.09,0
510.75,53.38,0,0,17.09,0
511.5,53.38,0,0,17.09,0
512.25,53.39,0,0,17.09,0
513,53.39,0,0,17.09,0
513.75,53.39,0,0,17.09,0
514.5,53.39,0,0,17.09,0
515.25,53.39,0,0,17.09,0
516,53.4,0,0,17.09,0
516.75,53.4,0,0,17.09,0
517.5,53.4,0,0,17.09,0
518.25,53.4,0,0,17.09,0
519,53.4,0,0,17.09,0
519.734,53.4,0,0,17.09,0
520.5,53.4,0,0,17.09,0
521.25,53.41,0,0,17.09,0
522,53.41,0,0,17.09,0
522.734,53.41,0,0,17.09,0
523.5,53.41,0,0,17.09,0
524.234,53.41,0,0,17.09,0
525,53.41,0,0,17.09,0
525.734,53.41,0,0,17.09,0
526.484,53.41,0,0,17.09,0
527.234,53.41,0,0,17.09,0
528,53.41,0,0,17.09,0
528.75,53.41,0,0,17.09,0
529.5,53.41,0,0,17.09,0
530.25,48.97,18.77,919.29,17.35,1
530.984,49.37,15.86,783.26,18.02,1
531.75,50.57,10.19,515.04,18.51,1
532.484,51.28,7.17,367.74,18.83,1
533.234,53.06,0,0,18.89,0
534,53.14,0,0,18.89,0
534.734,53.18,0,0,18.89,0
535.5,53.21,0,0,18.89,0
536.234,53.23,0,0,18.89,0
537,53.25,0,0,18.89,0
537.734,53.26,0,0,18.89,0
538.484,53.27,0,0,18.89,0
539.25,53.28,0,0,18.89,0
540,53.29,0,0,18.89,0
540.75,53.3,0,0,18.89,0
541.484,53.31,0,0,18.89,0
542.25,53.31,0,0,18.89,0
543,53.32,0,0,18.89,0
543.75,53.32,0,0,18.89,0
544.484,53.32,0,0,18.89,0
545.234,53.33,0,0,18.89,0
546,53.33,0,0,18.89,0
546.734,53.34,0,0,18.89,0
547.484,53.34,0,0,18.89,0
548.234,53.34,0,0,18.89,0
549,53.34,0,0,18.89,0
549.734,53.35,0,0,18.89,0
550.484,53.35,0,0,18.89,0
551.25,53.35,0,0,18.89,0
551.984,53.35,0,0,18.89,0
552.75,53.35,0,0,18.89,0
553.5,53.36,0,0,18.89,0
554.25,53.36,0,0,18.89,0
555,53.36,0,0,18.89,0
555.734,53.36,0,0,18.89,0
556.484,53.36,0,0,18.89,0
557.234,53.36,0,0,18.89,0
558,53.36,0,0,18.89,0
558.75,53.37,0,0,18.89,0
559.5,53.37,0,0,18.89,0
560.234,53.37,0,0,18.89,0
561,53.37,0,0,18.89,0
561.75,53.37,0,0,18.89,0
562.5,53.37,0,0,18.89,0
563.234,53.37,0,0,18.89,0
564,48.17,22.11,1065.21,19.3,1
564.734,49.6,14.69,728.38,19.93,1
565.5,53,0,0,20.19,0
566.25,53.11,0,0,20.19,0
567,53.17,0,0,20.19,0
567.75,53.2,0,0,20.19,0
568.5,53.22,0,0,20.19,0
569.234,53.24,0,0,20.19,0
570,53.26,0,0,20.19,0
570.75,53.27,0,0,20.19,0
571.5,53.27,0,0,20.19,0
572.25,53.28,0,0,20.19,0
572.984,53.29,0,0,20.19,0
573.734,53.29,0,0,20.19,0
574.484,53.3,0,0,20.19,0
575.234,53.3,0,0,20.19,0
576,53.31,0,0,20.19,0
576.75,53.31,0,0,20.19,0
577.5,53.31,0,0,20.19,0
578.234,53.32,0,0,20.19,0
579,53.32,0,0,20.19,0
579.75,53.32,0,0,20.19,0
580.484,53.32,0,0,20.19,0
581.25,53.33,0,0,20.19,0
582,53.33,0,0,20.19,0
582.734,53.33,0,0,20.19,0
583.5,53.33,0,0,20.19,0
584.234,53.33,0,0,20.19,0
584.984,53.34,0,0,20.19,0
585.734,53.34,0,0,20.19,0
586.5,53.34,0,0,20.19,0
587.25,53.34,0,0,20.19,0
587.984,53.34,0,0,20.19,0
588.75,53.34,0,0,20.19,0
589.484,53.34,0,0,20.19,0
590.234,53.34,0,0,20.19,0
590.984,53.35,0,0,20.19,0
591.75,53.35,0,0,20.19,0
592.5,53.35,0,0,20.19,0
593.234,53.35,0,0,20.19,0
594,53.35,0,0,20.19,0
594.75,53.35,0,0,20.19,0
595.5,53.35,0,0,20.19,0
596.234,53.35,0,0,20.19,0
596.984,53.35,0,0,20.19,0
597.75,53.35,0,0,20.19,0
598.484,53.35,0,0,20.19,0
599.25,53.35,0,0,20.19,0
599.984,53.36,0,0,20.19,0
600.734,53.36,0,0,20.19,0
601.5,53.36,0,0,20.19,0
602.25,53.36,0,0,20.19,0
602.984,53.36,0,0,20.19,0
603.75,53.36,0,0,20.19,0
604.484,53.36,0,0,20.19,0
605.234,53.36,0,0,20.19,0
606,53.36,0,0,20.19,0
606.734,53.36,0,0,20.19,0
607.484,53.36,0,0,20.19,0
608.234,53.36,0,0,20.19,0
608.984,53.36,0,0,20.19,0
609.734,53.36,0,0,20.19,0
610.5,53.36,0,0,20.19,0
611.25,53.36,0,0,20.19,0
611.984,53.36,0,0,20.19,0
612.734,53.36,0,0,20.19,0
613.5,53.36,0,0,20.19,0
614.25,53.36,0,0,20.19,0
615,53.37,0,0,20.19,0
615.75,53.37,0,0,20.19,0
616.5,53.37,0,0,20.19,0
617.25,53.37,0,0,20.19,0
617.984,50.8,10.85,550.96,20.29,1
618.75,48.48,19.94,966.8,21.05,1
619.5,49.93,12.86,642.33,21.64,1
620.234,53.44,-2.01,-107.33,21.98,0
621,53.03,0,0,21.98,0
621.75,53.1,0,0,21.98,0
622.5,53.14,0,0,21.98,0
623.234,53.16,0,0,21.98,0
624,53.19,0,0,21.98,0
624.75,53.2,0,0,21.98,0
625.5,53.22,0,0,21.98,0
626.25,53.23,0,0,21.98,0
627,53.24,0,0,21.98,0
627.734,53.25,0,0,21.98,0
628.484,53.25,0,0,21.98,0
629.234,53.26,0,0,21.98,0
630,53.26,0,0,21.98,0
630.734,53.27,0,0,21.98,0
631.5,53.27,0,0,21.98,0
632.234,53.28,0,0,21.98,0
632.984,53.28,0,0,21.98,0
633.75,53.28,0,0,21.98,0
634.484,53.29,0,0,21.98,0
635.234,53.29,0,0,21.98,0
635.984,53.29,0,0,21.98,0
636.734,53.3,0,0,21.98,0
637.484,53.3,0,0,21.98,0
638.234,53.3,0,0,21.98,0
638.984,53.3,0,0,21.98,0
639.75,53.3,0,0,21.98,0
640.484,53.31,0,0,21.98,0
641.25,53.31,0,0,21.98,0
642,53.31,0,0,21.98,0
642.734,53.31,0,0,21.98,0
643.484,53.31,0,0,21.98,0
644.25,53.31,0,0,21.98,0
645,53.32,0,0,21.98,0
645.734,53.32,0,0,21.98,0
646.484,53.32,0,0,21.98,0
647.234,53.32,0,0,21.98,0
648,53.32,0,0,21.98,0
648.734,53.32,0,0,21.98,0
649.484,53.32,0,0,21.98,0
650.234,53.32,0,0,21.98,0
651,53.32,0,0,21.98,0
651.734,53.32,0,0,21.98,0
652.5,53.32,0,0,21.98,0
653.234,53.32,0,0,21.98,0
654,53.33,0,0,21.98,0
654.75,53.33,0,0,21.98,0
655.484,53.33,0,0,21.98,0
656.25,53.33,0,0,21.98,0
657,53.33,0,0,21.98,0
657.75,53.33,0,0,21.98,0
658.484,53.33,0,0,21.98,0
659.234,53.33,0,0,21.98,0
659.984,53.33,0,0,21.98,0
660.734,53.33,0,0,21.98,0
661.5,53.33,0,0,21.98,0
662.25,53.33,0,0,21.98,0
663,53.33,0,0,21.98,0
663.75,53.33,0,0,21.98,0
664.5,53.33,0,0,21.98,0
665.25,53.34,0,0,21.98,0
665.984,53.33,0,0,21.98,0
666.75,53.34,0,0,21.98,0
667.5,53.34,0,0,21.98,0
668.25,53.34,0,0,21.98,0
669,53.34,0,0,21.98,0
669.734,53.34,0,0,21.98,0
670.5,53.34,0,0,21.98,0
671.25,53.34,0,0,21.98,0
672,53.34,0,0,21.98,0
672.734,53.34,0,0,21.98,0
673.484,53.34,0,0,21.98,0
674.25,53.34,0,0,21.98,0
675,53.34,0,0,21.98,0
675.734,53.34,0,0,21.98,0
676.5,53.34,0,0,21.98,0
677.234,53.34,0,0,21.98,0
678,53.34,0,0,21.98,0
678.75,53.34,0,0,21.98,0
679.484,53.34,0,0,21.98,0
680.25,53.34,0,0,21.98,0
680.984,53.34,0,0,21.98,0
681.734,53.34,0,0,21.98,0
682.5,53.34,0,0,21.98,0
683.25,53.34,0,0,21.98,0
684,53.34,0,0,21.98,0
684.734,53.34,0,0,21.98,0
685.484,53.34,0,0,21.98,0
686.25,53.34,0,0,21.98,0
686.984,53.34,0,0,21.98,0
687.75,53.34,0,0,21.98,0
688.484,53.34,0,0,21.98,0
689.234,53.34,0,0,21.98,0
690,53.34,0,0,21.98,0
690.734,53.34,0,0,21.98,0
691.5,53.34,0,0,21.98,0
692.234,53.35,0,0,21.98,0
693,53.35,0,0,21.98,0
693.734,53.35,0,0,21.98,0
694.5,53.35,0,0,21.98,0
695.25,53.35,0,0,21.98,0
695.984,50,14.39,719.24,22.14,1
696.75,49.29,16.81,828.73,22.85,1
697.5,50.54,10.82,546.83,23.33,1
698.25,51.39,6.71,344.72,23.63,1
699,52.98,0,0,23.76,0
699.75,53.07,0,0,23.76,0
700.484,53.11,0,0,23.76,0
701.234,53.15,0,0,23.76,0
702,53.17,0,0,23.76,0
702.75,53.18,0,0,23.76,0
703.5,53.2,0,0,23.76,0
704.234,53.21,0,0,23.76,0
704.984,53.22,0,0,23.76,0
705.75,53.23,0,0,23.76,0
706.484,53.23,0,0,23.76,0
707.25,53.24,0,0,23.76,0
708,53.24,0,0,23.76,0
708.734,53.25,0,0,23.76,0
709.5,53.25,0,0,23.76,0
710.25,53.26,0,0,23.76,0
711,53.26,0,0,23.76,0
711.75,53.27,0,0,23.76,0
712.5,53.27,0,0,23.76,0
713.25,53.27,0,0,23.76,0
714,53.27,0,0,23.76,0
714.75,53.28,0,0,23.76,0
715.5,53.28,0,0,23.76,0
716.234,53.28,0,0,23.76,0
717,53.28,0,0,23.76,0
717.75,53.28,0,0,23.76,0
718.5,53.28,0,0,23.76,0
719.25,53.29,0,0,23.76,0
719.984,53.29,0,0,23.76,0
720.734,53.29,0,0,23.76,0
721.484,53.29,0,0,23.76,0
722.25,53.29,0,0,23.76,0
722.984,53.29,0,0,23.76,0
723.734,53.3,0,0,23.76,0
724.5,53.3,0,0,23.76,0
725.234,53.3,0,0,23.76,0
725.984,53.3,0,0,23.76,0
726.734,53.3,0,0,23.76,0
727.5,53.3,0,0,23.76,0
728.234,53.3,0,0,23.76,0
729,53.3,0,0,23.76,0
729.75,53.3,0,0,23.76,0
730.5,53.3,0,0,23.76,0
731.25,53.3,0,0,23.76,0
732,53.31,0,0,23.76,0
732.75,53.31,0,0,23.76,0
733.5,53.31,0,0,23.76,0
734.234,53.31,0,0,23.76,0
734.984,53.31,0,0,23.76,0
735.75,53.31,0,0,23.76,0
736.5,53.31,0,0,23.76,0
737.234,53.31,0,0,23.76,0
738,53.31,0,0,23.76,0
738.75,53.31,0,0,23.76,0
739.5,53.31,0,0,23.76,0
740.25,53.31,0,0,23.76,0
741,53.31,0,0,23.76,0
741.734,53.31,0,0,23.76,0
742.484,53.31,0,0,23.76,0
743.25,53.31,0,0,23.76,0
744,53.31,0,0,23.76,0
744.75,53.31,0,0,23.76,0
745.484,53.32,0,0,23.76,0
746.25,53.32,0,0,23.76,0
746.984,53.32,0,0,23.76,0
747.734,53.32,0,0,23.76,0
748.5,53.32,0,0,23.76,0
749.25,53.32,0,0,23.76,0
750,53.32,0,0,23.76,0
750.75,53.32,0,0,23.76,0
751.484,53.32,0,0,23.76,0
752.234,53.32,0,0,23.76,0
752.984,53.32,0,0,23.76,0
753.75,53.32,0,0,23.76,0
754.5,53.32,0,0,23.76,0
755.234,53.32,0,0,23.76,0
755.984,53.32,0,0,23.76,0
756.75,53.32,0,0,23.76,0
757.5,53.32,0,0,23.76,0
758.234,53.32,0,0,23.76,0
758.984,53.32,0,0,23.76,0
759.734,53.32,0,0,23.76,0
760.5,53.32,0,0,23.76,0
761.234,53.32,0,0,23.76,0
761.984,53.32,0,0,23.76,0
762.734,53.32,0,0,23.76,0
763.5,53.32,0,0,23.76,0
764.234,53.32,0,0,23.76,0
765,53.32,0,0,23.76,0
765.75,53.32,0,0,23.76,0
766.484,53.32,0,0,23.76,0
767.25,53.32,0,0,23.76,0
768,53.32,0,0,23.76,0
768.734,53.32,0,0,23.76,0
769.5,53.32,0,0,23.76,0
770.25,53.32,0,0,23.76,0
771,53.32,0,0,23.76,0
771.75,53.32,0,0,23.76,0
772.5,53.32,0,0,23.76,0
773.25,53.32,0,0,23.76,0
774,53.32,0,0,23.76,0
774.734,53.32,0,0,23.76,0
775.5,53.32,0,0,23.76,0
776.25,53.32,0,0,23.76,0
776.984,53.32,0,0,23.76,0
777.734,53.32,0,0,23.76,0
778.484,53.32,0,0,23.76,0
779.234,53.32,0,0,23.76,0
779.984,53.32,0,0,23.76,0
780.75,53.32,0,0,23.76,0
781.5,53.32,0,0,23.76,0
782.25,53.32,0,0,23.76,0
783,53.32,0,0,23.76,0
783.734,53.32,0,0,23.76,0
784.484,47.75,24,1145.88,24.19,1
785.234,48.93,17.46,854.38,24.98,1
786,50.19,11.59,581.6,25.52,1
786.75,52.83,0,0,25.8,0
787.484,52.97,0,0,25.8,0
788.25,53.04,0,0,25.8,0
789,53.08,0,0,25.8,0
789.734,53.11,0,0,25.8,0
790.5,53.13,0,0,25.8,0
791.25,53.15,0,0,25.8,0
792,53.16,0,0,25.8,0
792.75,53.17,0,0,25.8,0
793.5,53.18,0,0,25.8,0
794.25,53.19,0,0,25.8,0
795,53.2,0,0,25.8,0
795.734,53.21,0,0,25.8,0
796.5,53.21,0,0,25.8,0
797.25,53.22,0,0,25.8,0
797.984,53.22,0,0,25.8,0
798.75,53.23,0,0,25.8,0
799.484,53.23,0,0,25.8,0
800.234,53.23,0,0,25.8,0
800.984,53.24,0,0,25.8,0
801.75,53.24,0,0,25.8,0
802.5,53.24,0,0,25.8,0
803.25,53.25,0,0,25.8,0
804,53.25,0,0,25.8,0
804.75,53.25,0,0,25.8,0
805.484,53.25,0,0,25.8,0
806.25,53.26,0,0,25.8,0
806.984,53.26,0,0,25.8,0
807.734,53.26,0,0,25.8,0
808.484,53.26,0,0,25.8,0
809.25,53.26,0,0,25.8,0
810,53.27,0,0,25.8,0
810.734,53.27,0,0,25.8,0
811.5,53.27,0,0,25.8,0
812.25,53.27,0,0,25.8,0
813,53.27,0,0,25.8,0
813.75,53.27,0,0,25.8,0
814.5,53.27,0,0,25.8,0
815.25,53.27,0,0,25.8,0
815.984,53.27,0,0,25.8,0
816.734,53.27,0,0,25.8,0
817.5,53.27,0,0,25.8,0
818.234,53.27,0,0,25.8,0
819,53.28,0,0,25.8,0
819.75,53.28,0,0,25.8,0
820.5,53.28,0,0,25.8,0
821.234,53.28,0,0,25.8,0
821.984,53.28,0,0,25.8,0
822.734,53.28,0,0,25.8,0
823.5,53.28,0,0,25.8,0
824.25,53.28,0,0,25.8,0
825,53.28,0,0,25.8,0
825.75,53.28,0,0,25.8,0
826.5,53.28,0,0,25.8,0
827.25,53.28,0,0,25.8,0
827.984,53.28,0,0,25.8,0
828.75,53.28,0,0,25.8,0
829.5,53.28,0,0,25.8,0
830.234,53.29,0,0,25.8,0
831,53.29,0,0,25.8,0
831.734,53.29,0,0,25.8,0
832.5,53.29,0,0,25.8,0
833.25,53.29,0,0,25.8,0
834,53.29,0,0,25.8,0
834.75,53.29,0,0,25.8,0
835.5,53.29,0,0,25.8,0
836.25,53.29,0,0,25.8,0
837,53.29,0,0,25.8,0
837.75,53.29,0,0,25.8,0
838.484,53.29,0,0,25.8,0
839.234,53.29,0,0,25.8,0
840,53.29,0,0,25.8,0
840.734,53.29,0,0,25.8,0
841.5,53.29,0,0,25.8,0
842.234,49.26,17.77,875.49,26.03,1
842.984,49.96,13.34,666.31,26.66,1
843.734,50.87,8.98,457.02,27.08,1
844.484,53.02,0,0,27.09,0
845.234,53.08,0,0,27.09,0
845.984,53.12,0,0,27.09,0
846.734,53.14,0,0,27.09,0
847.484,53.16,0,0,27.09,0
848.234,53.17,0,0,27.09,0
849,53.19,0,0,27.09,0
849.75,53.19,0,0,27.09,0
850.5,53.2,0,0,27.09,0
851.234,53.21,0,0,27.09,0
852,53.21,0,0,27.09,0
852.734,53.22,0,0,27.09,0
853.5,53.22,0,0,27.09,0
854.25,53.23,0,0,27.09,0
854.984,53.23,0,0,27.09,0
855.734,53.23,0,0,27.09,0
856.5,53.23,0,0,27.09,0
857.25,53.24,0,0,27.09,0
857.984,53.24,0,0,27.09,0
858.75,53.24,0,0,27.09,0
859.5,53.24,0,0,27.09,0
860.25,53.25,0,0,27.09,0
860.984,53.25,0,0,27.09,0
861.734,53.25,0,0,27.09,0
862.484,53.25,0,0,27.09,0
863.234,53.25,0,0,27.09,0
864,53.25,0,0,27.09,0
864.75,53.26,0,0,27.09,0
865.5,53.26,0,0,27.09,0
866.234,53.26,0,0,27.09,0
867,53.26,0,0,27.09,0
867.734,53.26,0,0,27.09,0
868.5,53.26,0,0,27.09,0
869.25,53.26,0,0,27.09,0
869.984,53.26,0,0,27.09,0
870.734,53.26,0,0,27.09,0
871.484,53.27,0,0,27.09,0
872.25,53.27,0,0,27.09,0
872.984,53.27,0,0,27.09,0
873.75,53.27,0,0,27.09,0
874.5,53.27,0,0,27.09,0
875.234,53.27,0,0,27.09,0
876,53.27,0,0,27.09,0
876.75,53.27,0,0,27.09,0
877.5,53.27,0,0,27.09,0
878.234,53.27,0,0,27.09,0
878.984,53.27,0,0,27.09,0
879.734,53.27,0,0,27.09,0
880.5,53.27,0,0,27.09,0
881.234,53.27,0,0,27.09,0
882,53.27,0,0,27.09,0
882.75,53.27,0,0,27.09,0
883.5,53.27,0,0,27.09,0
884.234,53.27,0,0,27.09,0
884.984,53.27,0,0,27.09,0
885.75,53.27,0,0,27.09,0
886.5,53.27,0,0,27.09,0
887.25,53.27,0,0,27.09,0
888,53.27,0,0,27.09,0
888.734,53.27,0,0,27.09,0
889.484,52.75,0.13,6.7,27.09,1
890.234,48.26,21.84,1053.92,27.51,1
891,49.81,13.69,681.79,28.16,1
891.75,50.82,8.83,448.95,28.58,1
892.484,52.94,0,0,28.65,0
893.25,53.02,0,0,28.65,0
894,53.07,0,0,28.65,0
894.75,53.1,0,0,28.65,0
895.5,53.12,0,0,28.65,0
896.25,53.13,0,0,28.65,0
897,53.15,0,0,28.65,0
897.734,53.16,0,0,28.65,0
898.5,53.17,0,0,28.65,0
899.25,53.17,0,0,28.65,0
900,53.18,0,0,28.65,0
900.734,53.19,0,0,28.65,0
901.5,53.19,0,0,28.65,0
902.234,53.2,0,0,28.65,0
902.984,53.2,0,0,28.65,0
903.75,53.2,0,0,28.65,0
904.484,53.21,0,0,28.65,0
905.234,53.21,0,0,28.65,0
906,53.21,0,0,28.65,0
906.734,53.21,0,0,28.65,0
907.5,53.22,0,0,28.65,0
908.234,53.22,0,0,28.65,0
909,53.22,0,0,28.65,0
909.75,53.23,0,0,28.65,0
910.484,53.23,0,0,28.65,0
911.25,53.23,0,0,28.65,0
912,53.23,0,0,28.65,0
912.75,53.23,0,0,28.65,0
913.5,53.23,0,0,28.65,0
914.25,53.23,0,0,28.65,0
914.984,53.24,0,0,28.65,0
915.734,53.24,0,0,28.65,0
916.5,53.24,0,0,28.65,0
917.25,53.24,0,0,28.65,0
918,53.24,0,0,28.65,0
918.75,53.24,0,0,28.65,0
919.484,53.24,0,0,28.65,0
920.25,52.46,3.35,175.86,28.68,1
921,48.39,20.73,1002.97,29.29,1
921.75,49.73,13.97,694.74,29.91,1
922.5,52.84,0,0,30.18,0
923.25,52.96,0,0,30.18,0
924,53.02,0,0,30.18,0
924.734,53.06,0,0,30.18,0
925.5,53.08,0,0,30.18,0
926.25,53.1,0,0,30.18,0
927,53.11,0,0,30.18,0
927.734,53.13,0,0,30.18,0
928.5,53.14,0,0,30.18,0
929.234,53.15,0,0,30.18,0
929.984,53.15,0,0,30.18,0
930.75,53.16,0,0,30.18,0
931.484,53.16,0,0,30.18,0
932.234,53.17,0,0,30.18,0
933,53.17,0,0,30.18,0
933.75,53.18,0,0,30.18,0
934.5,53.18,0,0,30.18,0
935.25,53.19,0,0,30.18,0
936,53.19,0,0,30.18,0
936.734,53.19,0,0,30.18,0
937.484,53.2,0,0,30.18,0
938.25,53.2,0,0,30.18,0
939,53.2,0,0,30.18,0
939.75,53.2,0,0,30.18,0
940.5,53.21,0,0,30.18,0
941.25,53.21,0,0,30.18,0
942,53.21,0,0,30.18,0
942.75,53.21,0,0,30.18,0
943.484,53.21,0,0,30.18,0
944.234,53.21,0,0,30.18,0
945,53.21,0,0,30.18,0
945.75,53.22,0,0,30.18,0
946.5,53.22,0,0,30.18,0
947.25,53.22,0,0,30.18,0
947.984,53.22,0,0,30.18,0
948.734,53.22,0,0,30.18,0
949.484,53.22,0,0,30.18,0
950.25,53.22,0,0,30.18,0
950.984,53.22,0,0,30.18,0
951.75,53.22,0,0,30.18,0
952.484,53.22,0,0,30.18,0
953.25,53.23,0,0,30.18,0
954,53.23,0,0,30.18,0
954.75,53.23,0,0,30.18,0
955.484,53.23,0,0,30.18,0
956.234,53.23,0,0,30.18,0
957,53.23,0,0,30.18,0
957.75,53.23,0,0,30.18,0
958.484,53.23,0,0,30.18,0
959.234,53.23,0,0,30.18,0
959.984,53.23,0,0,30.18,0
960.75,53.23,0,0,30.18,0
961.5,53.23,0,0,30.18,0
962.25,53.23,0,0,30.18,0
962.984,53.23,0,0,30.18,0
963.75,53.23,0,0,30.18,0
964.484,53.24,0,0,30.18,0
965.234,53.24,0,0,30.18,0
966,53.24,0,0,30.18,0
966.75,53.24,0,0,30.18,0
967.5,53.24,0,0,30.18,0
968.25,53.24,0,0,30.18,0
969,53.24,0,0,30.18,0
969.75,53.24,0,0,30.18,0
970.484,53.24,0,0,30.18,0
971.234,53.24,0,0,30.18,0
972,53.24,0,0,30.18,0
972.734,53.24,0,0,30.18,0
973.5,53.24,0,0,30.18,0
974.234,53.24,0,0,30.18,0
975,53.24,0,0,30.18,0
975.75,48.17,22.32,1075.2,30.56,1
976.5,49.24,16.39,807.27,31.29,1
977.25,50.45,10.52,530.87,31.78,1
978,52.91,0,0,31.79,0
978.734,52.99,0,0,31.79,0
979.484,53.03,0,0,31.79,0
980.234,53.06,0,0,31.79,0
981,53.08,0,0,31.79,0
981.734,53.1,0,0,31.79,0
982.5,53.11,0,0,31.79,0
983.25,53.12,0,0,31.79,0
983.984,53.13,0,0,31.79,0
984.734,53.14,0,0,31.79,0
985.5,53.15,0,0,31.79,0
986.25,53.15,0,0,31.79,0
986.984,53.16,0,0,31.79,0
987.734,53.16,0,0,31.79,0
988.5,53.16,0,0,31.79,0
989.25,53.17,0,0,31.79,0
989.984,53.17,0,0,31.79,0
990.75,53.18,0,0,31.79,0
991.5,53.18,0,0,31.79,0
992.25,53.18,0,0,31.79,0
993,53.18,0,0,31.79,0
993.734,53.19,0,0,31.79,0
994.5,53.19,0,0,31.79,0
995.234,53.19,0,0,31.79,0
995.984,53.19,0,0,31.79,0
996.75,53.2,0,0,31.79,0
997.5,53.2,0,0,31.79,0
998.25,53.2,0,0,31.79,0
998.984,53.2,0,0,31.79,0
999.734,53.2,0,0,31.79,0
1000.484,53.2,0,0,31.79,0
1001.234,53.2,0,0,31.79,0
1001.984,53.21,0,0,31.79,0
1002.734,53.21,0,0,31.79,0
1003.5,53.21,0,0,31.79,0
1004.25,53.21,0,0,31.79,0
1004.984,53.21,0,0,31.79,0
1005.75,53.21,0,0,31.79,0
1006.5,53.21,0,0,31.79,0
1007.25,53.21,0,0,31.79,0
1007.984,53.21,0,0,31.79,0
1008.75,53.21,0,0,31.79,0
1009.484,53.21,0,0,31.79,0
1010.234,53.21,0,0,31.79,0
1010.984,53.21,0,0,31.79,0
1011.75,53.22,0,0,31.79,0
1012.5,53.22,0,0,31.79,0
1013.25,53.22,0,0,31.79,0
1013.984,53.22,0,0,31.79,0
1014.734,53.22,0,0,31.79,0
1015.5,53.22,0,0,31.79,0
1016.25,53.22,0,0,31.79,0
1017,53.22,0,0,31.79,0
1017.734,53.22,0,0,31.79,0
1018.5,53.22,0,0,31.79,0
1019.234,53.22,0,0,31.79,0
1020,53.22,0,0,31.79,0
1020.734,53.22,0,0,31.79,0
1021.484,53.22,0,0,31.79,0
1022.234,53.22,0,0,31.79,0
1023,53.22,0,0,31.79,0
1023.734,53.22,0,0,31.79,0
1024.5,53.22,0,0,31.79,0
1025.234,53.22,0,0,31.79,0
1026,53.22,0,0,31.79,0
1026.75,53.22,0,0,31.79,0
1027.484,53.22,0,0,31.79,0
1028.25,53.23,0,0,31.79,0
1029,53.23,0,0,31.79,0
1029.75,53.23,0,0,31.79,0
1030.484,53.23,0,0,31.79,0
1031.234,53.23,0,0,31.79,0
1032,53.23,0,0,31.79,0
1032.734,53.23,0,0,31.79,0
1033.484,53.23,0,0,31.79,0
1034.25,53.23,0,0,31.79,0
1034.984,53.23,0,0,31.79,0
1035.734,53.23,0,0,31.79,0
1036.484,53.23,0,0,31.79,0
1037.25,53.23,0,0,31.79,0
1037.984,53.23,0,0,31.79,0
1038.75,53.23,0,0,31.79,0
1039.5,53.23,0,0,31.79,0
1040.234,53.23,0,0,31.79,0
1041,53.23,0,0,31.79,0
1041.75,53.23,0,0,31.79,0
1042.5,53.23,0,0,31.79,0
1043.234,53.23,0,0,31.79,0
1044,53.23,0,0,31.79,0
1044.734,53.23,0,0,31.79,0
1045.5,53.23,0,0,31.79,0
1046.234,53.23,0,0,31.79,0
1046.984,53.23,0,0,31.79,0
1047.734,53.23,0,0,31.79,0
1048.484,53.23,0,0,31.79,0
1049.234,53.23,0,0,31.79,0
1049.984,53.23,0,0,31.79,0
1050.75,53.23,0,0,31.79,0
1051.5,53.23,0,0,31.79,0
1052.234,53.23,0,0,31.79,0
1053,53.23,0,0,31.79,0
1053.734,53.23,0,0,31.79,0
1054.5,53.23,0,0,31.79,0
1055.234,52.4,3.67,192.34,31.81,1
1056,48.7,19.46,947.84,32.43,1
1056.75,50.09,12.34,618.09,33,1
1057.484,50.98,8.17,416.55,33.36,1
1058.234,52.92,0,0,33.39,0
1058.984,52.99,0,0,33.39,0
1059.75,53.03,0,0,33.39,0
1060.5,53.06,0,0,33.39,0
1061.25,53.08,0,0,33.39,0
1062,53.09,0,0,33.39,0
1062.75,53.11,0,0,33.39,0
1063.484,53.11,0,0,33.39,0
1064.25,53.12,0,0,33.39,0
1065,53.13,0,0,33.39,0
1065.75,53.14,0,0,33.39,0
1066.484,53.14,0,0,33.39,0
1067.25,53.15,0,0,33.39,0
1067.984,53.15,0,0,33.39,0
1068.75,53.16,0,0,33.39,0
1069.5,53.16,0,0,33.39,0
1070.234,53.16,0,0,33.39,0
1071,53.17,0,0,33.39,0
1071.75,53.17,0,0,33.39,0
1072.5,53.17,0,0,33.39,0
1073.234,53.18,0,0,33.39,0
1074,53.18,0,0,33.39,0
1074.734,53.18,0,0,33.39,0
1075.5,53.18,0,0,33.39,0
1076.25,53.18,0,0,33.39,0
1077,53.19,0,0,33.39,0
1077.734,53.19,0,0,33.39,0
1078.484,53.19,0,0,33.39,0
1079.25,53.19,0,0,33.39,0
1079.984,53.19,0,0,33.39,0
1080.75,53.19,0,0,33.39,0
1081.5,53.19,0,0,33.39,0
1082.25,53.2,0,0,33.39,0
1082.984,53.2,0,0,33.39,0
1083.75,53.2,0,0,33.39,0
1084.484,53.2,0,0,33.39,0
1085.25,53.2,0,0,33.39,0
1086,53.2,0,0,33.39,0
1086.75,53.2,0,0,33.39,0
1087.5,53.2,0,0,33.39,0
1088.234,53.2,0,0,33.39,0
1088.984,53.2,0,0,33.39,0
1089.734,53.2,0,0,33.39,0
1090.484,53.2,0,0,33.39,0
1091.234,53.2,0,0,33.39,0
1091.984,53.21,0,0,33.39,0
1092.75,53.21,0,0,33.39,0
1093.5,53.21,0,0,33.39,0
1094.234,53.21,0,0,33.39,0
1095,53.21,0,0,33.39,0
1095.75,53.21,0,0,33.39,0
1096.484,53.21,0,0,33.39,0
1097.234,53.21,0,0,33.39,0
1098,53.21,0,0,33.39,0
1098.75,53.21,0,0,33.39,0
1099.484,53.21,0,0,33.39,0
1100.25,53.21,0,0,33.39,0
1100.984,53.21,0,0,33.39,0
1101.75,53.21,0,0,33.39,0
1102.5,53.21,0,0,33.39,0
1103.234,53.21,0,0,33.39,0
1103.984,53.21,0,0,33.39,0
1104.75,53.21,0,0,33.39,0
1105.484,53.21,0,0,33.39,0
1106.234,53.21,0,0,33.39,0
1106.984,53.21,0,0,33.39,0
1107.734,53.21,0,0,33.39,0
1108.484,53.21,0,0,33.39,0
1109.25,53.21,0,0,33.39,0
1110,53.21,0,0,33.39,0
1110.734,53.21,0,0,33.39,0
1111.484,53.22,0,0,33.39,0
1112.25,53.21,0,0,33.39,0
1112.984,53.22,0,0,33.39,0
1113.75,53.22,0,0,33.39,0
1114.484,53.22,0,0,33.39,0
1115.234,53.22,0,0,33.39,0
1116,53.22,0,0,33.39,0
1116.734,53.22,0,0,33.39,0
1117.5,53.22,0,0,33.39,0
1118.234,53.22,0,0,33.39,0
1119,53.22,0,0,33.39,0
1119.75,53.22,0,0,33.39,0
1120.484,53.22,0,0,33.39,0
1121.25,53.22,0,0,33.39,0
1121.984,53.22,0,0,33.39,0
1122.734,53.22,0,0,33.39,0
1123.5,53.22,0,0,33.39,0
1124.25,53.22,0,0,33.39,0
1125,53.22,0,0,33.39,0
1125.734,53.22,0,0,33.39,0
1126.484,53.22,0,0,33.39,0
1127.234,53.22,0,0,33.39,0
1127.984,53.22,0,0,33.39,0
1128.734,53.22,0,0,33.39,0
1129.5,53.22,0,0,33.39,0
1130.25,53.22,0,0,33.39,0
1131,53.22,0,0,33.39,0
1131.734,53.22,0,0,33.39,0
1132.484,53.22,0,0,33.39,0
1133.234,53.22,0,0,33.39,0
1134,53.22,0,0,33.39,0
1134.734,53.22,0,0,33.39,0
1135.5,53.22,0,0,33.39,0
1136.25,53.22,0,0,33.39,0
1137,53.22,0,0,33.39,0
1137.734,53.22,0,0,33.39,0
1138.5,53.22,0,0,33.39,0
1139.234,53.22,0,0,33.39,0
1140,53.22,0,0,33.39,0
1140.734,53.22,0,0,33.39,0
1141.5,53.22,0,0,33.39,0
1142.25,53.22,0,0,33.39,0
1143,53.22,0,0,33.39,0
1143.734,53.22,0,0,33.39,0
1144.5,53.22,0,0,33.39,0
1145.25,47.81,24.11,1152.85,33.8,1
1146,48.53,19.4,941.48,34.65,1
1146.734,49.78,13.26,660.26,35.21,1
1147.5,52.85,0,0,35.21,0
1148.25,52.94,0,0,35.21,0
1149,52.98,0,0,35.21,0
1149.734,53.01,0,0,35.21,0
1150.5,53.04,0,0,35.21,0
1151.25,53.06,0,0,35.21,0
1152,53.07,0,0,35.21,0
1152.734,53.08,0,0,35.21,0
1153.484,53.09,0,0,35.21,0
1154.25,53.1,0,0,35.21,0
1155,53.11,0,0,35.21,0
1155.75,53.12,0,0,35.21,0
1156.484,53.12,0,0,35.21,0
1157.25,53.13,0,0,35.21,0
1157.984,53.13,0,0,35.21,0
1158.75,53.14,0,0,35.21,0
1159.5,53.14,0,0,35.21,0
1160.25,53.15,0,0,35.21,0
1160.984,53.15,0,0,35.21,0
1161.734,53.15,0,0,35.21,0
1162.484,53.16,0,0,35.21,0
1163.234,53.16,0,0,35.21,0
1164,53.16,0,0,35.21,0
1164.75,53.16,0,0,35.21,0
1165.5,53.16,0,0,35.21,0
1166.234,53.17,0,0,35.21,0
1166.984,53.17,0,0,35.21,0
1167.75,53.17,0,0,35.21,0
1168.5,53.17,0,0,35.21,0
1169.25,53.17,0,0,35.21,0
1169.984,53.17,0,0,35.21,0
1170.75,53.18,0,0,35.21,0
1171.5,53.18,0,0,35.21,0
1172.25,53.18,0,0,35.21,0
1173,53.18,0,0,35.21,0
1173.75,53.18,0,0,35.21,0
1174.484,53.18,0,0,35.21,0
1175.25,53.18,0,0,35.21,0
1176,53.18,0,0,35.21,0
1176.734,53.18,0,0,35.21,0
1177.5,53.19,0,0,35.21,0
1178.25,53.19,0,0,35.21,0
1179,53.19,0,0,35.21,0
1179.75,53.19,0,0,35.21,0
1180.484,53.19,0,0,35.21,0
1181.234,53.19,0,0,35.21,0
1182,53.19,0,0,35.21,0
1182.75,53.19,0,0,35.21,0
1183.5,53.19,0,0,35.21,0
1184.234,53.19,0,0,35.21,0
1184.984,53.19,0,0,35.21,0
1185.734,53.19,0,0,35.21,0
1186.5,53.19,0,0,35.21,0
1187.25,53.19,0,0,35.21,0
1188,53.19,0,0,35.21,0
1188.734,53.19,0,0,35.21,0
1189.5,53.2,0,0,35.21,0
1190.234,53.2,0,0,35.21,0
1191,53.2,0,0,35.21,0
1191.75,53.2,0,0,35.21,0
1192.5,53.2,0,0,35.21,0
1193.25,53.2,0,0,35.21,0
1193.984,53.2,0,0,35.21,0
1194.75,53.2,0,0,35.21,0
1195.5,53.2,0,0,35.21,0
1196.234,53.2,0,0,35.21,0
1196.984,53.2,0,0,35.21,0
1197.734,53.2,0,0,35.21,0
1198.484,53.2,0,0,35.21,0
1199.234,53.2,0,0,35.21,0
1200,53.2,0,0,35.21,0
1200.734,53.2,0,0,35.21,0
1201.484,53.2,0,0,35.21,0
1202.25,53.2,0,0,35.21,0
1203,53.2,0,0,35.21,0
1203.734,51.32,4.06,208.29,35.21,1
1204.5,48.3,21.78,1051.76,35.69,1
1205.25,49.71,14.17,704.21,36.33,1
1206,52.76,0,0,36.71,0
1206.75,52.91,0,0,36.71,0
1207.5,52.98,0,0,36.71,0
1208.25,53.01,0,0,36.71,0
1209,53.04,0,0,36.71,0
1209.75,53.06,0,0,36.71,0
1210.5,53.07,0,0,36.71,0
1211.25,53.08,0,0,36.71,0
1212,53.09,0,0,36.71,0
1212.75,53.1,0,0,36.71,0
1213.5,53.11,0,0,36.71,0
1214.234,53.11,0,0,36.71,0
1214.984,53.12,0,0,36.71,0
1215.75,53.12,0,0,36.71,0
1216.484,53.13,0,0,36.71,0
1217.234,53.13,0,0,36.71,0
1217.984,53.14,0,0,36.71,0
1218.75,53.14,0,0,36.71,0
1219.484,53.14,0,0,36.71,0
1220.25,53.14,0,0,36.71,0
1221,53.15,0,0,36.71,0
1221.75,53.15,0,0,36.71,0
1222.5,53.15,0,0,36.71,0
1223.25,53.16,0,0,36.71,0
1224,53.16,0,0,36.71,0
1224.75,53.16,0,0,36.71,0
1225.484,53.16,0,0,36.71,0
1226.234,53.16,0,0,36.71,0
1227,53.16,0,0,36.71,0
1227.75,53.16,0,0,36.71,0
1228.5,53.16,0,0,36.71,0
1229.234,53.17,0,0,36.71,0
1229.984,53.17,0,0,36.71,0
1230.734,53.17,0,0,36.71,0
1231.484,53.17,0,0,36.71,0
1232.25,53.17,0,0,36.71,0
1232.984,53.17,0,0,36.71,0
1233.75,53.17,0,0,36.71,0
1234.5,53.17,0,0,36.71,0
1235.25,53.17,0,0,36.71,0
1236,53.17,0,0,36.71,0
1236.75,53.17,0,0,36.71,0
1237.5,53.18,0,0,36.71,0
1238.25,53.18,0,0,36.71,0
1239,53.18,0,0,36.71,0
1239.734,53.18,0,0,36.71,0
1240.5,53.18,0,0,36.71,0
1241.234,53.18,0,0,36.71,0
1241.984,53.18,0,0,36.71,0
1242.734,53.18,0,0,36.71,0
1243.484,53.18,0,0,36.71,0
1244.25,53.18,0,0,36.71,0
1245,53.18,0,0,36.71,0
1245.75,53.18,0,0,36.71,0
1246.5,53.18,0,0,36.71,0
1247.234,53.18,0,0,36.71,0
1248,53.18,0,0,36.71,0
1248.75,53.18,0,0,36.71,0
1249.484,53.18,0,0,36.71,0
1250.25,53.19,0,0,36.71,0
1250.984,53.19,0,0,36.71,0
1251.75,53.19,0,0,36.71,0
1252.484,53.19,0,0,36.71,0
1253.25,53.19,0,0,36.71,0
1253.984,53.19,0,0,36.71,0
1254.734,53.19,0,0,36.71,0
1255.5,53.19,0,0,36.71,0
1256.25,53.19,0,0,36.71,0
1257,51.88,5.84,302.86,36.75,1
1257.75,48.55,20.02,971.99,37.4,1
1258.5,49.82,13.51,673.02,38,1
1259.25,50.82,9.07,460.79,38.41,1
1259.984,52.86,0,0,38.43,0
1260.75,52.93,0,0,38.43,0
1261.5,52.97,0,0,38.43,0
1262.234,53,0,0,38.43,0
1262.984,53.02,0,0,38.43,0
1263.75,53.04,0,0,38.43,0
1264.484,53.05,0,0,38.43,0
1265.234,53.06,0,0,38.43,0
1265.984,53.07,0,0,38.43,0
1266.75,53.08,0,0,38.43,0
1267.5,53.09,0,0,38.43,0
1268.234,53.1,0,0,38.43,0
1268.984,53.1,0,0,38.43,0
1269.734,53.11,0,0,38.43,0
1270.5,53.11,0,0,38.43,0
1271.25,53.11,0,0,38.43,0
1271.984,53.12,0,0,38.43,0
1272.734,53.12,0,0,38.43,0
1273.5,53.12,0,0,38.43,0
1274.25,53.13,0,0,38.43,0
1275,53.13,0,0,38.43,0
1275.75,53.13,0,0,38.43,0
1276.5,53.13,0,0,38.43,0
1277.234,53.14,0,0,38.43,0
1278,53.14,0,0,38.43,0
1278.75,53.14,0,0,38.43,0
1279.5,53.14,0,0,38.43,0
1280.25,53.14,0,0,38.43,0
1281,53.15,0,0,38.43,0
1281.734,53.15,0,0,38.43,0
1282.5,53.15,0,0,38.43,0
1283.234,53.15,0,0,38.43,0
1283.984,53.15,0,0,38.43,0
1284.734,53.15,0,0,38.43,0
1285.484,53.15,0,0,38.43,0
1286.234,53.16,0,0,38.43,0
1287,53.16,0,0,38.43,0
1287.75,53.16,0,0,38.43,0
1288.484,53.16,0,0,38.43,0
1289.234,53.16,0,0,38.43,0
1289.984,53.16,0,0,38.43,0
1290.75,53.16,0,0,38.43,0
1291.484,50.97,9.88,503.51,38.52,1
1292.234,48.43,20.55,995.43,39.25,1
1293,49.76,13.72,682.58,39.88,1
1293.75,50.8,8.83,448.67,40.29,1
1294.484,51.28,6.76,346.64,40.57,1
1295.25,52.81,0,0,40.62,0
1296,52.88,0,0,40.62,0
1296.75,52.92,0,0,40.62,0
1297.5,52.95,0,0,40.62,0
1298.25,52.97,0,0,40.62,0
1299,52.99,0,0,40.62,0
1299.734,53,0,0,40.62,0
1300.484,53.02,0,0,40.62,0
1301.25,53.03,0,0,40.62,0
1302,53.04,0,0,40.62,0
1302.75,53.05,0,0,40.62,0
1303.5,53.06,0,0,40.62,0
1304.25,53.06,0,0,40.62,0
1305,53.07,0,0,40.62,0
1305.75,53.07,0,0,40.62,0
1306.484,53.08,0,0,40.62,0
1307.234,53.08,0,0,40.62,0
1307.984,53.09,0,0,40.62,0
1308.734,53.09,0,0,40.62,0
1309.484,53.1,0,0,40.62,0
1310.234,53.1,0,0,40.62,0
1310.984,53.1,0,0,40.62,0
1311.75,53.1,0,0,40.62,0
1312.484,53.11,0,0,40.62,0
1313.234,53.11,0,0,40.62,0
1313.984,53.11,0,0,40.62,0
1314.75,53.11,0,0,40.62,0
1315.5,53.12,0,0,40.62,0
1316.25,53.12,0,0,40.62,0
1317,53.12,0,0,40.62,0
1317.734,53.12,0,0,40.62,0
1318.5,53.12,0,0,40.62,0
1319.25,53.13,0,0,40.62,0
1320,53.13,0,0,40.62,0
1320.75,53.13,0,0,40.62,0
1321.5,53.13,0,0,40.62,0
1322.234,53.13,0,0,40.62,0
1323,53.13,0,0,40.62,0
1323.75,53.13,0,0,40.62,0
1324.5,53.13,0,0,40.62,0
1325.25,53.14,0,0,40.62,0
1326,53.14,0,0,40.62,0
1326.734,53.14,0,0,40.62,0
1327.484,53.14,0,0,40.62,0
1328.25,53.14,0,0,40.62,0
1328.984,53.14,0,0,40.62,0
1329.734,53.14,0,0,40.62,0
1330.5,53.14,0,0,40.62,0
1331.234,53.14,0,0,40.62,0
1331.984,53.14,0,0,40.62,0
1332.734,53.14,0,0,40.62,0
1333.484,53.15,0,0,40.62,0
1334.25,53.15,0,0,40.62,0
1334.984,53.15,0,0,40.62,0
1335.734,53.15,0,0,40.62,0
1336.484,53.15,0,0,40.62,0
1337.25,53.15,0,0,40.62,0
1337.984,53.15,0,0,40.62,0
1338.75,53.15,0,0,40.62,0
1339.5,53.15,0,0,40.62,0
1340.25,53.15,0,0,40.62,0
1340.984,53.15,0,0,40.62,0
1341.75,53.15,0,0,40.62,0
1342.5,53.15,0,0,40.62,0
1343.234,53.15,0,0,40.62,0
1343.984,53.15,0,0,40.62,0
1344.734,53.15,0,0,40.62,0
1345.5,53.15,0,0,40.62,0
1346.234,53.15,0,0,40.62,0
1346.984,53.15,0,0,40.62,0
1347.75,53.15,0,0,40.62,0
1348.5,53.16,0,0,40.62,0
1349.234,53.16,0,0,40.62,0
1349.984,53.16,0,0,40.62,0
1350.734,53.16,0,0,40.62,0
1351.5,53.16,0,0,40.62,0
1352.25,53.16,0,0,40.62,0
1352.984,53.16,0,0,40.62,0
1353.75,53.16,0,0,40.62,0
1354.5,53.16,0,0,40.62,0
1355.234,53.16,0,0,40.62,0
1355.984,53.16,0,0,40.62,0
1356.734,53.16,0,0,40.62,0
1357.5,53.16,0,0,40.62,0
1358.25,53.16,0,0,40.62,0
1359,53.16,0,0,40.62,0
1359.75,53.16,0,0,40.62,0
1360.484,53.16,0,0,40.62,0
1361.25,53.16,0,0,40.62,0
1361.984,53.16,0,0,40.62,0
1362.75,53.16,0,0,40.62,0
1363.484,53.16,0,0,40.62,0
1364.25,53.16,0,0,40.62,0
1365,53.16,0,0,40.62,0
1365.75,53.16,0,0,40.62,0
1366.484,53.16,0,0,40.62,0
1367.234,53.16,0,0,40.62,0
1368,53.16,0,0,40.62,0
1368.734,53.16,0,0,40.62,0
1369.484,53.16,0,0,40.62,0
1370.234,53.16,0,0,40.62,0
1371,53.16,0,0,40.62,0
1371.75,53.16,0,0,40.62,0
1372.5,53.16,0,0,40.62,0
1373.25,53.16,0,0,40.62,0
1374,53.16,0,0,40.62,0
1374.734,53.16,0,0,40.62,0
1375.484,53.16,0,0,40.62,0
1376.234,53.16,0,0,40.62,0
1376.984,53.16,0,0,40.62,0
1377.734,53.16,0,0,40.62,0
1378.484,53.16,0,0,40.62,0
1379.25,53.16,0,0,40.62,0
1380,53.16,0,0,40.62,0
1380.75,53.16,0,0,40.62,0
1381.5,53.16,0,0,40.62,0
1382.25,53.16,0,0,40.62,0
1382.984,53.16,0,0,40.62,0
1383.734,53.16,0,0,40.62,0
1384.484,53.17,0,0,40.62,0
1385.25,53.16,0,0,40.62,0
1385.984,53.16,0,0,40.62,0
1386.75,53.17,0,0,40.62,0
1387.484,53.17,0,0,40.62,0
1388.25,53.16,0,0,40.62,0
1389,53.16,0,0,40.62,0
1389.75,53.16,0,0,40.62,0
1390.484,53.17,0,0,40.62,0
1391.234,53.17,0,0,40.62,0
1391.984,53.17,0,0,40.62,0
1392.75,53.17,0,0,40.62,0
1393.484,53.16,0,0,40.62,0
1394.25,53.17,0,0,40.62,0
1394.984,53.17,0,0,40.62,0
1395.75,53.17,0,0,40.62,0
1396.5,53.17,0,0,40.62,0
1397.234,53.17,0,0,40.62,0
1397.984,53.17,0,0,40.62,0
1398.75,53.17,0,0,40.62,0
1399.5,53.17,0,0,40.62,0
1400.25,53.17,0,0,40.62,0
1400.984,53.17,0,0,40.62,0
1401.734,53.17,0,0,40.62,0
1402.484,53.17,0,0,40.62,0
1403.25,53.17,0,0,40.62,0
1404,53.17,0,0,40.62,0
1404.75,53.17,0,0,40.62,0
1405.484,53.17,0,0,40.62,0
1406.25,53.17,0,0,40.62,0
1406.984,53.17,0,0,40.62,0
1407.734,53.17,0,0,40.62,0
1408.484,53.17,0,0,40.62,0
1409.25,53.17,0,0,40.62,0
1410,53.17,0,0,40.62,0
1410.734,53.17,0,0,40.62,0
1411.484,53.17,0,0,40.62,0
1412.234,53.17,0,0,40.62,0
1413,53.17,0,0,40.62,0
1413.75,53.17,0,0,40.62,0
1414.5,53.17,0,0,40.62,0
1415.25,53.17,0,0,40.62,0
1416,53.17,0,0,40.62,0
1416.75,53.17,0,0,40.62,0
1417.484,53.17,0,0,40.62,0
1418.234,53.17,0,0,40.62,0
1418.984,53.17,0,0,40.62,0
1419.734,53.17,0,0,40.62,0
1420.5,53.17,0,0,40.62,0
1421.25,53.17,0,0,40.62,0
1422,53.17,0,0,40.62,0
1422.734,53.17,0,0,40.62,0
1423.484,53.17,0,0,40.62,0
1424.234,53.17,0,0,40.62,0
1425,53.17,0,0,40.62,0
1425.75,53.17,0,0,40.62,0
1426.484,53.17,0,0,40.62,0
1427.234,53.17,0,0,40.62,0
1428,53.17,0,0,40.62,0
1428.75,53.17,0,0,40.62,0
1429.5,53.17,0,0,40.62,0
1430.25,53.17,0,0,40.62,0
1431,53.17,0,0,40.62,0
1431.734,53.17,0,0,40.62,0
1432.5,53.17,0,0,40.62,0
1433.25,53.17,0,0,40.62,0
1434,53.17,0,0,40.62,0
1434.75,53.17,0,0,40.62,0
1435.5,53.17,0,0,40.62,0
1436.234,53.17,0,0,40.62,0
1437,53.17,0,0,40.62,0
1437.75,53.18,0,0,40.62,0
1438.484,53.18,0,0,40.62,0
1439.25,53.18,0,0,40.62,0
1440,53.18,0,0,40.62,0
1440.734,53.18,0,0,40.62,0
1441.484,53.18,0,0,40.62,0
1442.25,53.18,0,0,40.62,0
1443,53.18,0,0,40.62,0
1443.75,53.18,0,0,40.62,0
1444.5,53.18,0,0,40.62,0
1445.25,53.19,0,0,40.62,0
1446,53.19,0,0,40.62,0
1446.75,53.19,0,0,40.62,0
1447.484,53.19,0,0,40.62,0
1448.25,53.19,0,0,40.62,0
1448.984,53.19,0,0,40.62,0
1449.75,53.19,0,0,40.62,0
1450.484,53.19,0,0,40.62,0
1451.25,53.19,0,0,40.62,0
1451.984,53.19,0,0,40.62,0
1452.734,53.19,0,0,40.62,0
1453.484,53.19,0,0,40.62,0
1454.25,53.19,0,0,40.62,0
1455,53.19,0,0,40.62,0
1455.75,53.19,0,0,40.62,0
1456.5,53.19,0,0,40.62,0
1457.25,53.19,0,0,40.62,0
1457.984,53.19,0,0,40.62,0
1458.75,53.19,0,0,40.62,0
1459.484,53.19,0,0,40.62,0
1460.25,53.19,0,0,40.62,0
1460.984,53.19,0,0,40.62,0
1461.75,53.19,0,0,40.62,0
1462.484,53.19,0,0,40.62,0
1463.25,53.19,0,0,40.62,0
1463.984,53.19,0,0,40.62,0
1464.75,53.19,0,0,40.62,0
1465.5,53.19,0,0,40.62,0
1466.234,53.19,0,0,40.62,0
1466.984,53.19,0,0,40.62,0
1467.75,53.19,0,0,40.62,0
1468.5,53.19,0,0,40.62,0
1469.234,53.19,0,0,40.62,0
1469.984,53.19,0,0,40.62,0
1470.75,53.19,0,0,40.62,0
1471.484,53.19,0,0,40.62,0
1472.234,53.19,0,0,40.62,0
1472.984,53.19,0,0,40.62,0
1473.75,53.19,0,0,40.62,0
1474.5,53.19,0,0,40.62,0
1475.25,53.19,0,0,40.62,0
1476,53.19,0,0,40.62,0
1476.75,53.19,0,0,40.62,0
1477.484,53.19,0,0,40.62,0
1478.234,53.19,0,0,40.62,0
1478.984,53.19,0,0,40.62,0
1479.734,53.19,0,0,40.62,0
1480.5,53.19,0,0,40.62,0
1481.25,53.19,0,0,40.62,0
1481.984,53.19,0,0,40.62,0
1482.734,53.19,0,0,40.62,0
1483.484,53.19,0,0,40.62,0
1484.25,53.19,0,0,40.62,0
1484.984,53.19,0,0,40.62,0
1485.75,53.19,0,0,40.62,0
1486.484,53.19,0,0,40.62,0
1487.25,53.19,0,0,40.62,0
1488,53.19,0,0,40.62,0
1488.75,53.19,0,0,40.62,0
1489.484,53.19,0,0,40.62,0
1490.25,53.19,0,0,40.62,0
1491,53.19,0,0,40.62,0
1491.75,53.19,0,0,40.62,0
1492.484,53.19,0,0,40.62,0
1493.25,53.19,0,0,40.62,0
1494,53.19,0,0,40.62,0
1494.734,53.19,0,0,40.62,0
1495.484,53.19,0,0,40.62,0
1496.25,53.19,0,0,40.62,0
1496.984,53.19,0,0,40.62,0
1497.75,53.19,0,0,40.62,0
1498.5,53.19,0,0,40.62,0
1499.234,53.19,0,0,40.62,0
1500,53.19,0,0,40.62,0
1500.734,53.19,0,0,40.62,0
1501.5,53.19,0,0,40.62,0
1502.25,53.19,0,0,40.62,0
1502.984,53.19,0,0,40.62,0
1503.734,53.19,0,0,40.62,0
1504.5,53.19,0,0,40.62,0
1505.234,53.19,0,0,40.62,0
1506,53.19,0,0,40.62,0
1506.75,53.19,0,0,40.62,0
1507.5,53.19,0,0,40.62,0
1508.25,53.19,0,0,40.62,0
1509,53.19,0,0,40.62,0
1509.734,53.19,0,0,40.62,0
1510.5,53.19,0,0,40.62,0
1511.234,53.19,0,0,40.62,0
1512,53.19,0,0,40.62,0
1512.75,53.19,0,0,40.62,0
1513.484,53.19,0,0,40.62,0
1514.25,53.19,0,0,40.62,0
1515,53.19,0,0,40.62,0
1515.75,53.19,0,0,40.62,0
1516.5,53.19,0,0,40.62,0
1517.234,53.19,0,0,40.62,0
1517.984,53.19,0,0,40.62,0
1518.75,53.2,0,0,40.62,0
1519.484,53.19,0,0,40.62,0
1520.234,53.19,0,0,40.62,0
1520.984,53.19,0,0,40.62,0
1521.75,53.19,0,0,40.62,0
1522.5,53.19,0,0,40.62,0
1523.234,53.19,0,0,40.62,0
1524,53.19,0,0,40.62,0
1524.75,53.2,0,0,40.62,0
1525.484,53.19,0,0,40.62,0
1526.25,53.19,0,0,40.62,0
1527,53.19,0,0,40.62,0
1527.75,53.2,0,0,40.62,0
1528.5,53.2,0,0,40.62,0
1529.25,53.2,0,0,40.62,0
1530,53.2,0,0,40.62,0
1530.734,53.2,0,0,40.62,0
1531.5,53.2,0,0,40.62,0
1532.25,53.2,0,0,40.62,0
1533,53.2,0,0,40.62,0
1533.75,53.2,0,0,40.62,0
1534.484,53.2,0,0,40.62,0
1535.234,53.2,0,0,40.62,0
1536,53.2,0,0,40.62,0
1536.75,53.2,0,0,40.62,0
1537.5,53.2,0,0,40.62,0
1538.25,53.2,0,0,40.62,0
1539,53.2,0,0,40.62,0
1539.75,53.2,0,0,40.62,0
1540.484,53.2,0,0,40.62,0
1541.25,53.2,0,0,40.62,0
1542,53.2,0,0,40.62,0
1542.734,53.2,0,0,40.62,0
1543.484,53.2,0,0,40.62,0
1544.25,53.2,0,0,40.62,0
1545,53.2,0,0,40.62,0
1545.734,53.2,0,0,40.62,0
1546.484,53.2,0,0,40.62,0
1547.25,53.2,0,0,40.62,0
1548,53.2,0,0,40.62,0
1548.734,53.2,0,0,40.62,0
1549.484,53.2,0,0,40.62,0
1550.25,53.2,0,0,40.62,0
1550.984,53.2,0,0,40.62,0
1551.75,53.2,0,0,40.62,0
1552.5,53.2,0,0,40.62,0
1553.25,53.2,0,0,40.62,0
1554,53.2,0,0,40.62,0
1554.734,53.2,0,0,40.62,0
1555.5,53.2,0,0,40.62,0
1556.234,53.2,0,0,40.62,0
1557,53.2,0,0,40.62,0
1557.75,53.2,0,0,40.62,0
1558.5,53.2,0,0,40.62,0
1559.234,53.2,0,0,40.62,0
1560,53.2,0,0,40.62,0
1560.75,53.2,0,0,40.62,0
1561.5,53.2,0,0,40.62,0
1562.234,53.2,0,0,40.62,0
1562.984,53.2,0,0,40.62,0
1563.75,53.2,0,0,40.62,0
1564.484,53.2,0,0,40.62,0
1565.234,53.2,0,0,40.62,0
1566,53.2,0,0,40.62,0
1566.75,53.2,0,0,40.62,0
1567.484,53.2,0,0,40.62,0
1568.25,53.2,0,0,40.62,0
1569,53.2,0,0,40.62,0
1569.734,53.2,0,0,40.62,0
1570.5,53.2,0,0,40.62,0
1571.25,53.2,0,0,40.62,0
1571.984,53.2,0,0,40.62,0
1572.75,53.2,0,0,40.62,0
1573.5,53.2,0,0,40.62,0
1574.25,53.2,0,0,40.62,0
1575,53.2,0,0,40.62,0
1575.734,53.2,0,0,40.62,0
1576.484,53.2,0,0,40.62,0
1577.25,53.2,0,0,40.62,0
1577.984,53.2,0,0,40.62,0
1578.734,53.2,0,0,40.62,0
1579.484,53.2,0,0,40.62,0
1580.234,53.2,0,0,40.62,0
1580.984,53.2,0,0,40.62,0
1581.75,53.2,0,0,40.62,0
1582.484,53.2,0,0,40.62,0
1583.234,53.2,0,0,40.62,0
1584,53.2,0,0,40.62,0
1584.734,53.2,0,0,40.62,0
1585.5,53.2,0,0,40.62,0
1586.25,53.2,0,0,40.62,0
1587,53.2,0,0,40.62,0
1587.734,53.2,0,0,40.62,0
1588.484,53.2,0,0,40.62,0
1589.25,53.2,0,0,40.62,0
1590,53.2,0,0,40.62,0
1590.75,53.2,0,0,40.62,0
1591.484,53.2,0,0,40.62,0
1592.25,53.2,0,0,40.62,0
1593,53.2,0,0,40.62,0
1593.75,53.2,0,0,40.62,0
1594.5,53.2,0,0,40.62,0
1595.234,53.2,0,0,40.62,0
1596,53.2,0,0,40.62,0
1596.734,53.2,0,0,40.62,0
1597.5,53.2,0,0,40.62,0
1598.234,53.2,0,0,40.62,0
1599,53.2,0,0,40.62,0
1599.734,53.2,0,0,40.62,0
1600.484,53.2,0,0,40.62,0
1601.25,53.2,0,0,40.62,0
1602,53.2,0,0,40.62,0
1602.734,53.2,0,0,40.62,0
1603.484,53.2,0,0,40.62,0
1604.25,53.2,0,0,40.62,0
1605,53.2,0,0,40.62,0
1605.75,53.2,0,0,40.62,0
1606.484,53.2,0,0,40.62,0
1607.25,53.2,0,0,40.62,0
1608,53.2,0,0,40.62,0
1608.75,53.2,0,0,40.62,0
1609.5,53.2,0,0,40.62,0
1610.234,53.2,0,0,40.62,0
1611,53.2,0,0,40.62,0
1611.734,53.2,0,0,40.62,0
1612.5,53.2,0,0,40.62,0
1613.25,53.2,0,0,40.62,0
1614,53.2,0,0,40.62,0
1614.75,53.2,0,0,40.62,0
1615.484,53.2,0,0,40.62,0
1616.234,53.2,0,0,40.62,0
1616.984,53.2,0,0,40.62,0
1617.734,53.2,0,0,40.62,0
1618.484,53.2,0,0,40.62,0
1619.25,53.2,0,0,40.62,0
1620,53.2,0,0,40.62,0
1620.734,53.2,0,0,40.62,0
1621.5,53.2,0,0,40.62,0
1622.25,53.2,0,0,40.62,0
1622.984,53.2,0,0,40.62,0
1623.75,53.2,0,0,40.62,0
1624.484,53.2,0,0,40.62,0
