time,Speed,State,,
0,0,1,0,0
1,1.116,1,0.31,0.155
2,6.804,1,1.89,1.255
3,9.216,1,2.56,3.48
4,11.772,1,3.27,6.395
5,13.932,1,3.87,9.965
6,16.2,1,4.5,14.15
7,17.604,1,4.89,18.845
8,18.864,1,5.24,23.91
9,20.268,1,5.63,29.345
10,22.5,1,6.25,35.285
11,24.228,0,6.73,41.775
12,24.516,0,6.81,48.545
13,24.336,0,6.76,55.33
14,24.12,0,6.7,62.06
15,23.904,0,6.64,68.73
16,23.904,0,6.64,75.37
17,23.76,0,6.6,81.99
18,23.652,0,6.57,88.575
19,23.724,0,6.59,95.155
20,23.544,0,6.54,101.72
21,23.58,0,6.55,108.265
22,23.58,0,6.55,114.815
23,24.012,0,6.67,121.425
24,23.976,0,6.66,128.09
25,23.544,0,6.54,134.69
26,23.724,0,6.59,141.255
27,23.76,0,6.6,147.85
28,23.544,0,6.54,154.42
29,23.4,0,6.5,160.94
30,23.184,0,6.44,167.41
31,23.04,0,6.4,173.83
32,22.68,0,6.3,180.18
33,22.464,0,6.24,186.45
34,22.068,0,6.13,192.635
35,21.78,0,6.05,198.725
36,21.672,0,6.02,204.76
37,21.384,0,5.94,210.74
38,21.42,0,5.95,216.685
39,21.096,0,5.86,222.59
40,20.736,0,5.76,228.4
41,20.664,0,5.74,234.15
42,20.232,0,5.62,239.83
43,20.16,0,5.6,245.44
44,20.16,0,5.6,251.04
45,19.836,0,5.51,256.595
46,19.368,0,5.38,262.04
47,19.152,0,5.32,267.39
48,18.504,0,5.14,272.62
49,18.036,0,5.01,277.695
50,17.964,0,4.99,282.695
51,17.856,0,4.96,287.67
52,18.036,0,5.01,292.655
53,18.108,0,5.03,297.675
54,18.324,0,5.09,302.735
55,18.468,0,5.13,307.845
56,18.432,0,5.12,312.97
57,17.784,0,4.94,318
58,17.46,0,4.85,322.895
59,17.28,0,4.8,327.72
60,17.136,0,4.76,332.5
61,16.74,0,4.65,337.205
62,16.524,0,4.59,341.825
63,16.416,0,4.56,346.4
64,16.776,1,4.66,351.01
65,20.016,1,5.56,356.12
66,23.508,1,6.53,362.165
67,25.632,0,7.12,368.99
68,26.316,0,7.31,376.205
69,26.28,0,7.3,383.51
70,26.208,0,7.28,390.8
71,26.208,0,7.28,398.08
72,26.028,0,7.23,405.335
73,25.776,0,7.16,412.53
74,25.488,0,7.08,419.65
75,25.092,0,6.97,426.675
76,24.876,0,6.91,433.615
77,24.804,0,6.89,440.515
78,24.876,0,6.91,447.415
79,24.552,0,6.82,454.28
80,24.804,0,6.89,461.135
81,24.588,0,6.83,467.995
82,24.3,0,6.75,474.785
83,24.156,0,6.71,481.515
84,24.192,0,6.72,488.23
85,24.192,0,6.72,494.95
86,23.976,0,6.66,501.64
87,23.94,0,6.65,508.295
88,24.12,0,6.7,514.97
89,24.3,0,6.75,521.695
90,24.012,0,6.67,528.405
91,23.652,0,6.57,535.025
92,23.436,0,6.51,541.565
93,23.184,0,6.44,548.04
94,23.328,0,6.48,554.5
95,23.4,0,6.5,560.99
96,23.436,0,6.51,567.495
97,23.4,0,6.5,574
98,23.472,0,6.52,580.51
99,23.292,0,6.47,587.005
100,23.076,0,6.41,593.445
101,23.148,0,6.43,599.865
102,23.328,0,6.48,606.32
103,23.436,0,6.51,612.815
104,23.364,0,6.49,619.315
105,23.112,0,6.42,625.77
106,22.932,0,6.37,632.165
107,22.572,0,6.27,638.485
108,22.428,0,6.23,644.735
109,22.356,0,6.21,650.955
110,21.96,0,6.1,657.11
111,21.888,0,6.08,663.2
112,21.564,0,5.99,669.235
113,21.24,0,5.9,675.18
114,20.88,0,5.8,681.03
115,20.52,0,5.7,686.78
116,20.376,0,5.66,692.46
117,20.016,0,5.56,698.07
118,19.764,1,5.49,703.595
119,22.356,1,6.21,709.445
120,24.804,1,6.89,715.995
121,26.136,0,7.26,723.07
122,26.28,0,7.3,730.35
123,26.136,0,7.26,737.63
124,26.172,0,7.27,744.895
125,26.136,0,7.26,752.16
126,26.496,0,7.36,759.47
127,26.424,0,7.34,766.82
128,26.1,0,7.25,774.115
129,25.956,0,7.21,781.345
130,25.74,0,7.15,788.525
131,25.776,0,7.16,795.68
132,25.632,0,7.12,802.82
133,25.416,0,7.06,809.91
134,25.2,0,7,816.94
135,24.948,0,6.93,823.905
136,24.696,0,6.86,830.8
137,24.372,0,6.77,837.615
138,23.868,0,6.63,844.315
139,23.724,0,6.59,850.925
140,23.364,0,6.49,857.465
141,23.148,0,6.43,863.925
142,23.076,0,6.41,870.345
143,22.86,0,6.35,876.725
144,22.896,0,6.36,883.08
145,22.608,0,6.28,889.4
146,22.392,0,6.22,895.65
147,22.392,0,6.22,901.87
148,22.176,0,6.16,908.06
149,21.96,0,6.1,914.19
150,21.78,0,6.05,920.265
151,21.384,0,5.94,926.26
152,21.312,0,5.92,932.19
153,20.844,0,5.79,938.045
154,20.376,0,5.66,943.77
155,20.016,0,5.56,949.38
156,19.62,0,5.45,954.885
157,19.296,0,5.36,960.29
158,19.116,0,5.31,965.625
159,18.9,0,5.25,970.905
160,18.72,0,5.2,976.13
161,18.504,0,5.14,981.3
162,18.576,0,5.16,986.45
163,18.432,0,5.12,991.59
164,18.216,0,5.06,996.68
165,18.216,0,5.06,1001.74
166,17.856,0,4.96,1006.75
167,17.64,0,4.9,1011.68
168,17.568,0,4.88,1016.57
169,17.496,1,4.86,1021.44
170,18.756,1,5.21,1026.475
171,23.04,1,6.4,1032.28
172,25.272,1,7.02,1038.99
173,26.388,0,7.33,1046.165
174,26.46,0,7.35,1053.505
175,26.604,0,7.39,1060.875
176,26.64,0,7.4,1068.27
177,26.1,0,7.25,1075.595
178,26.244,0,7.29,1082.865
179,25.884,0,7.19,1090.105
180,25.668,0,7.13,1097.265
181,25.56,0,7.1,1104.38
182,25.596,0,7.11,1111.485
183,25.344,0,7.04,1118.56
184,25.02,0,6.95,1125.555
185,24.66,0,6.85,1132.455
186,24.3,0,6.75,1139.255
187,23.724,0,6.59,1145.925
188,23.22,0,6.45,1152.445
189,22.86,0,6.35,1158.845
190,22.68,0,6.3,1165.17
191,22.392,0,6.22,1171.43
192,21.924,0,6.09,1177.585
193,21.564,0,5.99,1183.625
194,21.168,0,5.88,1189.56
195,20.7,0,5.75,1195.375
196,20.232,0,5.62,1201.06
197,19.944,0,5.54,1206.64
198,19.656,0,5.46,1212.14
199,19.332,0,5.37,1217.555
200,18.864,0,5.24,1222.86
201,18.396,0,5.11,1228.035
202,17.928,0,4.98,1233.08
203,18.36,1,5.1,1238.12
204,22.572,1,6.27,1243.805
205,24.48,0,6.8,1250.34
206,24.192,0,6.72,1257.1
207,24.012,0,6.67,1263.795
208,24.012,0,6.67,1270.465
209,23.328,0,6.48,1277.04
210,23.004,0,6.39,1283.475
211,22.464,0,6.24,1289.79
212,22.284,0,6.19,1296.005
213,22.176,0,6.16,1302.18
214,22.32,0,6.2,1308.36
215,22.176,0,6.16,1314.54
216,22.14,0,6.15,1320.695
217,21.888,0,6.08,1326.81
218,21.996,0,6.11,1332.905
219,22.032,0,6.12,1339.02
220,22.068,0,6.13,1345.145
221,22.068,0,6.13,1351.275
222,22.104,0,6.14,1357.41
223,21.996,0,6.11,1363.535
224,22.14,0,6.15,1369.665
225,22.284,0,6.19,1375.835
226,22.356,0,6.21,1382.035
227,22.356,0,6.21,1388.245
228,22.608,0,6.28,1394.49
229,22.572,0,6.27,1400.765
230,22.644,0,6.29,1407.045
231,22.572,0,6.27,1413.325
232,22.464,0,6.24,1419.58
233,22.5,0,6.25,1425.825
234,22.428,0,6.23,1432.065
235,22.32,0,6.2,1438.28
236,22.248,0,6.18,1444.47
237,22.176,0,6.16,1450.64
238,21.96,0,6.1,1456.77
239,21.816,0,6.06,1462.85
240,21.672,0,6.02,1468.89
241,21.6,0,6,1474.9
242,21.384,0,5.94,1480.87
243,21.132,0,5.87,1486.775
244,20.844,0,5.79,1492.605
245,20.772,0,5.77,1498.385
246,20.376,0,5.66,1504.1
247,19.98,0,5.55,1509.705
248,19.548,0,5.43,1515.195
249,19.08,0,5.3,1520.56
250,18.72,0,5.2,1525.81
251,18.684,0,5.19,1531.005
252,18.756,0,5.21,1536.205
253,18.576,0,5.16,1541.39
254,18.072,0,5.02,1546.48
255,17.568,0,4.88,1551.43
256,16.848,0,4.68,1556.21
257,16.128,0,4.48,1560.79
258,15.372,0,4.27,1565.165
259,15.12,0,4.2,1569.4
260,15.192,0,4.22,1573.61
261,15.444,0,4.29,1577.865
262,15.696,0,4.36,1582.19
263,15.84,1,4.4,1586.57
264,20.088,1,5.58,1591.56
265,23.688,1,6.58,1597.64
266,25.452,0,7.07,1604.465
267,26.172,0,7.27,1611.635
268,26.028,0,7.23,1618.885
269,25.776,0,7.16,1626.08
270,25.92,0,7.2,1633.26
271,26.136,0,7.26,1640.49
272,26.316,0,7.31,1647.775
273,26.568,0,7.38,1655.12
274,26.856,0,7.46,1662.54
275,26.892,0,7.47,1670.005
276,26.676,0,7.41,1677.445
277,26.532,0,7.37,1684.835
278,26.352,0,7.32,1692.18
279,26.28,0,7.3,1699.49
280,26.028,0,7.23,1706.755
281,26.064,0,7.24,1713.99
282,26.136,0,7.26,1721.24
283,25.956,0,7.21,1728.475
284,26.064,0,7.24,1735.7
285,26.028,0,7.23,1742.935
286,25.956,0,7.21,1750.155
287,26.028,0,7.23,1757.375
288,26.028,0,7.23,1764.605
289,25.704,0,7.14,1771.79
290,25.632,0,7.12,1778.92
291,25.632,0,7.12,1786.04
292,25.596,0,7.11,1793.155
293,25.668,0,7.13,1800.275
294,26.1,0,7.25,1807.465
295,26.316,0,7.31,1814.745
296,26.316,0,7.31,1822.055
297,25.848,0,7.18,1829.3
298,25.416,0,7.06,1836.42
299,25.164,0,6.99,1843.445
300,25.2,0,7,1850.44
301,25.308,0,7.03,1857.455
302,25.344,0,7.04,1864.49
303,25.308,0,7.03,1871.525
304,25.344,0,7.04,1878.56
305,25.308,0,7.03,1885.595
306,25.308,0,7.03,1892.625
307,25.416,0,7.06,1899.67
308,25.02,0,6.95,1906.675
309,24.768,0,6.88,1913.59
310,24.372,0,6.77,1920.415
311,23.796,0,6.61,1927.105
312,23.22,0,6.45,1933.635
313,22.968,0,6.38,1940.05
314,22.752,0,6.32,1946.4
315,22.608,0,6.28,1952.7
316,22.392,0,6.22,1958.95
317,22.248,0,6.18,1965.15
318,22.068,0,6.13,1971.305
319,21.744,0,6.04,1977.39
320,21.456,0,5.96,1983.39
321,21.168,0,5.88,1989.31
322,20.88,0,5.8,1995.15
323,20.628,0,5.73,2000.915
324,20.268,0,5.63,2006.595
325,19.8,0,5.5,2012.16
326,19.476,0,5.41,2017.615
327,19.152,0,5.32,2022.98
328,18.972,0,5.27,2028.275
329,18.9,0,5.25,2033.535
330,18.936,0,5.26,2038.79
331,18.972,0,5.27,2044.055
332,18.9,0,5.25,2049.315
333,18.828,0,5.23,2054.555
334,18.72,0,5.2,2059.77
335,18.576,0,5.16,2064.95
336,18.504,0,5.14,2070.1
337,18.648,0,5.18,2075.26
338,18.648,0,5.18,2080.44
339,19.044,0,5.29,2085.675
340,19.188,0,5.33,2090.985
341,19.512,0,5.42,2096.36
342,19.692,0,5.47,2101.805
343,19.8,0,5.5,2107.29
344,20.052,0,5.57,2112.825
345,19.98,0,5.55,2118.385
346,20.052,0,5.57,2123.945
347,20.16,0,5.6,2129.53
348,20.196,0,5.61,2135.135
349,20.232,0,5.62,2140.75
350,20.376,0,5.66,2146.39
351,20.52,0,5.7,2152.07
352,20.664,0,5.74,2157.79
353,20.736,0,5.76,2163.54
354,20.7,0,5.75,2169.295
355,20.628,0,5.73,2175.035
356,20.52,0,5.7,2180.75
357,20.412,0,5.67,2186.435
358,20.376,0,5.66,2192.1
359,20.16,0,5.6,2197.73
360,19.944,0,5.54,2203.3
361,19.8,0,5.5,2208.82
362,19.8,0,5.5,2214.32
363,19.692,0,5.47,2219.805
364,19.764,0,5.49,2225.285
365,19.62,0,5.45,2230.755
366,19.476,0,5.41,2236.185
367,19.476,1,5.41,2241.595
368,23.148,1,6.43,2247.515
369,25.344,1,7.04,2254.25
370,26.388,0,7.33,2261.435
371,26.784,0,7.44,2268.82
372,26.712,0,7.42,2276.25
373,26.604,0,7.39,2283.655
374,26.46,0,7.35,2291.025
375,26.388,0,7.33,2298.365
376,26.172,0,7.27,2305.665
377,26.1,0,7.25,2312.925
378,26.064,0,7.24,2320.17
379,25.92,0,7.2,2327.39
380,25.704,0,7.14,2334.56
381,25.488,0,7.08,2341.67
382,25.524,0,7.09,2348.755
383,25.272,0,7.02,2355.81
384,25.128,0,6.98,2362.81
385,25.2,0,7,2369.8
386,25.128,0,6.98,2376.79
387,25.02,0,6.95,2383.755
388,24.912,0,6.92,2390.69
389,24.876,0,6.91,2397.605
390,24.768,0,6.88,2404.5
391,24.696,0,6.86,2411.37
392,24.696,0,6.86,2418.23
393,24.624,0,6.84,2425.08
394,24.624,0,6.84,2431.92
395,24.552,0,6.82,2438.75
396,24.48,0,6.8,2445.56
397,24.588,0,6.83,2452.375
398,24.552,0,6.82,2459.2
399,24.444,0,6.79,2466.005
400,24.48,0,6.8,2472.8
401,24.3,0,6.75,2479.575
402,24.048,0,6.68,2486.29
403,23.94,0,6.65,2492.955
404,23.472,0,6.52,2499.54
405,23.292,0,6.47,2506.035
406,23.004,0,6.39,2512.465
407,22.932,0,6.37,2518.845
408,22.716,0,6.31,2525.185
409,22.464,0,6.24,2531.46
410,22.356,0,6.21,2537.685
411,22.104,0,6.14,2543.86
412,21.852,0,6.07,2549.965
413,21.6,0,6,2556
414,21.168,0,5.88,2561.94
415,21.204,0,5.89,2567.825
416,21.204,0,5.89,2573.715
417,20.7,0,5.75,2579.535
418,20.484,0,5.69,2585.255
419,19.872,0,5.52,2590.86
420,19.296,0,5.36,2596.3
421,18.936,0,5.26,2601.61
422,18.756,0,5.21,2606.845
423,18.792,0,5.22,2612.06
424,18.936,0,5.26,2617.3
425,18.972,0,5.27,2622.565
426,19.044,0,5.29,2627.845
427,19.224,0,5.34,2633.16
428,18.756,0,5.21,2638.435
429,18.216,0,5.06,2643.57
430,17.964,0,4.99,2648.595
431,17.748,0,4.93,2653.555
432,17.568,0,4.88,2658.46
433,17.388,0,4.83,2663.315
434,17.532,0,4.87,2668.165
435,17.496,0,4.86,2673.03
436,17.424,1,4.84,2677.88
437,21.924,1,6.09,2683.345
438,24.768,0,6.88,2689.83
439,25.236,0,7.01,2696.775
440,25.38,0,7.05,2703.805
441,25.308,0,7.03,2710.845
442,25.38,0,7.05,2717.885
443,25.236,0,7.01,2724.915
444,25.02,0,6.95,2731.895
445,24.876,0,6.91,2738.825
446,24.444,0,6.79,2745.675
447,24.12,0,6.7,2752.42
448,24.156,0,6.71,2759.125
449,24.048,0,6.68,2765.82
450,23.868,0,6.63,2772.475
451,23.832,0,6.62,2779.1
452,23.76,0,6.6,2785.71
453,23.616,0,6.56,2792.29
454,23.472,0,6.52,2798.83
455,23.508,0,6.53,2805.355
456,23.436,0,6.51,2811.875
457,23.652,0,6.57,2818.415
458,23.508,0,6.53,2824.965
459,23.544,0,6.54,2831.5
460,23.544,0,6.54,2838.04
461,23.508,0,6.53,2844.575
462,23.328,0,6.48,2851.08
463,23.112,0,6.42,2857.53
464,22.932,0,6.37,2863.925
465,22.86,0,6.35,2870.285
466,23.004,0,6.39,2876.655
467,23.112,0,6.42,2883.06
468,23.04,0,6.4,2889.47
469,23.04,0,6.4,2895.87
470,23.22,0,6.45,2902.295
471,23.148,0,6.43,2908.735
472,22.932,0,6.37,2915.135
473,23.076,0,6.41,2921.525
474,23.112,0,6.42,2927.94
475,23.256,0,6.46,2934.38
476,23.148,0,6.43,2940.825
477,22.896,0,6.36,2947.22
478,22.5,0,6.25,2953.525
479,22.284,0,6.19,2959.745
480,21.996,0,6.11,2965.895
481,21.636,0,6.01,2971.955
482,21.348,0,5.93,2977.925
483,21.024,0,5.84,2983.81
484,20.772,0,5.77,2989.615
485,20.52,0,5.7,2995.35
486,20.304,0,5.64,3001.02
487,19.872,0,5.52,3006.6
488,19.62,0,5.45,3012.085
489,19.44,1,5.4,3017.51
490,21.492,1,5.97,3023.195
491,24.372,1,6.77,3029.565
492,25.632,0,7.12,3036.51
493,25.704,0,7.14,3043.64
494,25.74,0,7.15,3050.785
495,25.56,0,7.1,3057.91
496,25.56,0,7.1,3065.01
497,25.56,0,7.1,3072.11
498,25.704,0,7.14,3079.23
499,25.56,0,7.1,3086.35
500,25.416,0,7.06,3093.43
501,25.164,0,6.99,3100.455
502,24.84,0,6.9,3107.4
503,24.768,0,6.88,3114.29
504,24.588,0,6.83,3121.145
505,24.66,0,6.85,3127.985
506,24.408,0,6.78,3134.8
507,24.3,0,6.75,3141.565
508,24.12,0,6.7,3148.29
509,23.796,0,6.61,3154.945
510,23.436,0,6.51,3161.505
511,23.112,0,6.42,3167.97
512,22.932,0,6.37,3174.365
513,22.68,0,6.3,3180.7
514,22.608,0,6.28,3186.99
515,22.392,0,6.22,3193.24
516,22.212,0,6.17,3199.435
517,22.104,0,6.14,3205.59
518,21.96,0,6.1,3211.71
519,22.032,0,6.12,3217.82
520,21.708,0,6.03,3223.895
521,21.564,0,5.99,3229.905
522,21.384,0,5.94,3235.87
523,21.132,0,5.87,3241.775
524,20.952,0,5.82,3247.62
525,20.484,0,5.69,3253.375
526,19.98,0,5.55,3258.995
527,19.8,0,5.5,3264.52
528,19.368,0,5.38,3269.96
529,19.152,0,5.32,3275.31
530,18.828,0,5.23,3280.585
531,18.648,0,5.18,3285.79
532,18.432,0,5.12,3290.94
533,18.324,0,5.09,3296.045
534,18.36,0,5.1,3301.14
535,18.324,0,5.09,3306.235
536,18,0,5,3311.28
537,17.712,0,4.92,3316.24
538,17.388,0,4.83,3321.115
539,16.884,0,4.69,3325.875
540,16.704,0,4.64,3330.54
541,16.596,0,4.61,3335.165
542,16.632,0,4.62,3339.78
543,16.56,1,4.6,3344.39
544,18.072,1,5.02,3349.2
545,22.86,1,6.35,3354.885
546,24.984,0,6.94,3361.53
547,24.984,0,6.94,3368.47
548,24.84,0,6.9,3375.39
549,24.768,0,6.88,3382.28
550,24.804,0,6.89,3389.165
551,24.588,0,6.83,3396.025
552,24.408,0,6.78,3402.83
553,24.192,0,6.72,3409.58
554,24.012,0,6.67,3416.275
555,23.904,0,6.64,3422.93
556,23.94,0,6.65,3429.575
557,23.544,0,6.54,3436.17
558,23.508,0,6.53,3442.705
559,23.004,0,6.39,3449.165
560,22.68,0,6.3,3455.51
561,22.248,0,6.18,3461.75
562,21.816,0,6.06,3467.87
563,21.42,0,5.95,3473.875
564,21.096,0,5.86,3479.78
565,20.808,0,5.78,3485.6
566,20.484,0,5.69,3491.335
567,20.088,0,5.58,3496.97
568,19.656,0,5.46,3502.49
569,19.332,0,5.37,3507.905
570,18.9,0,5.25,3513.215
571,18.324,0,5.09,3518.385
572,18.18,0,5.05,3523.455
573,17.856,0,4.96,3528.46
574,17.424,0,4.84,3533.36
575,17.172,0,4.77,3538.165
576,16.74,0,4.65,3542.875
577,16.308,0,4.53,3547.465
578,15.984,0,4.44,3551.95
579,15.588,1,4.33,3556.335
580,20.556,1,5.71,3561.355
581,23.94,0,6.65,3567.535
582,24.48,0,6.8,3574.26
583,24.3,0,6.75,3581.035
584,23.976,0,6.66,3587.74
585,23.832,0,6.62,3594.38
586,23.58,0,6.55,3600.965
587,23.184,0,6.44,3607.46
588,22.824,0,6.34,3613.85
589,22.572,0,6.27,3620.155
590,22.572,0,6.27,3626.425
591,22.32,0,6.2,3632.66
592,22.068,0,6.13,3638.825
593,21.888,0,6.08,3644.93
594,22.032,0,6.12,3651.03
595,22.176,0,6.16,3657.17
596,22.32,0,6.2,3663.35
597,22.5,0,6.25,3669.575
598,22.536,0,6.26,3675.83
599,22.464,0,6.24,3682.08
600,22.464,0,6.24,3688.32
601,22.68,0,6.3,3694.59
602,22.86,0,6.35,3700.915
603,22.788,0,6.33,3707.255
604,22.932,0,6.37,3713.605
605,23.04,0,6.4,3719.99
606,23.04,0,6.4,3726.39
607,22.968,0,6.38,3732.78
608,22.788,0,6.33,3739.135
609,22.716,0,6.31,3745.455
610,22.5,0,6.25,3751.735
611,22.392,0,6.22,3757.97
612,22.248,0,6.18,3764.17
613,22.104,0,6.14,3770.33
614,21.996,0,6.11,3776.455
615,21.96,0,6.1,3782.56
616,22.032,0,6.12,3788.67
617,21.96,0,6.1,3794.78
618,21.816,0,6.06,3800.86
619,21.564,0,5.99,3806.885
620,21.348,0,5.93,3812.845
621,20.952,0,5.82,3818.72
622,20.736,0,5.76,3824.51
623,20.484,0,5.69,3830.235
624,19.98,0,5.55,3835.855
625,19.728,0,5.48,3841.37
626,19.368,0,5.38,3846.8
627,19.296,0,5.36,3852.17
628,19.224,0,5.34,3857.52
629,18.9,0,5.25,3862.815
630,18.288,0,5.08,3867.98
631,17.568,0,4.88,3872.96
632,16.668,0,4.63,3877.715
633,15.912,0,4.42,3882.24
634,15.372,0,4.27,3886.585
635,15.408,0,4.28,3890.86
636,15.84,0,4.4,3895.2
637,16.02,1,4.45,3899.625
638,19.188,1,5.33,3904.515
639,23.256,1,6.46,3910.41
640,25.344,0,7.04,3917.16
641,26.136,0,7.26,3924.31
642,25.992,0,7.22,3931.55
643,25.776,0,7.16,3938.74
644,25.74,0,7.15,3945.895
645,26.028,0,7.23,3953.085
646,25.956,0,7.21,3960.305
647,26.172,0,7.27,3967.545
648,26.28,0,7.3,3974.83
649,26.496,0,7.36,3982.16
650,26.46,0,7.35,3989.515
651,26.244,0,7.29,3996.835
652,26.1,0,7.25,4004.105
653,25.992,0,7.22,4011.34
654,25.884,0,7.19,4018.545
655,25.776,0,7.16,4025.72
656,25.848,0,7.18,4032.89
657,25.74,0,7.15,4040.055
658,25.74,0,7.15,4047.205
659,25.848,0,7.18,4054.37
660,25.92,0,7.2,4061.56
661,25.884,0,7.19,4068.755
662,25.848,0,7.18,4075.94
663,25.812,0,7.17,4083.115
664,25.704,0,7.14,4090.27
665,25.596,0,7.11,4097.395
666,25.452,0,7.07,4104.485
667,25.524,0,7.09,4111.565
668,25.776,0,7.16,4118.69
669,26.028,0,7.23,4125.885
670,26.064,0,7.24,4133.12
671,25.524,0,7.09,4140.285
672,24.912,0,6.92,4147.29
673,24.444,0,6.79,4154.145
674,24.336,0,6.76,4160.92
675,24.516,0,6.81,4167.705
676,24.732,0,6.87,4174.545
677,24.876,0,6.91,4181.435
678,24.912,0,6.92,4188.35
679,24.948,0,6.93,4195.275
680,24.948,0,6.93,4202.205
681,25.056,0,6.96,4209.15
682,25.02,0,6.95,4216.105
683,24.588,0,6.83,4222.995
684,24.3,0,6.75,4229.785
685,23.904,0,6.64,4236.48
686,23.364,0,6.49,4243.045
687,22.968,0,6.38,4249.48
688,22.644,0,6.29,4255.815
689,22.5,0,6.25,4262.085
690,22.248,0,6.18,4268.3
691,22.032,0,6.12,4274.45
692,21.888,0,6.08,4280.55
693,21.672,0,6.02,4286.6
694,21.528,0,5.98,4292.6
695,21.096,0,5.86,4298.52
696,20.808,0,5.78,4304.34
697,20.484,0,5.69,4310.075
698,20.16,0,5.6,4315.72
699,19.62,0,5.45,4321.245
700,19.332,0,5.37,4326.655
701,19.08,0,5.3,4331.99
702,18.72,0,5.2,4337.24
703,18.432,0,5.12,4342.4
704,18.396,0,5.11,4347.515
705,18.324,0,5.09,4352.615
706,18.396,0,5.11,4357.715
707,18.504,0,5.14,4362.84
708,18.396,0,5.11,4367.965
709,18.216,0,5.06,4373.05
710,18.18,0,5.05,4378.105
711,18.108,0,5.03,4383.145
712,18.216,0,5.06,4388.19
713,18.36,0,5.1,4393.27
714,18.648,0,5.18,4398.41
715,18.972,0,5.27,4403.635
716,19.152,0,5.32,4408.93
717,19.296,1,5.36,4414.27
718,20.412,1,5.67,4419.785
719,24.156,1,6.71,4425.975
720,25.812,0,7.17,4432.915
721,26.784,0,7.44,4440.22
722,26.82,0,7.45,4447.665
723,26.748,0,7.43,4455.105
724,27,0,7.5,4462.57
725,27.18,0,7.55,4470.095
726,27.18,0,7.55,4477.645
727,27.18,0,7.55,4485.195
728,27.072,0,7.52,4492.73
729,26.856,0,7.46,4500.22
730,26.748,0,7.43,4507.665
731,26.532,0,7.37,4515.065
732,26.352,0,7.32,4522.41
733,26.316,0,7.31,4529.725
734,26.172,0,7.27,4537.015
735,26.208,0,7.28,4544.29
736,25.848,0,7.18,4551.52
737,25.632,0,7.12,4558.67
738,25.488,0,7.08,4565.77
739,25.416,0,7.06,4572.84
740,25.272,0,7.02,4579.88
741,25.236,0,7.01,4586.895
742,25.164,0,6.99,4593.895
743,25.056,0,6.96,4600.87
744,24.948,0,6.93,4607.815
745,24.768,0,6.88,4614.72
746,24.624,0,6.84,4621.58
747,24.552,0,6.82,4628.41
748,24.48,0,6.8,4635.22
749,24.336,0,6.76,4642
750,24.192,0,6.72,4648.74
751,23.976,0,6.66,4655.43
752,24.012,0,6.67,4662.095
753,23.76,0,6.6,4668.73
754,23.652,0,6.57,4675.315
755,23.58,0,6.55,4681.875
756,23.76,0,6.6,4688.45
757,23.436,0,6.51,4695.005
758,23.58,0,6.55,4701.535
759,23.616,0,6.56,4708.09
760,23.472,0,6.52,4714.63
761,23.364,0,6.49,4721.135
762,23.328,0,6.48,4727.62
763,23.328,0,6.48,4734.1
764,23.4,0,6.5,4740.59
765,23.364,0,6.49,4747.085
766,23.436,0,6.51,4753.585
767,23.364,0,6.49,4760.085
768,23.616,0,6.56,4766.61
769,23.22,0,6.45,4773.115
770,23.256,0,6.46,4779.57
771,23.364,0,6.49,4786.045
772,23.184,0,6.44,4792.51
773,23.04,0,6.4,4798.93
774,23.004,0,6.39,4805.325
775,22.716,0,6.31,4811.675
776,22.392,0,6.22,4817.94
777,21.924,0,6.09,4824.095
778,21.708,0,6.03,4830.155
779,21.528,0,5.98,4836.16
780,21.456,0,5.96,4842.13
781,21.276,0,5.91,4848.065
782,21.096,0,5.86,4853.95
783,20.844,0,5.79,4859.775
784,20.592,0,5.72,4865.53
785,20.304,0,5.64,4871.21
786,20.052,0,5.57,4876.815
787,20.088,0,5.58,4882.39
788,20.016,0,5.56,4887.96
789,19.584,0,5.44,4893.46
790,19.26,0,5.35,4898.855
791,18.864,0,5.24,4904.15
792,18.252,0,5.07,4909.305
793,17.748,0,4.93,4914.305
794,17.676,0,4.91,4919.225
795,17.568,0,4.88,4924.12
796,17.604,0,4.89,4929.005
797,17.82,0,4.95,4933.925
798,17.892,0,4.97,4938.885
799,18.036,0,5.01,4943.875
800,18.216,0,5.06,4948.91
801,17.784,0,4.94,4953.91
802,17.352,0,4.82,4958.79
803,17.136,0,4.76,4963.58
804,16.956,0,4.71,4968.315
805,16.704,0,4.64,4972.99
806,16.596,0,4.61,4977.615
807,16.704,0,4.64,4982.24
808,16.452,1,4.57,4986.845
809,18.324,1,5.09,4991.675
810,22.824,1,6.34,4997.39
811,25.092,0,6.97,5004.045
812,25.128,0,6.98,5011.02
813,25.056,0,6.96,5017.99
814,25.02,0,6.95,5024.945
815,25.056,0,6.96,5031.9
816,24.948,0,6.93,5038.845
817,24.588,0,6.83,5045.725
818,24.588,0,6.83,5052.555
819,24.336,0,6.76,5059.35
820,24.084,0,6.69,5066.075
821,24.192,0,6.72,5072.78
822,24.012,0,6.67,5079.475
823,23.868,0,6.63,5086.125
824,23.832,0,6.62,5092.75
825,23.688,0,6.58,5099.35
826,23.472,0,6.52,5105.9
827,23.508,0,6.53,5112.425
828,23.58,0,6.55,5118.965
829,23.652,0,6.57,5125.525
830,23.508,0,6.53,5132.075
831,23.4,0,6.5,5138.59
832,23.364,0,6.49,5145.085
833,23.4,0,6.5,5151.58
834,23.148,0,6.43,5158.045
835,22.86,0,6.35,5164.435
836,22.68,0,6.3,5170.76
837,22.536,0,6.26,5177.04
838,22.608,0,6.28,5183.31
839,22.716,0,6.31,5189.605
840,22.824,0,6.34,5195.93
841,22.788,0,6.33,5202.265
842,22.824,0,6.34,5208.6
843,22.824,0,6.34,5214.94
844,22.716,0,6.31,5221.265
845,22.68,0,6.3,5227.57
846,22.896,0,6.36,5233.9
847,22.932,0,6.37,5240.265
848,22.968,0,6.38,5246.64
849,22.68,0,6.3,5252.98
850,22.356,0,6.21,5259.235
851,22.104,0,6.14,5265.41
852,21.924,0,6.09,5271.525
853,21.708,0,6.03,5277.585
854,21.42,0,5.95,5283.575
855,21.276,0,5.91,5289.505
856,20.916,0,5.81,5295.365
857,20.628,0,5.73,5301.135
858,20.376,0,5.66,5306.83
859,20.124,0,5.59,5312.455
860,19.8,0,5.5,5318
861,19.44,0,5.4,5323.45
862,19.188,0,5.33,5328.815
863,18.972,1,5.27,5334.115
864,21.132,1,5.87,5339.685
865,24.264,1,6.74,5345.99
866,25.668,0,7.13,5352.925
867,25.884,0,7.19,5360.085
868,25.776,0,7.16,5367.26
869,25.848,0,7.18,5374.43
870,25.812,0,7.17,5381.605
871,25.92,0,7.2,5388.79
872,25.92,0,7.2,5395.99
873,25.74,0,7.15,5403.165
874,25.596,0,7.11,5410.295
875,25.38,0,7.05,5417.375
876,25.164,0,6.99,5424.395
877,24.948,0,6.93,5431.355
878,24.876,0,6.91,5438.275
879,24.732,0,6.87,5445.165
880,24.66,0,6.85,5452.025
881,24.48,0,6.8,5458.85
882,24.372,0,6.77,5465.635
883,23.904,0,6.64,5472.34
884,23.688,0,6.58,5478.95
885,23.436,0,6.51,5485.495
886,23.256,0,6.46,5491.98
887,23.112,0,6.42,5498.42
888,22.932,0,6.37,5504.815
889,22.86,0,6.35,5511.175
890,22.5,0,6.25,5517.475
891,22.176,0,6.16,5523.68
892,22.176,0,6.16,5529.84
893,21.96,0,6.1,5535.97
894,21.708,0,6.03,5542.035
895,21.492,0,5.97,5548.035
896,21.132,0,5.87,5553.955
897,20.988,0,5.83,5559.805
898,20.736,0,5.76,5565.6
899,20.124,0,5.59,5571.275
900,19.836,0,5.51,5576.825
901,19.512,0,5.42,5582.29
902,19.152,0,5.32,5587.66
903,18.9,0,5.25,5592.945
904,18.648,0,5.18,5598.16
905,18.396,0,5.11,5603.305
906,18.144,0,5.04,5608.38
907,18.072,0,5.02,5613.41
908,18.108,0,5.03,5618.435
909,17.928,0,4.98,5623.44
910,17.748,0,4.93,5628.395
911,17.496,0,4.86,5633.29
912,17.244,0,4.79,5638.115
913,16.992,0,4.72,5642.87
914,16.74,0,4.65,5647.555
915,16.596,0,4.61,5652.185
916,16.488,0,4.58,5656.78
917,16.488,0,4.58,5661.36
918,16.56,1,4.6,5665.95
919,19.188,1,5.33,5670.915
920,23.292,1,6.47,5676.815
921,25.344,0,7.04,5683.57
922,25.848,0,7.18,5690.68
923,25.812,0,7.17,5697.855
924,25.596,0,7.11,5704.995
925,25.416,0,7.06,5712.08
926,25.092,0,6.97,5719.095
927,24.948,0,6.93,5726.045
928,24.768,0,6.88,5732.95
929,24.732,0,6.87,5739.825
930,24.516,0,6.81,5746.665
931,24.192,0,6.72,5753.43
932,24.012,0,6.67,5760.125
933,23.616,0,6.56,5766.74
934,23.22,0,6.45,5773.245
935,22.716,0,6.31,5779.625
936,22.428,0,6.23,5785.895
937,22.248,0,6.18,5792.1
938,21.888,0,6.08,5798.23
939,21.456,0,5.96,5804.25
940,20.952,0,5.82,5810.14
941,20.592,0,5.72,5815.91
942,20.268,0,5.63,5821.585
943,19.584,0,5.44,5827.12
944,19.224,0,5.34,5832.51
945,18.972,0,5.27,5837.815
946,18.684,0,5.19,5843.045
947,18.36,0,5.1,5848.19
948,17.856,0,4.96,5853.22
949,17.46,1,4.85,5858.125
950,21.6,1,6,5863.55
951,24.3,0,6.75,5869.925
952,25.164,0,6.99,5876.795
953,24.552,0,6.82,5883.7
954,24.372,0,6.77,5890.495
955,24.228,0,6.73,5897.245
956,23.832,0,6.62,5903.92
957,23.472,0,6.52,5910.49
958,23.076,0,6.41,5916.955
959,23.004,0,6.39,5923.355
960,23.04,0,6.4,5929.75
961,23.4,0,6.5,5936.2
962,23.328,0,6.48,5942.69
963,23.4,0,6.5,5949.18
964,23.22,0,6.45,5955.655
965,23.148,0,6.43,5962.095
966,23.112,0,6.42,5968.52
967,23.148,0,6.43,5974.945
968,23.076,0,6.41,5981.365
969,22.86,0,6.35,5987.745
970,22.716,0,6.31,5994.075
971,22.896,0,6.36,6000.41
972,22.86,0,6.35,6006.765
973,23.004,0,6.39,6013.135
974,22.896,0,6.36,6019.51
975,23.076,0,6.41,6025.895
976,23.04,0,6.4,6032.3
977,23.04,0,6.4,6038.7
978,22.932,0,6.37,6045.085
979,22.824,0,6.34,6051.44
980,22.716,0,6.31,6057.765
981,22.752,0,6.32,6064.08
982,22.716,0,6.31,6070.395
983,22.572,0,6.27,6076.685
984,22.608,0,6.28,6082.96
985,22.536,0,6.26,6089.23
986,22.5,0,6.25,6095.485
987,22.356,0,6.21,6101.715
988,22.284,0,6.19,6107.915
989,22.032,0,6.12,6114.07
990,21.816,0,6.06,6120.16
991,21.384,0,5.94,6126.16
992,21.168,0,5.88,6132.07
993,20.88,0,5.8,6137.91
994,20.52,0,5.7,6143.66
995,19.872,0,5.52,6149.27
996,19.764,0,5.49,6154.775
997,19.512,0,5.42,6160.23
998,19.548,0,5.43,6165.655
999,19.404,0,5.39,6171.065
1000,19.044,0,5.29,6176.405
1001,18.504,0,5.14,6181.62
1002,17.748,0,4.93,6186.655
1003,16.92,0,4.7,6191.47
1004,16.236,0,4.51,6196.075
1005,16.02,0,4.45,6200.555
1006,16.128,0,4.48,6205.02
1007,16.344,0,4.54,6209.53
1008,16.452,0,4.57,6214.085
1009,16.524,1,4.59,6218.665
1010,19.944,1,5.54,6223.73
1011,23.58,1,6.55,6229.775
1012,25.488,0,7.08,6236.59
1013,25.74,0,7.15,6243.705
1014,25.74,0,7.15,6250.855
1015,25.524,0,7.09,6257.975
1016,25.776,0,7.16,6265.1
1017,25.848,0,7.18,6272.27
1018,26.136,0,7.26,6279.49
1019,26.532,0,7.37,6286.805
1020,26.64,0,7.4,6294.19
1021,26.532,0,7.37,6301.575
1022,26.424,0,7.34,6308.93
1023,26.316,0,7.31,6316.255
1024,26.064,0,7.24,6323.53
1025,25.956,0,7.21,6330.755
1026,25.812,0,7.17,6337.945
1027,25.848,0,7.18,6345.12
1028,25.812,0,7.17,6352.295
1029,25.812,0,7.17,6359.465
1030,25.848,0,7.18,6366.64
1031,25.632,0,7.12,6373.79
1032,25.704,0,7.14,6380.92
1033,25.632,0,7.12,6388.05
1034,25.56,0,7.1,6395.16
1035,25.344,0,7.04,6402.23
1036,25.524,0,7.09,6409.295
1037,25.488,0,7.08,6416.38
1038,25.524,0,7.09,6423.465
1039,25.776,0,7.16,6430.59
1040,26.172,0,7.27,6437.805
1041,26.352,0,7.32,6445.1
1042,25.632,0,7.12,6452.32
1043,24.948,0,6.93,6459.345
1044,24.552,0,6.82,6466.22
1045,24.516,0,6.81,6473.035
1046,24.552,0,6.82,6479.85
1047,24.732,0,6.87,6486.695
1048,24.912,0,6.92,6493.59
1049,24.912,0,6.92,6500.51
1050,24.948,0,6.93,6507.435
1051,24.984,0,6.94,6514.37
1052,25.2,0,7,6521.34
1053,24.984,0,6.94,6528.31
1054,24.948,0,6.93,6535.245
1055,24.768,0,6.88,6542.15
1056,24.336,0,6.76,6548.97
1057,23.796,0,6.61,6555.655
1058,23.544,0,6.54,6562.23
1059,22.968,0,6.38,6568.69
1060,22.788,0,6.33,6575.045
1061,22.464,0,6.24,6581.33
1062,22.068,0,6.13,6587.515
1063,22.104,0,6.14,6593.65
1064,21.96,0,6.1,6599.77
1065,21.744,0,6.04,6605.84
1066,21.528,0,5.98,6611.85
1067,21.168,0,5.88,6617.78
1068,20.772,0,5.77,6623.605
1069,20.376,0,5.66,6629.32
1070,19.98,0,5.55,6634.925
1071,19.548,0,5.43,6640.415
1072,19.26,0,5.35,6645.805
1073,18.936,0,5.26,6651.11
1074,18.72,0,5.2,6656.34
1075,18.576,0,5.16,6661.52
1076,18.54,0,5.15,6666.675
1077,18.72,0,5.2,6671.85
1078,18.756,0,5.21,6677.055
1079,18.54,0,5.15,6682.235
1080,18.324,0,5.09,6687.355
1081,18.504,0,5.14,6692.47
1082,18.396,0,5.11,6697.595
1083,18.576,0,5.16,6702.73
1084,18.792,0,5.22,6707.92
1085,19.08,0,5.3,6713.18
1086,19.188,0,5.33,6718.495
1087,19.296,0,5.36,6723.84
1088,19.548,0,5.43,6729.235
1089,19.728,0,5.48,6734.69
1090,19.98,0,5.55,6740.205
1091,20.016,0,5.56,6745.76
1092,20.088,0,5.58,6751.33
1093,20.124,0,5.59,6756.915
1094,20.196,0,5.61,6762.515
1095,20.232,0,5.62,6768.13
1096,20.412,0,5.67,6773.775
1097,20.556,0,5.71,6779.465
1098,20.772,0,5.77,6785.205
1099,20.916,0,5.81,6790.995
1100,20.772,0,5.77,6796.785
1101,20.7,0,5.75,6802.545
1102,20.628,0,5.73,6808.285
1103,20.484,0,5.69,6813.995
1104,20.448,0,5.68,6819.68
1105,20.196,0,5.61,6825.325
1106,20.016,0,5.56,6830.91
1107,19.872,0,5.52,6836.45
1108,19.8,0,5.5,6841.96
1109,19.728,0,5.48,6847.45
1110,19.728,0,5.48,6852.93
1111,19.548,1,5.43,6858.385
1112,21.636,1,6.01,6864.105
1113,24.408,1,6.78,6870.5
1114,25.92,0,7.2,6877.49
1115,26.244,0,7.29,6884.735
1116,26.136,0,7.26,6892.01
1117,26.244,0,7.29,6899.285
1118,25.992,0,7.22,6906.54
1119,25.956,0,7.21,6913.755
1120,25.848,0,7.18,6920.95
1121,25.776,0,7.16,6928.12
1122,25.668,0,7.13,6935.265
1123,25.524,0,7.09,6942.375
1124,25.308,0,7.03,6949.435
1125,25.2,0,7,6956.45
1126,25.02,0,6.95,6963.425
1127,24.84,0,6.9,6970.35
1128,24.804,0,6.89,6977.245
1129,24.696,0,6.86,6984.12
1130,24.66,0,6.85,6990.975
1131,24.804,0,6.89,6997.845
1132,24.588,0,6.83,7004.705
1133,24.516,0,6.81,7011.525
1134,24.408,0,6.78,7018.32
1135,24.3,0,6.75,7025.085
1136,24.228,0,6.73,7031.825
1137,24.192,0,6.72,7038.55
1138,24.3,0,6.75,7045.285
1139,24.3,0,6.75,7052.035
1140,24.372,0,6.77,7058.795
1141,24.048,0,6.68,7065.52
1142,24.048,0,6.68,7072.2
1143,24.336,0,6.76,7078.92
1144,24.3,0,6.75,7085.675
1145,24.12,0,6.7,7092.4
1146,24.048,0,6.68,7099.09
1147,23.976,0,6.66,7105.76
1148,23.868,0,6.63,7112.405
1149,23.724,0,6.59,7119.015
1150,23.4,0,6.5,7125.56
1151,23.04,0,6.4,7132.01
1152,22.788,0,6.33,7138.375
1153,22.464,0,6.24,7144.66
1154,22.32,0,6.2,7150.88
1155,22.104,0,6.14,7157.05
1156,21.96,0,6.1,7163.17
1157,21.816,0,6.06,7169.25
1158,21.348,0,5.93,7175.245
1159,21.06,0,5.85,7181.135
1160,20.988,0,5.83,7186.975
1161,20.808,0,5.78,7192.78
1162,20.844,0,5.79,7198.565
1163,20.628,0,5.73,7204.325
1164,20.376,0,5.66,7210.02
1165,20.016,0,5.56,7215.63
1166,19.548,0,5.43,7221.125
1167,18.936,0,5.26,7226.47
1168,18.612,0,5.17,7231.685
1169,18.36,0,5.1,7236.82
1170,18.396,0,5.11,7241.925
1171,18.504,0,5.14,7247.05
1172,18.468,0,5.13,7252.185
1173,18.648,0,5.18,7257.34
1174,18.684,0,5.19,7262.525
1175,18.612,0,5.17,7267.705
1176,17.928,0,4.98,7272.78
1177,17.352,0,4.82,7277.68
1178,16.776,0,4.66,7282.42
1179,16.452,0,4.57,7287.035
1180,16.344,0,4.54,7291.59
1181,16.308,0,4.53,7296.125
1182,16.308,0,4.53,7300.655
1183,16.308,0,4.53,7305.185
1184,16.38,0,4.55,7309.725
1185,16.524,0,4.59,7314.295
1186,16.344,1,4.54,7318.86
1187,17.856,1,4.96,7323.61
1188,22.536,1,6.26,7329.22
1189,25.056,1,6.96,7335.83
1190,26.244,0,7.29,7342.955
1191,26.172,0,7.27,7350.235
1192,26.1,0,7.25,7357.495
1193,26.1,0,7.25,7364.745
1194,25.92,0,7.2,7371.97
1195,25.92,0,7.2,7379.17
1196,25.992,0,7.22,7386.38
1197,25.668,0,7.13,7393.555
1198,25.452,0,7.07,7400.655
1199,25.272,0,7.02,7407.7
1200,25.128,0,6.98,7414.7
1201,25.236,0,7.01,7421.695
1202,25.236,0,7.01,7428.705
1203,25.164,0,6.99,7435.705
1204,24.84,0,6.9,7442.65
1205,24.66,0,6.85,7449.525
1206,24.552,0,6.82,7456.36
1207,24.3,0,6.75,7463.145
1208,24.516,0,6.81,7469.925
1209,24.516,0,6.81,7476.735
1210,24.48,0,6.8,7483.54
1211,24.624,0,6.84,7490.36
1212,24.516,0,6.81,7497.185
1213,24.336,0,6.76,7503.97
1214,24.084,0,6.69,7510.695
1215,23.796,0,6.61,7517.345
1216,23.724,0,6.59,7523.945
1217,23.904,0,6.64,7530.56
1218,24.156,0,6.71,7537.235
1219,23.976,0,6.66,7543.92
1220,24.084,0,6.69,7550.595
1221,24.12,0,6.7,7557.29
1222,23.976,0,6.66,7563.97
1223,24.084,0,6.69,7570.645
1224,24.336,0,6.76,7577.37
1225,24.3,0,6.75,7584.125
1226,24.228,0,6.73,7590.865
1227,23.904,0,6.64,7597.55
1228,23.616,0,6.56,7604.15
1229,23.148,0,6.43,7610.645
1230,23.004,0,6.39,7617.055
1231,22.788,0,6.33,7623.415
1232,22.608,0,6.28,7629.72
1233,22.284,0,6.19,7635.955
1234,21.888,0,6.08,7642.09
1235,21.636,0,6.01,7648.135
1236,21.348,0,5.93,7654.105
1237,21.096,0,5.86,7660
1238,20.808,0,5.78,7665.82
1239,20.52,0,5.7,7671.56
1240,20.304,0,5.64,7677.23
1241,20.124,0,5.59,7682.845
1242,20.052,0,5.57,7688.425
1243,20.016,1,5.56,7693.99
1244,22.572,1,6.27,7699.905
1245,24.876,1,6.91,7706.495
1246,26.208,0,7.28,7713.59
1247,26.208,0,7.28,7720.87
1248,26.352,0,7.32,7728.17
1249,26.388,0,7.33,7735.495
1250,26.172,0,7.27,7742.795
1251,25.956,0,7.21,7750.035
1252,25.776,0,7.16,7757.22
1253,25.56,0,7.1,7764.35
1254,25.524,0,7.09,7771.445
1255,25.272,0,7.02,7778.5
1256,25.272,0,7.02,7785.52
1257,25.02,0,6.95,7792.505
1258,24.768,0,6.88,7799.42
1259,24.588,0,6.83,7806.275
1260,24.12,0,6.7,7813.04
1261,23.94,0,6.65,7819.715
1262,23.508,0,6.53,7826.305
1263,23.364,0,6.49,7832.815
1264,23.184,0,6.44,7839.28
1265,23.004,0,6.39,7845.695
1266,22.716,0,6.31,7852.045
1267,22.5,0,6.25,7858.325
1268,22.32,0,6.2,7864.55
1269,22.248,0,6.18,7870.74
1270,22.032,0,6.12,7876.89
1271,21.96,0,6.1,7883
1272,21.672,0,6.02,7889.06
1273,21.456,0,5.96,7895.05
1274,21.276,0,5.91,7900.985
1275,20.88,0,5.8,7906.84
1276,20.232,0,5.62,7912.55
1277,20.052,0,5.57,7918.145
1278,19.62,0,5.45,7923.655
1279,19.368,0,5.38,7929.07
1280,19.188,0,5.33,7934.425
1281,18.936,0,5.26,7939.72
1282,18.756,0,5.21,7944.955
1283,18.54,0,5.15,7950.135
1284,18.468,0,5.13,7955.275
1285,18.396,0,5.11,7960.395
1286,18.072,0,5.02,7965.46
1287,17.892,0,4.97,7970.455
1288,17.712,0,4.92,7975.4
1289,17.1,0,4.75,7980.235
1290,16.956,0,4.71,7984.965
1291,16.74,0,4.65,7989.645
1292,16.668,0,4.63,7994.285
1293,16.74,0,4.65,7998.925
1294,16.632,0,4.62,8003.56
1295,16.704,1,4.64,8008.19
1296,20.628,1,5.73,8013.375
1297,23.94,0,6.65,8019.565
1298,24.156,0,6.71,8026.245
1299,24.156,0,6.71,8032.955
1300,24.048,0,6.68,8039.65
1301,23.796,0,6.61,8046.295
1302,23.58,0,6.55,8052.875
1303,23.292,0,6.47,8059.385
1304,23.22,0,6.45,8065.845
1305,23.148,0,6.43,8072.285
1306,23.148,0,6.43,8078.715
1307,22.968,0,6.38,8085.12
1308,22.644,0,6.29,8091.455
1309,22.464,0,6.24,8097.72
1310,22.032,0,6.12,8103.9
1311,21.708,0,6.03,8109.975
1312,21.312,0,5.92,8115.95
1313,20.952,0,5.82,8121.82
1314,20.628,0,5.73,8127.595
1315,20.304,0,5.64,8133.28
1316,20.016,0,5.56,8138.88
1317,19.8,0,5.5,8144.41
1318,19.404,0,5.39,8149.855
1319,19.008,0,5.28,8155.19
1320,18.54,0,5.15,8160.405
1321,18.144,0,5.04,8165.5
1322,17.604,0,4.89,8170.465
1323,17.208,0,4.78,8175.3
1324,16.92,0,4.7,8180.04
1325,16.668,0,4.63,8184.705
1326,16.416,0,4.56,8189.3
1327,16.128,0,4.48,8193.82
1328,15.66,0,4.35,8198.235
1329,15.444,1,4.29,8202.555
1330,19.08,1,5.3,8207.35
1331,23.22,1,6.45,8213.225
1332,25.164,0,6.99,8219.945
1333,25.956,0,7.21,8227.045
1334,25.848,0,7.18,8234.24
1335,25.74,0,7.15,8241.405
1336,25.452,0,7.07,8248.515
1337,25.164,0,6.99,8255.545
1338,24.624,0,6.84,8262.46
1339,24.372,0,6.77,8269.265
1340,23.976,0,6.66,8275.98
1341,23.976,0,6.66,8282.64
1342,23.904,0,6.64,8289.29
1343,23.544,0,6.54,8295.88
1344,23.472,0,6.52,8302.41
1345,23.436,0,6.51,8308.925
1346,23.544,0,6.54,8315.45
1347,23.652,0,6.57,8322.005
1348,23.724,0,6.59,8328.585
1349,23.724,0,6.59,8335.175
1350,23.796,0,6.61,8341.775
1351,24.048,0,6.68,8348.42
1352,24.084,0,6.69,8355.105
1353,24.084,0,6.69,8361.795
1354,24.192,0,6.72,8368.5
1355,24.264,0,6.74,8375.23
1356,24.192,0,6.72,8381.96
1357,24.156,0,6.71,8388.675
1358,24.156,0,6.71,8395.385
1359,24.192,0,6.72,8402.1
1360,24.084,0,6.69,8408.805
1361,23.976,0,6.66,8415.48
1362,23.904,0,6.64,8422.13
1363,23.652,0,6.57,8428.735
1364,23.544,0,6.54,8435.29
1365,23.508,0,6.53,8441.825
1366,23.292,0,6.47,8448.325
1367,23.184,0,6.44,8454.78
1368,22.824,0,6.34,8461.17
1369,22.608,0,6.28,8467.48
1370,22.284,0,6.19,8473.715
1371,22.068,0,6.13,8479.875
1372,21.708,0,6.03,8485.955
1373,21.24,0,5.9,8491.92
1374,20.988,0,5.83,8497.785
1375,20.952,0,5.82,8503.61
1376,20.88,0,5.8,8509.42
1377,20.736,0,5.76,8515.2
1378,20.016,0,5.56,8520.86
1379,19.368,0,5.38,8526.33
1380,18.468,0,5.13,8531.585
1381,17.712,0,4.92,8536.61
1382,17.496,0,4.86,8541.5
1383,17.712,0,4.92,8546.39
1384,17.928,0,4.98,8551.34
1385,18.108,0,5.03,8556.345
1386,18.144,0,5.04,8561.38
1387,18.108,0,5.03,8566.415
1388,18,0,5,8571.43
1389,17.892,0,4.97,8576.415
1390,17.82,0,4.95,8581.375
1391,17.676,0,4.91,8586.305
1392,17.532,0,4.87,8591.195
1393,17.388,0,4.83,8596.045
1394,17.352,0,4.82,8600.87
1395,17.496,0,4.86,8605.71
1396,17.676,0,4.91,8610.595
1397,17.892,0,4.97,8615.535
1398,18.108,0,5.03,8620.535
1399,18.324,0,5.09,8625.595
1400,18.468,0,5.13,8630.705
1401,18.756,0,5.21,8635.875
1402,18.864,0,5.24,8641.1
1403,18.612,0,5.17,8646.305
1404,18.396,0,5.11,8651.445
1405,18.252,0,5.07,8656.535
1406,18.18,0,5.05,8661.595
1407,18.036,0,5.01,8666.625
1408,18.108,0,5.03,8671.645
1409,17.784,0,4.94,8676.63
1410,17.676,0,4.91,8681.555
1411,17.784,0,4.94,8686.48
1412,17.856,0,4.96,8691.43
1413,17.892,0,4.97,8696.395
1414,17.964,0,4.99,8701.375
1415,18.072,0,5.02,8706.38
1416,18.252,0,5.07,8711.425
1417,18.216,0,5.06,8716.49
1418,18.432,0,5.12,8721.58
1419,18.504,0,5.14,8726.71
1420,18.576,0,5.16,8731.86
1421,18.684,0,5.19,8737.035
1422,18.468,0,5.13,8742.195
1423,18.396,0,5.11,8747.315
1424,18.396,0,5.11,8752.425
1425,18.54,0,5.15,8757.555
1426,18.432,0,5.12,8762.69
1427,18.648,0,5.18,8767.84
1428,18.864,0,5.24,8773.05
1429,19.296,0,5.36,8778.35
1430,19.512,0,5.42,8783.74
1431,19.476,0,5.41,8789.155
1432,19.008,0,5.28,8794.5
1433,18.684,0,5.19,8799.735
1434,18.324,0,5.09,8804.875
1435,17.964,0,4.99,8809.915
1436,17.892,0,4.97,8814.895
1437,18.036,0,5.01,8819.885
1438,18.252,0,5.07,8824.925
1439,18.36,0,5.1,8830.01
1440,18.324,0,5.09,8835.105
1441,18.036,0,5.01,8840.155
1442,18.252,0,5.07,8845.195
1443,18.396,0,5.11,8850.285
1444,18.432,0,5.12,8855.4
1445,18.468,0,5.13,8860.525
1446,18.54,0,5.15,8865.665
1447,18.576,0,5.16,8870.82
1448,18.288,0,5.08,8875.94
1449,18.144,0,5.04,8881
1450,17.964,0,4.99,8886.015
1451,17.532,0,4.87,8890.945
1452,17.028,0,4.73,8895.745
1453,16.524,0,4.59,8900.405
1454,16.2,0,4.5,8904.95
1455,15.912,0,4.42,8909.41
1456,15.552,0,4.32,8913.78
1457,15.552,0,4.32,8918.1
1458,15.48,0,4.3,8922.41
1459,15.228,0,4.23,8926.675
1460,15.12,0,4.2,8930.89
1461,14.976,0,4.16,8935.07
1462,14.868,0,4.13,8939.215
1463,14.868,0,4.13,8943.345
1464,14.616,0,4.06,8947.44
1465,14.472,0,4.02,8951.48
1466,14.364,0,3.99,8955.485
1467,14.22,0,3.95,8959.455
1468,13.896,0,3.86,8963.36
1469,13.788,0,3.83,8967.205
1470,13.572,0,3.77,8971.005
1471,13.284,0,3.69,8974.735
1472,13.032,0,3.62,8978.39
1473,12.852,0,3.57,8981.985
1474,12.564,0,3.49,8985.515
1475,12.42,0,3.45,8988.985
1476,12.384,0,3.44,8992.43
1477,12.42,0,3.45,8995.875
1478,12.276,0,3.41,8999.305
1479,12.168,0,3.38,9002.7
1480,12.132,0,3.37,9006.075
1481,12.204,0,3.39,9009.455
1482,12.312,0,3.42,9012.86
1483,12.24,0,3.4,9016.27
1484,11.376,0,3.16,9019.55
1485,8.892,0,2.47,9022.365
1486,7.2,0,2,9024.6
1487,5.76,0,1.6,9026.4
1488,3.564,0,0.99,9027.695
1489,3.096,0,0.86,9028.62
1490,0,0,0,9029.05
1491,0,,,
1492,0,,,
1493,0,,,
1494,0,,,
1495,0,,,
1496,0,,,
1497,0,,,
1498,0,,,
1499,0,,,
1500,0,,,
1501,0,,,
1502,0,,,
1503,0,,,
1504,0,,,
1505,0,,,
1506,0,,,
1507,0,,,
1508,0,,,
1509,0,,,
1510,0,,,
1511,0,,,
1512,0,,,
1513,0,,,
1514,0,,,
1515,0,,,
1516,0,,,
1517,0,,,
1518,0,,,
1519,0,,,
1520,0,,,
1521,0,,,
1522,0,,,
1523,0,,,
1524,0,,,
1525,0,,,
1526,0,,,
1527,0,,,
1528,0,,,
1529,0,,,
1530,0,,,
1531,0,,,
1532,0,,,
1533,0,,,
1534,0,,,
1535,0,,,
1536,0,,,
1537,0,,,
1538,0,,,
1539,0,,,
1540,0,,,
1541,0,,,
1542,0,,,
1543,0,,,
1544,0,,,
1545,0,,,
1546,0,,,
1547,0,,,
1548,0,,,
1549,0,,,
1550,0,,,
1551,0,,,
1552,0,,,
1553,0,,,
1554,0,,,
1555,0,,,
1556,0,,,
1557,0,,,
1558,0,,,
1559,0,,,
1560,0,,,
1561,0,,,
1562,0,,,
1563,0,,,
1564,0,,,
1565,0,,,
1566,0,,,
1567,0,,,
1568,0,,,
1569,0,,,
1570,0,,,
1571,0,,,
1572,0,,,
1573,0,,,
1574,0,,,
1575,0,,,
1576,0,,,
1577,0,,,
1578,0,,,
1579,0,,,
1580,0,,,
1581,0,,,
1582,0,,,
1583,0,,,
1584,0,,,
1585,0,,,
1586,0,,,
1587,0,,,
1588,0,,,
1589,0,,,
1590,0,,,
1591,0,,,
1592,0,,,
1593,0,,,
1594,0,,,
1595,0,,,
1596,0,,,
1597,0,,,
1598,0,,,
1599,0,,,
1600,0,,,
1601,0,,,
1602,0,,,
1603,0,,,
1604,0,,,
1605,0,,,
1606,0,,,
1607,0,,,
1608,0,,,
1609,0,,,
1610,0,,,
1611,0,,,
1612,0,,,
1613,0,,,
1614,0,,,
1615,0,,,
1616,0,,,
1617,0,,,
1618,0,,,
1619,0,,,
1620,0,,,
