latitude,longitude,elevation,time,speed,course,horizontal_dilution,vertical_dilution,position_dilution
-6.118485139,106.858802396,1.171,,,,,,
-6.118485688,106.858793379,1.141,,,,,,
-6.118486237,106.858784362,1.111,,,,,,
-6.118486787,106.858775345,1.082,,,,,,
-6.118487336,106.858766329,1.052,,,,,,
-6.118487885,106.858757312,1.023,,,,,,
-6.118488434,106.858748295,0.995,,,,,,
-6.118488984,106.858739278,0.966,,,,,,
-6.118489533,106.858730261,0.938,,,,,,
-6.118490081,106.858721244,0.91,,,,,,
-6.11849063,106.858712228,0.882,,,,,,
-6.118491178,106.858703211,0.855,,,,,,
-6.118491726,106.858694194,0.827,,,,,,
-6.118492274,106.858685177,0.8,,,,,,
-6.118492821,106.85867616,0.774,,,,,,
-6.118493368,106.858667143,0.747,,,,,,
-6.118493915,106.858658126,0.721,,,,,,
-6.118494462,106.858649109,0.695,,,,,,
-6.118495009,106.858640092,0.669,,,,,,
-6.118495555,106.858631075,0.644,,,,,,
-6.118496101,106.858622058,0.619,,,,,,
-6.118496647,106.858613041,0.594,,,,,,
-6.118497192,106.858604024,0.656,,,,,,
-6.118497737,106.858595007,0.742,,,,,,
-6.11849828,106.85858599,0.828,,,,,,
-6.118498821,106.858576972,0.915,,,,,,
-6.118499361,106.858567955,1.001,,,,,,
-6.118499899,106.858558937,1.088,,,,,,
-6.118500435,106.85854992,1.175,,,,,,
-6.118500968,106.858540902,1.262,,,,,,
-6.118501498,106.858531884,1.348,,,,,,
-6.118502026,106.858522866,1.436,,,,,,
-6.11850255,106.858513848,1.523,,,,,,
-6.118503071,106.858504829,1.61,,,,,,
-6.118503589,106.85849581,1.697,,,,,,
-6.118504103,106.858486791,1.785,,,,,,
-6.118504613,106.858477772,1.873,,,,,,
-6.118505119,106.858468753,1.96,,,,,,
-6.118505621,106.858459733,2.048,,,,,,
-6.118506118,106.858450713,2.136,,,,,,
-6.118506611,106.858441693,2.224,,,,,,
-6.118507098,106.858432673,2.312,,,,,,
-6.11850758,106.858423652,2.4,,,,,,
-6.118508057,106.858414631,2.489,,,,,,
-6.118508529,106.85840561,2.577,,,,,,
-6.118508995,106.858396588,2.665,,,,,,
-6.118509455,106.858387566,2.754,,,,,,
-6.118509909,106.858378544,2.842,,,,,,
-6.118510358,106.858369522,2.931,,,,,,
-6.118510801,106.858360499,3.02,,,,,,
-6.118511237,106.858351476,3.108,,,,,,
-6.118511668,106.858342453,3.197,,,,,,
-6.118512093,106.858333429,3.286,,,,,,
-6.118512512,106.858324405,3.396,,,,,,
-6.118512926,106.858315381,3.506,,,,,,
-6.118513335,106.858306357,3.616,,,,,,
-6.118513739,106.858297332,3.726,,,,,,
-6.118514139,106.858288307,3.837,,,,,,
-6.118514535,106.858279282,3.948,,,,,,
-6.118514928,106.858270257,4.059,,,,,,
-6.118515317,106.858261232,4.17,,,,,,
-6.118515703,106.858252207,4.281,,,,,,
-6.118516085,106.858243181,4.392,,,,,,
-6.118516465,106.858234156,4.503,,,,,,
-6.118516843,106.85822513,4.615,,,,,,
-6.118517217,106.858216104,4.727,,,,,,
-6.118517588,106.858207078,4.839,,,,,,
-6.118517956,106.858198052,4.951,,,,,,
-6.118518321,106.858189026,5.063,,,,,,
-6.118518683,106.858179999,5.175,,,,,,
-6.118519043,106.858170973,5.288,,,,,,
-6.118519401,106.858161946,5.4,,,,,,
-6.118519757,106.85815292,5.513,,,,,,
-6.118520111,106.858143893,5.626,,,,,,
-6.118520464,106.858134866,5.739,,,,,,
-6.118520815,106.858125839,5.852,,,,,,
-6.118521165,106.858116812,5.965,,,,,,
-6.118521515,106.858107786,6.079,,,,,,
-6.118521863,106.858098759,6.193,,,,,,
-6.11852221,106.858089732,6.306,,,,,,
-6.118522557,106.858080705,6.42,,,,,,
-6.118522903,106.858071678,6.535,,,,,,
-6.11852325,106.858062651,6.649,,,,,,
-6.118523596,106.858053624,6.735,,,,,,
-6.118523943,106.858044597,6.715,,,,,,
-6.118524291,106.85803557,6.696,,,,,,
-6.118524639,106.858026543,6.676,,,,,,
-6.118524989,106.858017516,6.656,,,,,,
-6.118525341,106.858008489,6.635,,,,,,
-6.118525693,106.857999462,6.614,,,,,,
-6.118526048,106.857990436,6.593,,,,,,
-6.118526404,106.857981409,6.572,,,,,,
-6.118526761,106.857972382,6.55,,,,,,
-6.118527121,106.857963356,6.528,,,,,,
-6.118527483,106.85795433,6.506,,,,,,
-6.118527848,106.857945303,6.483,,,,,,
-6.118528216,106.857936277,6.46,,,,,,
-6.118528586,106.857927251,6.437,,,,,,
-6.118528961,106.857918225,6.413,,,,,,
-6.11852934,106.8579092,6.389,,,,,,
-6.118529723,106.857900174,6.365,,,,,,
-6.118530111,106.857891149,6.34,,,,,,
-6.118530504,106.857882124,6.315,,,,,,
-6.118530902,106.857873099,6.29,,,,,,
-6.118531304,106.857864074,6.264,,,,,,
-6.118531713,106.85785505,6.238,,,,,,
-6.118532126,106.857846026,6.212,,,,,,
-6.118532543,106.857837002,6.185,,,,,,
-6.118532966,106.857827978,6.158,,,,,,
-6.118533395,106.857818955,6.131,,,,,,
-6.118533829,106.857809931,6.103,,,,,,
-6.11853427,106.857800909,6.074,,,,,,
-6.118534714,106.857791886,6.046,,,,,,
-6.118535162,106.857782863,6.017,,,,,,
-6.11853562,106.857773841,6.008,,,,,,
-6.1185361,106.857764821,6.025,,,,,,
-6.118536619,106.857755802,6.042,,,,,,
-6.118537173,106.857746785,6.059,,,,,,
-6.118537747,106.85773777,6.076,,,,,,
-6.118538326,106.857728755,6.092,,,,,,
-6.118538902,106.85771974,6.109,,,,,,
-6.118539482,106.857710725,6.124,,,,,,
-6.118540069,106.857701711,6.14,,,,,,
-6.118540663,106.857692697,6.155,,,,,,
-6.118541265,106.857683683,6.17,,,,,,
-6.118541874,106.85767467,6.185,,,,,,
-6.118542488,106.857665658,6.199,,,,,,
-6.11854311,106.857656646,6.214,,,,,,
-6.118543738,106.857647634,6.227,,,,,,
-6.118544372,106.857638623,6.241,,,,,,
-6.118545014,106.857629612,6.254,,,,,,
-6.118545661,106.857620602,6.267,,,,,,
-6.118546314,106.857611592,6.279,,,,,,
-6.118546973,106.857602583,6.291,,,,,,
-6.118547638,106.857593574,6.303,,,,,,
-6.11854831,106.857584565,6.315,,,,,,
-6.118548987,106.857575557,6.326,,,,,,
-6.118549671,106.85756655,6.336,,,,,,
-6.118550361,106.857557543,6.347,,,,,,
-6.118551059,106.857548536,6.357,,,,,,
-6.118551763,106.857539531,6.366,,,,,,
-6.118552475,106.857530525,6.376,,,,,,
-6.118553195,106.857521521,6.385,,,,,,
-6.118553922,106.857512517,6.393,,,,,,
-6.118554656,106.857503513,6.401,,,,,,
-6.118555399,106.85749451,6.377,,,,,,
-6.118556149,106.857485508,6.333,,,,,,
-6.118556908,106.857476507,6.289,,,,,,
-6.118557676,106.857467506,6.245,,,,,,
-6.118558451,106.857458506,6.201,,,,,,
-6.118559235,106.857449507,6.158,,,,,,
-6.118560028,106.857440508,6.114,,,,,,
-6.118560829,106.857431511,6.071,,,,,,
-6.11856164,106.857422514,6.028,,,,,,
-6.118562461,106.857413518,5.984,,,,,,
-6.118563293,106.857404523,5.941,,,,,,
-6.118564132,106.857395529,5.899,,,,,,
-6.118564972,106.857386535,5.856,,,,,,
-6.118565808,106.85737754,5.813,,,,,,
-6.118566629,106.857368544,5.771,,,,,,
-6.118567423,106.857359546,5.729,,,,,,
-6.118568186,106.857350545,5.688,,,,,,
-6.118568932,106.857341542,5.647,,,,,,
-6.118569682,106.85733254,5.606,,,,,,
-6.11857045,106.857323539,5.565,,,,,,
-6.118571233,106.85731454,5.524,,,,,,
-6.118572025,106.857305541,5.483,,,,,,
-6.118572822,106.857296543,5.442,,,,,,
-6.118573626,106.857287546,5.402,,,,,,
-6.118574436,106.857278549,5.362,,,,,,
-6.118575255,106.857269553,5.321,,,,,,
-6.118576081,106.857260557,5.282,,,,,,
-6.118576913,106.857251563,5.242,,,,,,
-6.118577752,106.857242568,5.202,,,,,,
-6.118578596,106.857233575,5.163,,,,,,
-6.118579447,106.857224581,5.123,,,,,,
-6.118580304,106.857215589,5.055,,,,,,
-6.118581168,106.857206597,4.977,,,,,,
-6.118582038,106.857197606,4.9,,,,,,
-6.118582914,106.857188615,4.823,,,,,,
-6.118583797,106.857179625,4.746,,,,,,
-6.118584687,106.857170636,4.671,,,,,,
-6.118585583,106.857161647,4.596,,,,,,
-6.118586485,106.857152659,4.521,,,,,,
-6.118587394,106.857143672,4.447,,,,,,
-6.118588309,106.857134685,4.374,,,,,,
-6.11858923,106.857125699,4.302,,,,,,
-6.118590158,106.857116714,4.23,,,,,,
-6.118591093,106.857107729,4.159,,,,,,
-6.118592034,106.857098745,4.088,,,,,,
-6.118592981,106.857089762,4.018,,,,,,
-6.118593935,106.857080779,3.949,,,,,,
-6.118594895,106.857071797,3.88,,,,,,
-6.118595861,106.857062816,3.813,,,,,,
-6.118596833,106.857053835,3.746,,,,,,
-6.118597811,106.857044855,3.679,,,,,,
-6.118598795,106.857035876,3.613,,,,,,
-6.118599785,106.857026897,3.548,,,,,,
-6.11860078,106.857017919,3.484,,,,,,
-6.118601781,106.857008941,3.421,,,,,,
-6.118602788,106.856999964,3.358,,,,,,
-6.1186038,106.856990988,3.296,,,,,,
-6.118604817,106.856982013,3.234,,,,,,
-6.118605841,106.856973038,3.174,,,,,,
-6.11860687,106.856964064,3.114,,,,,,
-6.118607905,106.85695509,3.055,,,,,,
-6.118608945,106.856946117,2.997,,,,,,
-6.118609992,106.856937145,2.887,,,,,,
-6.118611044,106.856928173,2.765,,,,,,
-6.118612102,106.856919202,2.644,,,,,,
-6.118613164,106.856910232,2.522,,,,,,
-6.118614229,106.856901262,2.401,,,,,,
-6.1186153,106.856892293,2.279,,,,,,
-6.118616378,106.856883324,2.158,,,,,,
-6.118617465,106.856874357,2.036,,,,,,
-6.118618561,106.856865391,1.915,,,,,,
-6.118619669,106.856856426,1.794,,,,,,
-6.118620787,106.856847463,1.673,,,,,,
-6.118621913,106.8568385,1.552,,,,,,
-6.118623044,106.856829538,1.431,,,,,,
-6.118624176,106.856820577,1.31,,,,,,
-6.11862531,106.856811615,1.189,,,,,,
-6.118626445,106.856802654,1.069,,,,,,
-6.118627582,106.856793693,0.948,,,,,,
-6.118628721,106.856784732,0.827,,,,,,
-6.11862986,106.856775771,0.706,,,,,,
-6.118631,106.856766811,0.585,,,,,,
-6.11863214,106.85675785,0.464,,,,,,
-6.11863328,106.856748889,0.344,,,,,,
-6.118634419,106.856739928,0.223,,,,,,
-6.118635558,106.856730968,0.102,,,,,,
-6.118636695,106.856722007,-0.019,,,,,,
-6.118637831,106.856713045,-0.14,,,,,,
-6.118638965,106.856704084,-0.261,,,,,,
-6.118640096,106.856695122,-0.382,,,,,,
-6.118641225,106.85668616,-0.502,,,,,,
-6.118642351,106.856677198,-0.623,,,,,,
-6.118643474,106.856668235,-0.744,,,,,,
-6.118644593,106.856659271,-0.792,,,,,,
-6.118645708,106.856650308,-0.824,,,,,,
-6.118646819,106.856641343,-0.858,,,,,,
-6.118647926,106.856632378,-0.891,,,,,,
-6.118649029,106.856623413,-0.925,,,,,,
-6.118650128,106.856614447,-0.96,,,,,,
-6.118651221,106.856605481,-0.995,,,,,,
-6.11865231,106.856596513,-1.031,,,,,,
-6.118653394,106.856587546,-1.067,,,,,,
-6.118654473,106.856578577,-1.104,,,,,,
-6.118655546,106.856569608,-1.141,,,,,,
-6.118656613,106.856560639,-1.179,,,,,,
-6.118657674,106.856551668,-1.218,,,,,,
-6.118658729,106.856542697,-1.256,,,,,,
-6.118659778,106.856533725,-1.296,,,,,,
-6.11866082,106.856524752,-1.336,,,,,,
-6.118661855,106.856515779,-1.376,,,,,,
-6.118662879,106.856506804,-1.417,,,,,,
-6.118663894,106.856497828,-1.459,,,,,,
-6.118664904,106.856488852,-1.501,,,,,,
-6.118665914,106.856479875,-1.543,,,,,,
-6.118666924,106.856470899,-1.586,,,,,,
-6.118667914,106.85646192,-1.63,,,,,,
-6.118668865,106.856452937,-1.674,,,,,,
-6.118669768,106.856443949,-1.718,,,,,,
-6.118670629,106.856434957,-1.763,,,,,,
-6.118671453,106.856425961,-1.809,,,,,,
-6.118672251,106.856416963,-1.854,,,,,,
-6.118673028,106.856407963,-1.901,,,,,,
-6.118673793,106.856398962,-1.947,,,,,,
-6.118674548,106.856389961,-1.994,,,,,,
-6.118675294,106.856380958,-1.985,,,,,,
-6.11867603,106.856371955,-1.968,,,,,,
-6.118676752,106.85636295,-1.951,,,,,,
-6.118677453,106.856353944,-1.934,,,,,,
-6.118678124,106.856344935,-1.918,,,,,,
-6.118678753,106.856335923,-1.902,,,,,,
-6.11867932,106.856326908,-1.886,,,,,,
-6.118679806,106.856317888,-1.871,,,,,,
-6.118680219,106.856308864,-1.855,,,,,,
-6.118680586,106.856299837,-1.84,,,,,,
-6.118680937,106.85629081,-1.824,,,,,,
-6.118681262,106.856281781,-1.809,,,,,,
-6.118681515,106.856272751,-1.794,,,,,,
-6.118681649,106.856263719,-1.778,,,,,,
-6.118681636,106.856254684,-1.762,,,,,,
-6.11868147,106.856245651,-1.746,,,,,,
-6.118681142,106.856236622,-1.728,,,,,,
-6.118680642,106.8562276,-1.71,,,,,,
-6.118679957,106.856218592,-1.691,,,,,,
-6.118679074,106.856209601,-1.67,,,,,,
-6.118677997,106.856200632,-1.649,,,,,,
-6.118676749,106.856191684,-1.626,,,,,,
-6.118675352,106.856182759,-1.601,,,,,,
-6.118673818,106.856173858,-1.575,,,,,,
-6.118672146,106.856164982,-1.548,,,,,,
-6.118670333,106.856156131,-1.519,,,,,,
-6.118668356,106.856147314,-1.489,,,,,,
-6.118666158,106.856138553,-1.456,,,,,,
-6.118663681,106.85612987,-1.42,,,,,,
-6.118660911,106.856121276,-1.382,,,,,,
-6.118657908,106.856112758,-1.341,,,,,,
-6.118654742,106.856104302,-1.29,,,,,,
-6.118651464,106.856095898,-1.236,,,,,,
-6.118648072,106.856087537,-1.181,,,,,,
-6.118644552,106.856079215,-1.126,,,,,,
-6.118640875,106.85607094,-1.07,,,,,,
-6.118636927,106.856062804,-1.012,,,,,,
-6.118632567,106.856054921,-0.952,,,,,,
-6.118627684,106.856047385,-0.89,,,,,,
-6.118622436,106.856040075,-0.826,,,,,,
-6.118617124,106.85603276,-0.761,,,,,,
-6.118612022,106.856025233,-0.697,,,,,,
-6.118606925,106.856017715,-0.619,,,,,,
-6.118601235,106.856010779,-0.532,,,,,,
-6.11859446,106.856004896,-0.438,,,,,,
-6.118587255,106.855999426,-0.34,,,,,,
-6.118580895,106.855993133,-0.249,,,,,,
-6.118575489,106.855985895,-0.165,,,,,,
-6.118569639,106.855979031,-0.077,,,,,,
-6.118562922,106.855973003,0.018,,,,,,
-6.118555715,106.855967564,0.115,,,,,,
-6.118548323,106.855962434,0.213,,,,,,
-6.118540929,106.855957316,0.312,,,,,,
-6.118533713,106.855951934,0.409,,,,,,
-6.11852683,106.855946099,0.504,,,,,,
-6.118520067,106.855940124,0.599,,,,,,
-6.118513006,106.855934597,0.695,,,,,,
-6.118505359,106.85592993,0.794,,,,,,
-6.118497265,106.855925951,0.896,,,,,,
-6.118488949,106.85592237,0.999,,,,,,
-6.1184806,106.855918944,1.101,,,,,,
-6.118472236,106.855915658,1.203,,,,,,
-6.118463814,106.855912572,1.306,,,,,,
-6.118455299,106.855909737,1.408,,,,,,
-6.118446696,106.855907137,1.51,,,,,,
-6.118438031,106.855904721,1.612,,,,,,
-6.11842933,106.855902444,1.714,,,,,,
-6.118420596,106.855900317,1.816,,,,,,
-6.118411818,106.855898405,1.918,,,,,,
-6.118402985,106.855896771,2.019,,,,,,
-6.118394095,106.855895453,2.12,,,,,,
-6.118385162,106.85589445,2.22,,,,,,
-6.118376204,106.855893757,2.319,,,,,,
-6.118367231,106.855893344,2.418,,,,,,
-6.11835825,106.855893139,2.516,,,,,,
-6.118349264,106.855893064,2.613,,,,,,
-6.118340278,106.855893081,2.71,,,,,,
-6.118331297,106.855893242,2.806,,,,,,
-6.118322324,106.855893615,2.902,,,,,,
-6.118313364,106.855894249,2.996,,,,,,
-6.118304421,106.855895124,3.09,,,,,,
-6.1182955,106.855896209,3.182,,,,,,
-6.118286605,106.855897481,3.274,,,,,,
-6.11827774,106.855898939,3.364,,,,,,
-6.118268908,106.85590059,3.454,,,,,,
-6.118260115,106.855902434,3.542,,,,,,
-6.118251359,106.855904459,3.629,,,,,,
-6.118242644,106.855906651,3.716,,,,,,
-6.118233969,106.855908998,3.801,,,,,,
-6.118225336,106.855911497,3.885,,,,,,
-6.118216748,106.855914144,3.968,,,,,,
-6.1182082,106.855916917,4.051,,,,,,
-6.118199668,106.855919745,4.133,,,,,,
-6.118191129,106.855922549,4.215,,,,,,
-6.118182569,106.855925284,4.297,,,,,,
-6.118174004,106.855928007,4.38,,,,,,
-6.11816546,106.855930792,4.462,,,,,,
-6.118156953,106.855933694,4.544,,,,,,
-6.118148481,106.855936697,4.624,,,,,,
-6.118140034,106.85593977,4.704,,,,,,
-6.118131606,106.855942894,4.784,,,,,,
-6.118123201,106.855946079,4.864,,,,,,
-6.118114826,106.855949347,4.942,,,,,,
-6.118106474,106.855952682,5.02,,,,,,
-6.118098107,106.855955971,5.099,,,,,,
-6.118089677,106.85595908,5.179,,,,,,
-6.118081153,106.855961918,5.261,,,,,,
-6.118072567,106.855964575,5.344,,,,,,
-6.118063964,106.855967185,5.427,,,,,,
-6.118055383,106.855969862,5.509,,,,,,
-6.118046828,106.855972614,5.53,,,,,,
-6.118038289,106.855975415,5.549,,,,,,
-6.118029759,106.855978243,5.567,,,,,,
-6.118021237,106.855981101,5.584,,,,,,
-6.118012729,106.855983996,5.599,,,,,,
-6.118004235,106.855986935,5.612,,,,,,
-6.117995758,106.855989921,5.624,,,,,,
-6.117987296,106.855992951,5.634,,,,,,
-6.11797885,106.855996027,5.643,,,,,,
-6.11797042,106.855999146,5.65,,,,,,
-6.117962006,106.85600231,5.656,,,,,,
-6.117953609,106.856005518,5.659,,,,,,
-6.117945232,106.856008778,5.661,,,,,,
-6.11793688,106.8560121,5.661,,,,,,
-6.117928551,106.856015483,5.659,,,,,,
-6.117920236,106.856018898,5.655,,,,,,
-6.117911919,106.856022313,5.65,,,,,,
-6.117903589,106.856025695,5.644,,,,,,
-6.117895233,106.856029011,5.637,,,,,,
-6.11788684,106.856032226,5.629,,,,,,
-6.117878405,106.85603533,5.621,,,,,,
-6.117869951,106.856038385,5.612,,,,,,
-6.11786151,106.856041473,5.601,,,,,,
-6.117853106,106.856044662,5.588,,,,,,
-6.117844741,106.856047954,5.572,,,,,,
-6.117836411,106.856051336,5.555,,,,,,
-6.117828115,106.856054799,5.535,,,,,,
-6.117819854,106.856058348,5.512,,,,,,
-6.117811636,106.856061994,5.487,,,,,,
-6.117803463,106.856065743,5.46,,,,,,
-6.11779534,106.856069599,5.429,,,,,,
-6.117787269,106.856073566,5.396,,,,,,
-6.117779254,106.856077646,5.36,,,,,,
-6.117771299,106.856081842,5.269,,,,,,
-6.117763409,106.85608616,5.166,,,,,,
-6.117755586,106.856090602,5.062,,,,,,
-6.117747836,106.85609517,4.957,,,,,,
-6.117740163,106.856099868,4.851,,,,,,
-6.117732572,106.856104698,4.744,,,,,,
-6.117725066,106.856109662,4.636,,,,,,
-6.11771765,106.85611476,4.531,,,,,,
-6.117710328,106.856119996,4.426,,,,,,
-6.117703106,106.856125369,4.322,,,,,,
-6.117695987,106.85613088,4.219,,,,,,
-6.117688977,106.85613653,4.115,,,,,,
-6.117682077,106.856142316,4.013,,,,,,
-6.11767529,106.856148235,3.91,,,,,,
-6.117668619,106.856154286,3.809,,,,,,
-6.117662071,106.856160472,3.708,,,,,,
-6.117655658,106.856166799,3.607,,,,,,
-6.117649386,106.856173269,3.508,,,,,,
-6.117643256,106.856179876,3.409,,,,,,
-6.117637266,106.856186608,3.31,,,,,,
-6.117631407,106.856193451,3.213,,,,,,
-6.117625604,106.856200343,3.117,,,,,,
-6.117619748,106.856207197,3.021,,,,,,
-6.117613753,106.856213943,2.927,,,,,,
-6.117607775,106.856220701,2.834,,,,,,
-6.117602111,106.856227701,2.741,,,,,,
-6.117596989,106.856235118,2.65,,,,,,
-6.117592085,106.856242703,2.559,,,,,,
-6.117586817,106.856250002,2.469,,,,,,
-6.117580909,106.856256803,2.381,,,,,,
-6.117574872,106.856263506,2.294,,,,,,
-6.117569282,106.85627056,2.208,,,,,,
-6.117564161,106.856277984,2.122,,,,,,
-6.117559213,106.85628555,2.037,,,,,,
-6.117554151,106.85629303,1.952,,,,,,
-6.117548701,106.856300199,1.87,,,,,,
-6.117542727,106.856306939,1.789,,,,,,
-6.117536604,106.856313558,1.71,,,,,,
-6.117530804,106.856320446,1.631,,,,,,
-6.117525411,106.856327669,1.552,,,,,,
-6.117520204,106.856335046,1.475,,,,,,
-6.11751499,106.856342415,1.398,,,,,,
-6.11750981,106.856349797,1.322,,,,,,
-6.117504798,106.856357286,1.247,,,,,,
-6.117500064,106.856364956,1.173,,,,,,
-6.117495583,106.856372788,1.131,,,,,,
-6.117491289,106.856380732,1.089,,,,,,
-6.117487126,106.856388745,1.047,,,,,,
-6.117483105,106.856396825,1.032,,,,,,
-6.117479261,106.856404987,1.017,,,,,,
-6.117475622,106.856413242,1.0,,,,,,
-6.117472161,106.856421577,0.983,,,,,,
-6.117468823,106.856429968,0.964,,,,,,
-6.117465561,106.856438394,0.946,,,,,,
-6.11746242,106.856446863,0.927,,,,,,
-6.117459506,106.856455407,0.906,,,,,,
-6.117456918,106.856464052,0.885,,,,,,
-6.117454686,106.856472802,0.861,,,,,,
-6.117452769,106.856481636,0.836,,,,,,
-6.117451128,106.856490531,0.81,,,,,,
-6.117449771,106.856499472,0.783,,,,,,
-6.11744877,106.856508451,0.754,,,,,,
-6.117448194,106.85651746,0.724,,,,,,
-6.117448036,106.85652649,0.692,,,,,,
-6.117448199,106.856535531,0.659,,,,,,
-6.117448585,106.85654457,0.625,,,,,,
-6.117449181,106.856553592,0.59,,,,,,
-6.117450075,106.856562581,0.554,,,,,,
-6.117451361,106.856571517,0.518,,,,,,
-6.117453069,106.856580389,0.48,,,,,,
-6.117455141,106.856589188,0.44,,,,,,
-6.117457515,106.856597907,0.4,,,,,,
-6.117460156,106.856606542,0.36,,,,,,
-6.117463065,106.85661509,0.319,,,,,,
-6.11746625,106.856623549,0.277,,,,,,
-6.117469737,106.856631896,0.234,,,,,,
-6.117473598,106.856640063,0.191,,,,,,
-6.117477905,106.856647979,0.147,,,,,,
-6.117482663,106.856655625,0.102,,,,,,
-6.117487668,106.856663128,0.057,,,,,,
-6.117492682,106.856670643,0.055,,,,,,
-6.117497526,106.85667828,0.092,,,,,,
-6.117502372,106.856685901,0.147,,,,,,
-6.117507509,106.856693281,0.219,,,,,,
-6.11751316,106.856700252,0.289,,,,,,
-6.117519222,106.856706915,0.359,,,,,,
-6.117525492,106.856713454,0.429,,,,,,
-6.117531853,106.856719944,0.498,,,,,,
-6.117538559,106.856725973,0.566,,,,,,
-6.11754596,106.856731006,0.629,,,,,,
-6.117553934,106.85673521,0.688,,,,,,
-6.117561548,106.856739959,0.749,,,,,,
-6.117568328,106.856745905,0.816,,,,,,
-6.117574733,106.856752283,0.885,,,,,,
-6.117581182,106.85675856,0.954,,,,,,
-6.117588016,106.856764382,1.02,,,,,,
-6.117595298,106.856769677,1.085,,,,,,
-6.117602853,106.856774613,1.147,,,,,,
-6.117610517,106.85677935,1.209,,,,,,
-6.117618249,106.856783943,1.27,,,,,,
-6.117626051,106.856788408,1.33,,,,,,
-6.117633932,106.856792748,1.39,,,,,,
-6.117641915,106.856796901,1.449,,,,,,
-6.117650026,106.856800786,1.506,,,,,,
-6.11765829,106.856804328,1.561,,,,,,
-6.117666698,106.856807519,1.614,,,,,,
-6.117675225,106.856810382,1.666,,,,,,
-6.117683845,106.856812945,1.715,,,,,,
-6.117692542,106.856815216,1.763,,,,,,
-6.117701308,106.856817197,1.809,,,,,,
-6.117710135,106.856818886,1.852,,,,,,
-6.117719013,106.856820284,1.894,,,,,,
-6.117727931,106.856821392,1.935,,,,,,
-6.117736877,106.856822213,1.973,,,,,,
-6.117745842,106.85682278,2.009,,,,,,
-6.117754819,106.856823152,2.044,,,,,,
-6.1177638,106.856823386,2.078,,,,,,
-6.117772783,106.856823504,2.111,,,,,,
-6.117781765,106.856823498,2.121,,,,,,
-6.117790746,106.856823361,2.102,,,,,,
-6.117799725,106.856823089,2.082,,,,,,
-6.117808699,106.856822684,2.061,,,,,,
-6.117817666,106.856822146,2.039,,,,,,
-6.117826625,106.856821488,2.017,,,,,,
-6.117835575,106.856820727,1.994,,,,,,
-6.117844519,106.856819883,1.971,,,,,,
-6.117853455,106.856818973,1.947,,,,,,
-6.117862387,106.856818014,1.924,,,,,,
-6.117871315,106.85681702,1.9,,,,,,
-6.11788024,106.856816005,1.877,,,,,,
-6.117889164,106.856814975,1.854,,,,,,
-6.117898087,106.85681394,1.831,,,,,,
-6.117907011,106.856812917,1.808,,,,,,
-6.11791594,106.856811928,1.786,,,,,,
-6.117924874,106.856810993,1.764,,,,,,
-6.117933816,106.856810129,1.743,,,,,,
-6.117942764,106.85680935,1.722,,,,,,
-6.117951721,106.856808671,1.702,,,,,,
-6.117960685,106.856808098,1.683,,,,,,
-6.117969657,106.856807635,1.664,,,,,,
-6.117978636,106.856807288,1.646,,,,,,
-6.117987619,106.856807106,1.629,,,,,,
-6.1179966,106.856807152,1.613,,,,,,
-6.118005575,106.85680747,1.598,,,,,,
-6.118014544,106.856807979,1.584,,,,,,
-6.11802351,106.856808549,1.57,,,,,,
-6.118032477,106.856809076,1.555,,,,,,
-6.118041442,106.856809605,1.541,,,,,,
-6.118050406,106.856810226,1.526,,,,,,
-6.11805936,106.856811029,1.506,,,,,,
-6.118068284,106.856812101,1.478,,,,,,
-6.11807715,106.856813529,1.451,,,,,,
-6.118085948,106.856815327,1.426,,,,,,
-6.118094719,106.856817286,1.401,,,,,,
-6.118103512,106.856819149,1.376,,,,,,
-6.118112346,106.856820817,1.35,,,,,,
-6.118121169,106.856822512,1.325,,,,,,
-6.118129922,106.856824497,1.3,,,,,,
-6.118138591,106.856826846,1.278,,,,,,
-6.118147222,106.856829372,1.256,,,,,,
-6.118155861,106.856831873,1.234,,,,,,
-6.118164514,106.856834312,1.211,,,,,,
-6.118173137,106.856836832,1.189,,,,,,
-6.118181686,106.856839581,1.168,,,,,,
-6.118190151,106.856842595,1.149,,,,,,
-6.118198562,106.856845776,1.13,,,,,,
-6.118206953,106.856849024,1.111,,,,,,
-6.118215325,106.856852313,1.093,,,,,,
-6.118223637,106.856855734,1.076,,,,,,
-6.118231845,106.85685939,1.059,,,,,,
-6.118239927,106.856863324,1.044,,,,,,
-6.118247919,106.856867455,1.03,,,,,,
-6.118255864,106.856871682,1.017,,,,,,
-6.118263788,106.856875942,1.004,,,,,,
-6.11827166,106.856880293,0.991,,,,,,
-6.118279431,106.856884822,0.979,,,,,,
-6.118287058,106.856889606,0.969,,,,,,
-6.118294499,106.85689468,0.961,,,,,,
-6.118301714,106.856900063,0.954,,,,,,
-6.118308681,106.85690576,0.949,,,,,,
-6.11831547,106.856911677,0.946,,,,,,
-6.118322184,106.856917685,0.944,,,,,,
-6.118328913,106.856923675,0.941,,,,,,
-6.118335639,106.856929662,0.962,,,,,,
-6.11834229,106.856935732,1.03,,,,,,
-6.118348792,106.856941968,1.101,,,,,,
-6.118355089,106.856948419,1.225,,,,,,
-6.118361146,106.856955095,1.38,,,,,,
-6.11836693,106.856962005,1.535,,,,,,
-6.118372462,106.85696912,1.688,,,,,,
-6.118377823,106.856976374,1.84,,,,,,
-6.118383092,106.856983699,1.989,,,,,,
-6.11838828,106.856991078,2.135,,,,,,
-6.118393312,106.856998561,2.28,,,,,,
-6.118398105,106.8570062,2.422,,,,,,
-6.118402608,106.857014019,2.564,,,,,,
-6.118406824,106.857022004,2.704,,,,,,
-6.118410756,106.85703013,2.842,,,,,,
-6.118414463,106.85703836,2.978,,,,,,
-6.118418107,106.857046618,3.113,,,,,,
-6.118421862,106.857054823,3.244,,,,,,
-6.11842586,106.857062914,3.372,,,,,,
-6.11842996,106.857070958,3.498,,,,,,
-6.118433923,106.857079063,3.621,,,,,,
-6.118437518,106.857087334,3.743,,,,,,
-6.118440692,106.857095788,3.865,,,,,,
-6.118443524,106.857104374,3.987,,,,,,
-6.118446098,106.857113038,4.107,,,,,,
-6.11844854,106.857121734,4.227,,,,,,
-6.118451011,106.857130416,4.344,,,,,,
-6.118453672,106.857139041,4.459,,,,,,
-6.118456552,106.857147603,4.571,,,,,,
-6.118459434,106.857156163,4.681,,,,,,
-6.118462072,106.857164791,4.79,,,,,,
-6.118464302,106.857173535,4.9,,,,,,
-6.118466227,106.857182364,5.01,,,,,,
-6.118468008,106.857191228,5.12,,,,,,
-6.11846978,106.857200088,5.228,,,,,,
-6.118471551,106.857208943,5.335,,,,,,
-6.1184733,106.857217802,5.441,,,,,,
-6.118475005,106.857226671,5.514,,,,,,
-6.118476636,106.857235555,5.555,,,,,,
-6.118478165,106.857244458,5.597,,,,,,
-6.118479566,106.85725338,5.639,,,,,,
-6.118480862,106.857262319,5.681,,,,,,
-6.118482112,106.857271266,5.723,,,,,,
-6.118483373,106.857280211,5.765,,,,,,
-6.118484638,106.857289156,5.806,,,,,,
-6.11848584,106.857298108,5.847,,,,,,
-6.118486905,106.857307077,5.889,,,,,,
-6.1184878,106.857316066,5.932,,,,,,
-6.118488537,106.857325071,5.975,,,,,,
-6.118489135,106.857334086,6.019,,,,,,
-6.118489608,106.857343108,6.063,,,,,,
-6.118489965,106.857352135,6.108,,,,,,
-6.118490215,106.857361165,6.153,,,,,,
-6.118490366,106.857370198,6.199,,,,,,
-6.118490425,106.857379232,6.245,,,,,,
-6.118490401,106.857388266,6.292,,,,,,
-6.118490308,106.857397299,6.339,,,,,,
-6.118490163,106.857406332,6.387,,,,,,
-6.118489988,106.857415364,6.435,,,,,,
-6.1184898,106.857424396,6.482,,,,,,
-6.11848962,106.857433427,6.53,,,,,,
-6.118489463,106.85744246,6.578,,,,,,
-6.118489328,106.857451492,6.626,,,,,,
-6.118489185,106.857460525,6.673,,,,,,
-6.118489009,106.857469557,6.721,,,,,,
-6.118488789,106.857478588,6.77,,,,,,
-6.118488538,106.857487618,6.818,,,,,,
-6.118488268,106.857496648,6.867,,,,,,
-6.11848799,106.857505677,6.868,,,,,,
-6.118487707,106.857514707,6.841,,,,,,
-6.118487424,106.857523736,6.814,,,,,,
-6.118487143,106.857532765,6.787,,,,,,
-6.118486862,106.857541794,6.76,,,,,,
-6.118486581,106.857550824,6.733,,,,,,
-6.118486299,106.857559853,6.705,,,,,,
-6.118486018,106.857568882,6.677,,,,,,
-6.118485736,106.857577912,6.65,,,,,,
-6.118485455,106.857586941,6.622,,,,,,
-6.118485173,106.85759597,6.593,,,,,,
-6.118484891,106.857604999,6.565,,,,,,
-6.118484609,106.857614029,6.537,,,,,,
-6.118484327,106.857623058,6.508,,,,,,
-6.118484046,106.857632087,6.48,,,,,,
-6.118483765,106.857641117,6.451,,,,,,
-6.118483484,106.857650146,6.422,,,,,,
-6.118483202,106.857659175,6.393,,,,,,
-6.118482921,106.857668204,6.364,,,,,,
-6.118482639,106.857677234,6.335,,,,,,
-6.118482358,106.857686263,6.305,,,,,,
-6.118482077,106.857695292,6.276,,,,,,
-6.118481796,106.857704322,6.246,,,,,,
-6.118481514,106.857713351,6.216,,,,,,
-6.118481233,106.85772238,6.186,,,,,,
-6.118480951,106.85773141,6.156,,,,,,
-6.11848067,106.857740439,6.126,,,,,,
-6.118480388,106.857749468,6.096,,,,,,
-6.118480105,106.857758497,6.065,,,,,,
-6.118479821,106.857767527,6.035,,,,,,
-6.118479533,106.857776556,6.004,,,,,,
-6.118479241,106.857785585,6.003,,,,,,
-6.118478946,106.857794613,6.006,,,,,,
-6.118478644,106.857803642,6.009,,,,,,
-6.118478338,106.85781267,6.011,,,,,,
-6.118478025,106.857821699,6.013,,,,,,
-6.118477705,106.857830727,6.015,,,,,,
-6.118477377,106.857839754,6.017,,,,,,
-6.11847704,106.857848782,6.018,,,,,,
-6.118476694,106.857857809,6.019,,,,,,
-6.118476338,106.857866835,6.019,,,,,,
-6.118475972,106.857875862,6.019,,,,,,
-6.118475593,106.857884887,6.019,,,,,,
-6.118475203,106.857893913,6.018,,,,,,
-6.118474799,106.857902937,6.017,,,,,,
-6.118474383,106.857911961,6.015,,,,,,
-6.118473956,106.857920985,6.013,,,,,,
-6.118473523,106.857930008,6.01,,,,,,
-6.118473108,106.857939032,6.007,,,,,,
-6.118472736,106.857948058,6.005,,,,,,
-6.118472419,106.857957086,6.002,,,,,,
-6.118472131,106.857966115,5.999,,,,,,
-6.118471836,106.857975144,5.996,,,,,,
-6.118471507,106.857984172,5.992,,,,,,
-6.118471149,106.857993198,5.988,,,,,,
-6.118470768,106.858002224,5.983,,,,,,
-6.118470372,106.858011249,5.978,,,,,,
-6.118469958,106.858020273,5.972,,,,,,
-6.118469525,106.858029296,5.965,,,,,,
-6.118469069,106.858038318,5.957,,,,,,
-6.118468591,106.858047339,5.949,,,,,,
-6.118468092,106.858056359,5.932,,,,,,
-6.118467572,106.858065378,5.828,,,,,,
-6.118467028,106.858074395,5.724,,,,,,
-6.118466457,106.85808341,5.62,,,,,,
-6.118465855,106.858092424,5.516,,,,,,
-6.11846522,106.858101435,5.412,,,,,,
-6.118464551,106.858110444,5.308,,,,,,
-6.118463844,106.85811945,5.203,,,,,,
-6.118463099,106.858128452,5.099,,,,,,
-6.118462313,106.858137451,4.994,,,,,,
-6.118461485,106.858146447,4.889,,,,,,
-6.118460613,106.858155438,4.784,,,,,,
-6.118459696,106.858164424,4.679,,,,,,
-6.118458731,106.858173406,4.574,,,,,,
-6.118457718,106.858182382,4.469,,,,,,
-6.118456652,106.858191352,4.364,,,,,,
-6.118455534,106.858200316,4.259,,,,,,
-6.118454366,106.858209273,4.154,,,,,,
-6.118453147,106.858218223,4.049,,,,,,
-6.118451876,106.858227166,3.944,,,,,,
-6.118450541,106.858236099,3.839,,,,,,
-6.118449132,106.858245022,3.735,,,,,,
-6.118447679,106.858253937,3.63,,,,,,
-6.118446257,106.858262857,3.527,,,,,,
-6.118444945,106.858271793,3.425,,,,,,
-6.118443758,106.858280747,3.324,,,,,,
-6.118442611,106.858289707,3.224,,,,,,
-6.118441415,106.858298661,3.125,,,,,,
-6.118440116,106.8583076,3.025,,,,,,
-6.118438732,106.858316526,2.926,,,,,,
-6.118437287,106.858325442,2.827,,,,,,
-6.118435811,106.858334353,2.729,,,,,,
-6.118434336,106.858343264,2.643,,,,,,
-6.118432899,106.858352182,2.557,,,,,,
-6.1184315,106.858361106,2.472,,,,,,
-6.118430076,106.858370025,2.386,,,,,,
-6.118428554,106.858378928,2.301,,,,,,
-6.118426911,106.858387809,2.215,,,,,,
-6.11842522,106.858396682,2.13,,,,,,
-6.118423567,106.858405561,2.045,,,,,,
-6.118421995,106.858414455,1.961,,,,,,
-6.118420455,106.858423355,1.877,,,,,,
-6.118418885,106.85843225,1.794,,,,,,
-6.118417236,106.858441131,1.711,,,,,,
-6.118415493,106.858449993,1.627,,,,,,
-6.118413648,106.858458834,1.544,,,,,,
-6.118411703,106.858467654,1.461,,,,,,
-6.118409698,106.85847646,1.378,,,,,,
-6.118407674,106.858485261,1.295,,,,,,
-6.118405664,106.858494066,1.213,,,,,,
-6.118403674,106.858502875,1.131,,,,,,
-6.118401705,106.858511689,1.05,,,,,,
-6.118399749,106.858520506,0.969,,,,,,
-6.118397771,106.858529318,0.889,,,,,,
-6.118395727,106.858538115,0.809,,,,,,
-6.118393581,106.858546888,0.729,,,,,,
-6.118391318,106.858555631,0.65,,,,,,
-6.118388924,106.858564338,0.571,,,,,,
-6.118386411,106.858573011,0.492,,,,,,
-6.118383853,106.858581671,0.413,,,,,,
-6.118381336,106.858590343,0.335,,,,,,
-6.118378915,106.858599042,0.258,,,,,,
-6.118376542,106.858607755,0.182,,,,,,
-6.118374146,106.858616461,0.18,,,,,,
-6.118371669,106.858625145,0.225,,,,,,
-6.118369107,106.858633804,0.271,,,,,,
-6.118366467,106.858642439,0.318,,,,,,
-6.118363762,106.858651053,0.366,,,,,,
-6.118361019,106.858659655,0.414,,,,,,
-6.118358266,106.858668255,0.464,,,,,,
-6.118355525,106.858676858,0.515,,,,,,
-6.118352765,106.858685455,0.568,,,,,,
-6.118349938,106.858694029,0.621,,,,,,
-6.118347005,106.858702568,0.675,,,,,,
-6.118343962,106.858711068,0.73,,,,,,
-6.118340817,106.85871953,0.787,,,,,,
-6.118337583,106.858727958,0.844,,,,,,
-6.118334292,106.858736364,0.902,,,,,,
-6.118330983,106.858744762,0.967,,,,,,
-6.118327683,106.858753165,1.033,,,,,,
-6.118324369,106.858761561,1.098,,,,,,
-6.118320997,106.858769934,1.163,,,,,,
-6.118317529,106.858778268,1.226,,,,,,
-6.118313951,106.858786555,1.289,,,,,,
-6.118310255,106.858794789,1.351,,,,,,
-6.118306444,106.858802969,1.411,,,,,,
-6.118302574,106.858811121,1.471,,,,,,
-6.118298716,106.85881928,1.53,,,,,,
-6.118294931,106.858827472,1.588,,,,,,
-6.118291194,106.858835686,1.646,,,,,,
-6.118287451,106.858843898,1.703,,,,,,
-6.118283649,106.858852084,1.759,,,,,,
-6.118279768,106.858860231,1.814,,,,,,
-6.118275795,106.858868334,1.867,,,,,,
-6.118271726,106.858876387,1.92,,,,,,
-6.118267583,106.858884402,1.972,,,,,,
-6.118263405,106.8588924,2.016,,,,,,
-6.118259225,106.858900396,2.052,,,,,,
-6.118255055,106.858908397,2.09,,,,,,
-6.118250895,106.858916403,2.128,,,,,,
-6.118246741,106.858924413,2.168,,,,,,
-6.118242576,106.858932417,2.208,,,,,,
-6.11823837,106.858940399,2.249,,,,,,
-6.118234094,106.858948344,2.291,,,,,,
-6.118229733,106.858956242,2.333,,,,,,
-6.118225276,106.858964086,2.376,,,,,,
-6.118220717,106.85897187,2.42,,,,,,
-6.118216107,106.858979623,2.464,,,,,,
-6.118211518,106.858987389,2.51,,,,,,
-6.118207023,106.858995209,2.557,,,,,,
-6.118202624,106.859003085,2.605,,,,,,
-6.11819828,106.859010993,2.653,,,,,,
-6.118193948,106.859018908,2.703,,,,,,
-6.118189601,106.859026813,2.753,,,,,,
-6.118185218,106.859034699,2.805,,,,,,
-6.118180784,106.859042554,2.857,,,,,,
-6.11817629,106.859050376,2.91,,,,,,
-6.118171741,106.859058166,2.964,,,,,,
-6.118167141,106.859065926,3.019,,,,,,
-6.118162494,106.859073656,3.074,,,,,,
-6.118157799,106.859081358,3.131,,,,,,
-6.118153058,106.859089031,3.188,,,,,,
-6.118148272,106.859096676,3.246,,,,,,
-6.118143442,106.859104293,3.306,,,,,,
-6.11813857,106.859111882,3.366,,,,,,
-6.118133657,106.859119445,3.427,,,,,,
-6.118128705,106.859126981,3.489,,,,,,
-6.118123715,106.859134493,3.551,,,,,,
-6.118118688,106.859141979,3.615,,,,,,
-6.118113624,106.859149441,3.68,,,,,,
-6.118108524,106.859156877,3.746,,,,,,
-6.118103386,106.859164287,3.812,,,,,,
-6.118098211,106.859171671,3.841,,,,,,
-6.118092999,106.859179029,3.853,,,,,,
-6.118087768,106.859186372,3.868,,,,,,
-6.118082542,106.859193719,3.884,,,,,,
-6.118077345,106.859201088,3.902,,,,,,
-6.118072165,106.859208468,3.922,,,,,,
-6.11806697,106.859215838,3.944,,,,,,
-6.118061731,106.859223175,3.969,,,,,,
-6.118056445,106.859230479,3.995,,,,,,
-6.118051126,106.859237759,3.992,,,,,,
-6.118045786,106.859245023,3.98,,,,,,
-6.118040416,106.859252265,3.966,,,,,,
-6.118034996,106.859259468,3.951,,,,,,
-6.118029512,106.859266624,3.933,,,,,,
-6.118024009,106.859273765,3.912,,,,,,
-6.118018558,106.859280944,3.89,,,,,,
-6.118013223,106.85928821,3.867,,,,,,
-6.118007993,106.859295555,3.841,,,,,,
-6.118002811,106.859302935,3.814,,,,,,
-6.117997621,106.859310309,3.784,,,,,,
-6.1179924,106.85931766,3.753,,,,,,
-6.117987147,106.859324988,3.719,,,,,,
-6.117981865,106.859332294,3.684,,,,,,
-6.117976553,106.859339579,3.646,,,,,,
-6.117971211,106.859346842,3.606,,,,,,
-6.11796584,106.859354082,3.564,,,,,,
-6.117960437,106.859361299,3.52,,,,,,
-6.117955005,106.859368493,3.474,,,,,,
-6.117949542,106.859375664,3.426,,,,,,
-6.11794405,106.859382813,3.375,,,,,,
-6.117938529,106.859389939,3.323,,,,,,
-6.117932982,106.859397044,3.268,,,,,,
-6.117927406,106.859404126,3.211,,,,,,
-6.117921797,106.859411182,3.152,,,,,,
-6.117916151,106.859418209,3.091,,,,,,
-6.117910468,106.859425204,3.028,,,,,,
-6.117904746,106.859432168,2.962,,,,,,
-6.117898981,106.859439097,2.894,,,,,,
-6.11789316,106.859445977,2.825,,,,,,
-6.11788726,106.859452789,2.758,,,,,,
-6.117881271,106.859459521,2.691,,,,,,
-6.117875235,106.859466211,2.623,,,,,,
-6.117869217,106.859472918,2.556,,,,,,
-6.117863279,106.859479695,2.489,,,,,,
-6.117857419,106.859486541,2.422,,,,,,
-6.117851604,106.859493427,2.355,,,,,,
-6.117845798,106.859500322,2.289,,,,,,
-6.117839967,106.859507195,2.222,,,,,,
-6.117834073,106.859514011,2.155,,,,,,
-6.11782808,106.859520739,2.088,,,,,,
-6.117821969,106.859527361,2.02,,,,,,
-6.117815745,106.859533876,1.951,,,,,,
-6.11780941,106.859540283,1.883,,,,,,
-6.117802966,106.859546578,1.814,,,,,,
-6.117796409,106.859552753,1.744,,,,,,
-6.117789734,106.859558799,1.674,,,,,,
-6.117782942,106.859564712,1.604,,,,,,
-6.117776033,106.859570487,1.537,,,,,,
-6.11776901,106.859576122,1.478,,,,,,
-6.11776187,106.859581607,1.42,,,,,,
-6.117754612,106.859586931,1.363,,,,,,
-6.117747236,106.859592084,1.307,,,,,,
-6.117739758,106.859597088,1.252,,,,,,
-6.117732213,106.859601992,1.198,,,,,,
-6.117724634,106.859606848,1.145,,,,,,
-6.117717021,106.859611648,1.092,,,,,,
-6.117709338,106.859616328,1.041,,,,,,
-6.117701548,106.859620818,0.99,,,,,,
-6.117693634,106.859625087,0.941,,,,,,
-6.117685611,106.859629156,0.892,,,,,,
-6.117677497,106.85963305,0.844,,,,,,
-6.117669298,106.859636764,0.797,,,,,,
-6.117661002,106.859640235,0.751,,,,,,
-6.117652593,106.859643394,0.705,,,,,,
-6.117644075,106.859646238,0.661,,,,,,
-6.117635505,106.859648944,0.617,,,,,,
-6.117626951,106.859651725,0.573,,,,,,
-6.117618461,106.859654726,0.53,,,,,,
-6.117609981,106.859657738,0.488,,,,,,
-6.117601422,106.859660421,0.446,,,,,,
-6.117592712,106.859662519,0.405,,,,,,
-6.117583898,106.859664259,0.365,,,,,,
-6.11757507,106.859666044,0.325,,,,,,
-6.117566296,106.85966815,0.285,,,,,,
-6.117557534,106.859670193,0.246,,,,,,
-6.117548707,106.859671579,0.207,,,,,,
-6.117539772,106.859672073,0.169,,,,,,
-6.117530763,106.859672285,0.131,,,,,,
-6.11752173,106.85967286,0.092,,,,,,
-6.117512742,106.859673358,0.054,,,,,,
-6.117503883,106.859672635,0.016,,,,,,
-6.117495135,106.859670572,0.032,,,,,,
-6.117486363,106.859668327,0.089,,,,,,
-6.117477567,106.859666367,0.145,,,,,,
-6.117468997,106.859663848,0.2,,,,,,
-6.117460793,106.859660241,0.251,,,,,,
-6.117452774,106.85965607,0.3,,,,,,
-6.11744474,106.859651951,0.348,,,,,,
-6.117436719,106.859647886,0.395,,,,,,
-6.117428865,106.859643549,0.44,,,,,,
-6.117421272,106.859638743,0.482,,,,,,
-6.11741386,106.859633617,0.521,,,,,,
-6.117406529,106.859628375,0.559,,,,,,
-6.117399231,106.859623109,0.596,,,,,,
-6.117391981,106.859617781,0.632,,,,,,
-6.117384801,106.859612349,0.665,,,,,,
-6.117377744,106.859606753,0.697,,,,,,
-6.117370876,106.859600933,0.727,,,,,,
-6.117364231,106.859594858,0.753,,,,,,
-6.117357703,106.859588651,0.778,,,,,,
-6.117351147,106.859582473,0.802,,,,,,
-6.117344489,106.859576406,0.826,,,,,,
-6.117337826,106.859570349,0.848,,,,,,
-6.117331272,106.859564174,0.869,,,,,,
-6.117324886,106.859557821,0.888,,,,,,
-6.117318637,106.859551328,0.904,,,,,,
-6.11731249,106.859544738,0.919,,,,,,
-6.117306421,106.859538077,0.932,,,,,,
-6.117300424,106.859531352,0.943,,,,,,
-6.117294492,106.859524569,0.953,,,,,,
-6.117288614,106.859517738,0.962,,,,,,
-6.117282773,106.859510875,0.969,,,,,,
-6.11727695,106.859503996,0.975,,,,,,
-6.117271142,106.859497105,0.98,,,,,,
-6.117265364,106.859490188,0.984,,,,,,
-6.11725963,106.859483235,0.986,,,,,,
-6.117253926,106.859476256,0.987,,,,,,
-6.11724821,106.859469288,0.988,,,,,,
-6.117242438,106.859462366,0.987,,,,,,
-6.117236586,106.859455513,0.986,,,,,,
-6.117230646,106.859448735,0.985,,,,,,
-6.117224612,106.859442041,0.992,,,,,,
-6.117218475,106.859435443,1.012,,,,,,
-6.11721222,106.859428959,1.03,,,,,,
-6.117205834,106.859422606,1.045,,,,,,
-6.11719931,106.859416396,1.057,,,,,,
-6.11719265,106.859410332,1.067,,,,,,
-6.117185852,106.859404419,1.074,,,,,,
-6.117178903,106.859398686,1.079,,,,,,
-6.117171776,106.859393186,1.081,,,,,,
-6.117164448,106.859387962,1.081,,,,,,
-6.117156967,106.859382957,1.079,,,,,,
-6.117149448,106.859378013,1.074,,,,,,
-6.117142003,106.859372976,1.066,,,,,,
-6.117134628,106.859367841,1.054,,,,,,
-6.117127194,106.859362761,1.04,,,,,,
-6.117119573,106.859357897,1.024,,,,,,
-6.11711169,106.859353457,1.007,,,,,,
-6.117103522,106.859349689,0.99,,,,,,
-6.11709505,106.859346827,0.975,,,,,,
-6.11708635,106.859344665,0.962,,,,,,
-6.1170776,106.85934251,0.947,,,,,,
-6.117068966,106.859339741,0.928,,,,,,
-6.117060383,106.859336935,0.906,,,,,,
-6.117051625,106.859335485,0.891,,,,,,
-6.117042632,106.859335514,0.886,,,,,,
-6.11703365,106.859334826,0.875,,,,,,
-6.117024816,106.859332818,0.854,,,,,,
-6.117016015,106.859332141,0.842,,,,,,
-6.117007158,106.859333696,0.848,,,,,,
-6.116998232,106.859335277,0.856,,,,,,
-6.116989255,106.859335646,0.853,,,,,,
-6.116980298,106.859336175,0.853,,,,,,
-6.116971437,106.859337744,0.862,,,,,,
-6.116962749,106.859340196,0.882,,,,,,
-6.11695428,106.85934327,0.911,,,,,,
-6.116945882,106.859346467,0.942,,,,,,
-6.116937341,106.859349207,0.98,,,,,,
-6.116928622,106.859351422,1.014,,,,,,
-6.116919912,106.85935366,1.048,,,,,,
-6.116911406,106.859356492,1.088,,,,,,
-6.116903177,106.8593601,1.134,,,,,,
-6.116895161,106.859364246,1.185,,,,,,
-6.116887292,106.859368674,1.238,,,,,,
-6.116879522,106.859373222,1.291,,,,,,
-6.116871837,106.859377885,1.344,,,,,,
-6.116864228,106.859382674,1.397,,,,,,
-6.116856703,106.859387609,1.451,,,,,,
-6.116849305,106.859392741,1.505,,,,,,
-6.116842085,106.859398119,1.561,,,,,,
-6.116835082,106.859403782,1.618,,,,,,
-6.116828298,106.859409711,1.677,,,,,,
-6.116821728,106.859415877,1.737,,,,,,
-6.116815361,106.859422251,1.797,,,,,,
-6.116809167,106.859428795,1.858,,,,,,
-6.116803112,106.859435472,1.92,,,,,,
-6.116797175,106.859442256,1.981,,,,,,
-6.11679139,106.85944917,2.034,,,,,,
-6.11678581,106.859456248,2.085,,,,,,
-6.116780474,106.859463518,2.137,,,,,,
-6.116775385,106.859470967,2.191,,,,,,
-6.116770535,106.859478574,2.246,,,,,,
-6.116765906,106.859486317,2.301,,,,,,
-6.116761454,106.859494163,2.358,,,,,,
-6.116757128,106.859502083,2.415,,,,,,
-6.11675289,106.859510052,2.472,,,,,,
-6.11674878,106.859518086,2.53,,,,,,
-6.116744853,106.859526209,2.589,,,,,,
-6.116741154,106.859534442,2.648,,,,,,
-6.116737679,106.859542775,2.708,,,,,,
-6.11673441,106.859551193,2.769,,,,,,
-6.116731329,106.85955968,2.83,,,,,,
-6.116728428,106.859568231,2.891,,,,,,
-6.1167257,106.859576839,2.953,,,,,,
-6.11672314,106.8595855,3.016,,,,,,
-6.116720752,106.859594211,3.078,,,,,,
-6.116718545,106.859602968,3.141,,,,,,
-6.116716519,106.859611768,3.205,,,,,,
-6.116714626,106.859620599,3.268,,,,,,
-6.116712798,106.859629445,3.332,,,,,,
-6.116710971,106.859638292,3.396,,,,,,
-6.116709165,106.859647143,3.459,,,,,,
-6.11670745,106.859656009,3.523,,,,,,
-6.116705893,106.859664903,3.587,,,,,,
-6.116704515,106.859673829,3.652,,,,,,
-6.116703302,106.859682783,3.716,,,,,,
-6.116702232,106.85969176,3.781,,,,,,
-6.116701172,106.859700738,3.845,,,,,,
-6.116699881,106.859709673,3.91,,,,,,
-6.116698158,106.859718531,3.973,,,,,,
-6.116696164,106.859727342,3.996,,,,,,
-6.116694245,106.85973617,3.99,,,,,,
-6.116692643,106.859745059,3.985,,,,,,
-6.116691183,106.859753974,3.98,,,,,,
-6.116689588,106.859762863,3.976,,,,,,
-6.116687714,106.859771696,3.973,,,,,,
-6.116685705,106.859780503,3.971,,,,,,
-6.116683737,106.859789319,3.97,,,,,,
-6.116681877,106.859798157,3.97,,,,,,
-6.116680088,106.85980701,3.971,,,,,,
-6.116678326,106.859815868,3.972,,,,,,
-6.116676543,106.859824723,3.974,,,,,,
-6.11667469,106.859833562,3.977,,,,,,
-6.116672736,106.859842379,3.981,,,,,,
-6.116670759,106.859851191,3.986,,,,,,
-6.116668869,106.859860023,3.992,,,,,,
-6.11666712,106.859868885,3.998,,,,,,
-6.116665375,106.859877748,3.981,,,,,,
-6.116663462,106.859886571,3.952,,,,,,
-6.116661303,106.859895339,3.918,,,,,,
-6.116659011,106.859904076,3.881,,,,,,
-6.116656723,106.859912814,3.843,,,,,,
-6.116654501,106.859921567,3.806,,,,,,
-6.116652304,106.859930326,3.767,,,,,,
-6.116650089,106.85993908,3.728,,,,,,
-6.116647825,106.859947822,3.686,,,,,,
-6.116645498,106.859956548,3.643,,,,,,
-6.116643097,106.859965253,3.597,,,,,,
-6.116640624,106.859973937,3.549,,,,,,
-6.116638091,106.859982604,3.499,,,,,,
-6.116635513,106.859991259,3.446,,,,,,
-6.116632879,106.859999897,3.392,,,,,,
-6.116630142,106.860008501,3.324,,,,,,
-6.116627257,106.860017056,3.255,,,,,,
-6.116624252,106.860025571,3.187,,,,,,
-6.116621258,106.860034089,3.12,,,,,,
-6.116618415,106.860042655,3.058,,,,,,
-6.116615778,106.860051289,3.001,,,,,,
-6.116613237,106.860059955,2.947,,,,,,
-6.116610665,106.860068613,2.894,,,,,,
-6.116607978,106.860077234,2.842,,,,,,
-6.116605182,106.860085819,2.789,,,,,,
-6.116602297,106.860094374,2.738,,,,,,
-6.116599357,106.860102909,2.687,,,,,,
-6.116596423,106.860111447,2.639,,,,,,
-6.116593561,106.860120012,2.593,,,,,,
-6.116590769,106.860128603,2.55,,,,,,
-6.116587899,106.860137164,2.508,,,,,,
-6.116584787,106.860145633,2.466,,,,,,
-6.11658138,106.860153989,2.421,,,,,,
-6.116577853,106.860162301,2.378,,,,,,
-6.11657441,106.860170646,2.337,,,,,,
-6.116571143,106.86017906,2.301,,,,,,
-6.116567941,106.8601875,2.268,,,,,,
-6.116564667,106.860195914,2.236,,,,,,
-6.116561227,106.860204262,2.204,,,,,,
-6.116557595,106.860212527,2.173,,,,,,
-6.116553753,106.860220691,2.142,,,,,,
-6.116549724,106.860228764,2.112,,,,,,
-6.1165456,106.86023679,2.083,,,,,,
-6.116541474,106.860244818,2.057,,,,,,
-6.116537365,106.860252854,2.033,,,,,,
-6.116533174,106.860260844,2.012,,,,,,
-6.116528794,106.860268727,1.991,,,,,,
-6.116524192,106.860276484,1.972,,,,,,
-6.116519443,106.860284155,1.966,,,,,,
-6.116514628,106.860291784,1.965,,,,,,
-6.116509803,106.860299404,1.969,,,,,,
-6.11650499,106.86030703,1.976,,,,,,
-6.116500207,106.860314678,1.987,,,,,,
-6.116495427,106.86032233,2.002,,,,,,
-6.116490559,106.860329921,2.02,,,,,,
-6.116485512,106.86033739,2.041,,,,,,
-6.116480271,106.860344726,2.064,,,,,,
-6.116474916,106.860351981,2.09,,,,,,
-6.11646953,106.860359215,2.12,,,,,,
-6.116464135,106.860366439,2.153,,,,,,
-6.116458685,106.860373619,2.191,,,,,,
-6.116453128,106.860380715,2.231,,,,,,
-6.116447442,106.860387709,2.275,,,,,,
-6.116441632,106.860394601,2.322,,,,,,
-6.116435709,106.860401393,2.372,,,,,,
-6.11642968,106.86040809,2.426,,,,,,
-6.116423554,106.860414698,2.482,,,,,,
-6.116417339,106.860421222,2.542,,,,,,
-6.11641103,106.860427655,2.606,,,,,,
-6.116404614,106.860433977,2.673,,,,,,
-6.116398076,106.860440171,2.743,,,,,,
-6.116391451,106.860446271,2.816,,,,,,
-6.116384811,106.860452355,2.816,,,,,,
-6.116378228,106.860458501,2.771,,,,,,
-6.116371724,106.860464732,2.732,,,,,,
-6.116365279,106.860471025,2.695,,,,,,
-6.116358871,106.860477356,2.662,,,,,,
-6.116352471,106.860483695,2.632,,,,,,
-6.116346046,106.860490008,2.602,,,,,,
-6.116339564,106.860496261,2.574,,,,,,
-6.116333023,106.860502453,2.545,,,,,,
-6.116326442,106.860508601,2.518,,,,,,
-6.116319837,106.860514723,2.492,,,,,,
-6.116313216,106.860520829,2.467,,,,,,
-6.116306585,106.860526922,2.444,,,,,,
-6.116299946,106.860533006,2.424,,,,,,
-6.116293305,106.860539089,2.405,,,,,,
-6.116286669,106.860545178,2.388,,,,,,
-6.116280046,106.86055128,2.374,,,,,,
-6.116273442,106.860557403,2.335,,,,,,
-6.116266863,106.860563554,2.236,,,,,,
-6.116260316,106.860569739,2.141,,,,,,
-6.116253808,106.860575965,2.051,,,,,,
-6.116247345,106.860582239,1.965,,,,,,
-6.116240934,106.860588567,1.885,,,,,,
-6.116234583,106.860594956,1.809,,,,,,
-6.116228298,106.86060141,1.739,,,,,,
-6.116222086,106.860607936,1.674,,,,,,
-6.116215956,106.860614539,1.614,,,,,,
-6.116209915,106.860621226,1.559,,,,,,
-6.116203973,106.860628001,1.51,,,,,,
-6.116198135,106.860634866,1.466,,,,,,
-6.116192403,106.860641823,1.428,,,,,,
-6.116186785,106.860648876,1.396,,,,,,
-6.1161813,106.860656032,1.369,,,,,,
-6.116175973,106.860663305,1.348,,,,,,
-6.116170814,106.860670696,1.332,,,,,,
-6.116165777,106.860678175,1.323,,,,,,
-6.116160796,106.860685698,1.317,,,,,,
-6.116155836,106.860693239,1.316,,,,,,
-6.116150986,106.860700847,1.32,,,,,,
-6.116146372,106.860708591,1.33,,,,,,
-6.116142073,106.860716515,1.346,,,,,,
-6.116137954,106.860724545,1.368,,,,,,
-6.116133817,106.86073257,1.393,,,,,,
-6.116129531,106.860740516,1.42,,,,,,
-6.116125237,106.860748452,1.451,,,,,,
-6.116121147,106.860756486,1.487,,,,,,
-6.116117385,106.86076468,1.528,,,,,,
-6.116113843,106.860772986,1.574,,,,,,
-6.116110379,106.860781337,1.615,,,,,,
-6.116106967,106.860789708,1.626,,,,,,
-6.116103802,106.860798161,1.642,,,,,,
-6.116101098,106.860806759,1.664,,,,,,
-6.116098763,106.860815479,1.694,,,,,,
-6.116096378,106.860824198,1.722,,,,,,
-6.11609362,106.860832816,1.744,,,,,,
-6.116090863,106.86084142,1.684,,,,,,
-6.116088729,106.860850164,1.627,,,,,,
-6.116087337,106.860859085,1.581,,,,,,
-6.116086012,106.860868036,1.536,,,,,,
-6.116084188,106.86087689,1.486,,,,,,
-6.116082248,106.860885711,1.435,,,,,,
-6.116080852,106.860894619,1.392,,,,,,
-6.116079934,106.86090361,1.355,,,,,,
-6.116078839,106.860912581,1.316,,,,,,
-6.116077252,106.860921478,1.272,,,,,,
-6.116075628,106.860930363,1.229,,,,,,
-6.116074494,106.860939311,1.192,,,,,,
-6.116073911,106.860948327,1.161,,,,,,
-6.116073614,106.860957372,1.134,,,,,,
-6.116073359,106.86096641,1.108,,,,,,
-6.116073102,106.860975438,1.081,,,,,,
-6.116072881,106.860984466,1.055,,,,,,
-6.116072744,106.8609935,1.03,,,,,,
-6.116072762,106.861002537,1.007,,,,,,
-6.11607301,106.861011567,0.986,,,,,,
-6.116073525,106.861020585,0.967,,,,,,
-6.116074167,106.861029596,0.949,,,,,,
-6.116074751,106.861038611,0.931,,,,,,
-6.116075143,106.861047636,0.91,,,,,,
-6.116075445,106.861056666,0.889,,,,,,
-6.116075814,106.861065692,0.868,,,,,,
-6.116076395,106.861074706,0.848,,,,,,
-6.1160772,106.861083704,0.83,,,,,,
-6.116078189,106.861092686,0.814,,,,,,
-6.11607932,106.861101651,0.797,,,,,,
-6.116080585,106.861110596,0.782,,,,,,
-6.116081991,106.861119518,0.79,,,,,,
-6.116083549,106.861128415,0.802,,,,,,
-6.11608526,106.861137284,0.814,,,,,,
-6.116087119,106.861146123,0.827,,,,,,
-6.116089119,106.861154931,0.842,,,,,,
-6.116091256,106.861163707,0.857,,,,,,
-6.116093527,106.861172447,0.873,,,,,,
-6.116095931,106.861181152,0.891,,,,,,
-6.116098462,106.86118982,0.909,,,,,,
-6.116101118,106.861198451,0.928,,,,,,
-6.116103894,106.861207043,0.948,,,,,,
-6.116106786,106.861215596,0.969,,,,,,
-6.11610979,106.86122411,0.99,,,,,,
-6.116112901,106.861232585,1.016,,,,,,
-6.116116115,106.861241021,1.044,,,,,,
-6.116119428,106.861249419,1.075,,,,,,
-6.116122835,106.861257778,1.107,,,,,,
-6.116126331,106.861266099,1.14,,,,,,
-6.116129914,106.861274384,1.175,,,,,,
-6.11613358,106.861282631,1.212,,,,,,
-6.116137322,106.861290844,1.25,,,,,,
-6.116141134,106.861299024,1.289,,,,,,
-6.11614501,106.861307174,1.33,,,,,,
-6.116148949,106.861315293,1.373,,,,,,
-6.116152958,106.861323377,1.416,,,,,,
-6.116157042,106.861331423,1.462,,,,,,
-6.116161204,106.861339429,1.509,,,,,,
-6.116165447,106.861347392,1.558,,,,,,
-6.116169772,106.861355309,1.608,,,,,,
-6.116174184,106.861363179,1.66,,,,,,
-6.116178683,106.861370998,1.714,,,,,,
-6.116183273,106.861378764,1.77,,,,,,
-6.116187956,106.861386473,1.828,,,,,,
-6.116192735,106.861394123,1.876,,,,,,
-6.116197612,106.861401709,1.92,,,,,,
-6.116202588,106.86140923,1.964,,,,,,
-6.116207667,106.861416682,2.008,,,,,,
-6.116212849,106.861424062,2.052,,,,,,
-6.116218135,106.861431366,2.097,,,,,,
-6.116223529,106.861438591,2.142,,,,,,
-6.116229031,106.861445732,2.187,,,,,,
-6.11623464,106.861452788,2.232,,,,,,
-6.116240356,106.861459759,2.277,,,,,,
-6.116246175,106.861466642,2.323,,,,,,
-6.116252102,106.861473432,2.368,,,,,,
-6.116258146,106.861480115,2.414,,,,,,
-6.116264312,106.861486683,2.46,,,,,,
-6.116270581,106.861493152,2.507,,,,,,
-6.116276912,106.861499562,2.553,,,,,,
-6.116283266,106.86150595,2.598,,,,,,
-6.116289638,106.861512319,2.643,,,,,,
-6.116296061,106.861518634,2.686,,,,,,
-6.116302569,106.861524857,2.73,,,,,,
-6.116309183,106.861530967,2.774,,,,,,
-6.116315895,106.861536971,2.819,,,,,,
-6.116322699,106.861542879,2.863,,,,,,
-6.116329602,106.861548673,2.907,,,,,,
-6.116336649,106.861554281,2.952,,,,,,
-6.116343888,106.86155962,2.999,,,,,,
-6.116351345,106.861564647,3.047,,,,,,
-6.116358948,106.861569463,3.097,,,,,,
-6.116366599,106.861574207,3.146,,,,,,
-6.116374214,106.861579001,3.193,,,,,,
-6.116381766,106.861583892,3.239,,,,,,
-6.116389239,106.861588904,3.282,,,,,,
-6.116396598,106.861594087,3.31,,,,,,
-6.116403783,106.861599511,3.336,,,,,,
-6.116410796,106.861605164,3.362,,,,,,
-6.116417836,106.861610774,3.389,,,,,,
-6.116425121,106.861616042,3.419,,,,,,
-6.116432623,106.861621014,3.453,,,,,,
-6.116440109,106.861626014,3.488,,,,,,
-6.116447423,106.86163126,3.522,,,,,,
-6.116454705,106.86163655,3.557,,,,,,
-6.116462157,106.861641593,3.594,,,,,,
-6.116469763,106.86164641,3.634,,,,,,
-6.116477267,106.861651365,3.674,,,,,,
-6.116484464,106.861656752,3.712,,,,,,
-6.116491469,106.861662416,3.748,,,,,,
-6.116498495,106.861668059,3.795,,,,,,
-6.116505684,106.861673483,3.869,,,,,,
-6.116513035,106.861678677,3.942,,,,,,
-6.11652053,106.861683657,4.012,,,,,,
-6.116528143,106.861688449,4.081,,,,,,
-6.116535833,106.861693118,4.148,,,,,,
-6.116543557,106.861697734,4.213,,,,,,
-6.116551283,106.861702346,4.276,,,,,,
-6.11655903,106.861706918,4.337,,,,,,
-6.11656683,106.861711396,4.397,,,,,,
-6.116574709,106.861715732,4.455,,,,,,
-6.116582668,106.861719922,4.511,,,,,,
-6.116590697,106.861723976,4.566,,,,,,
-6.116598787,106.861727905,4.619,,,,,,
-6.116606933,106.861731713,4.671,,,,,,
-6.116615136,106.861735395,4.721,,,,,,
-6.116623393,106.861738951,4.77,,,,,,
-6.116631704,106.86174238,4.817,,,,,,
-6.116640066,106.861745682,4.863,,,,,,
-6.116648475,106.861748858,4.908,,,,,,
-6.116656927,106.861751918,4.951,,,,,,
-6.116665416,106.861754872,4.994,,,,,,
-6.116673936,106.861757735,4.965,,,,,,
-6.116682485,106.861760507,4.924,,,,,,
-6.116691065,106.861763182,4.882,,,,,,
-6.116699676,106.861765753,4.839,,,,,,
-6.116708317,106.86176822,4.795,,,,,,
-6.116716986,106.861770586,4.751,,,,,,
-6.11672568,106.861772858,4.706,,,,,,
-6.116734397,106.861775039,4.661,,,,,,
-6.116743136,106.861777131,4.615,,,,,,
-6.116751893,106.86177914,4.569,,,,,,
-6.116760669,106.861781067,4.522,,,,,,
-6.116769461,106.861782918,4.475,,,,,,
-6.116778268,106.861784696,4.428,,,,,,
-6.116787088,106.861786406,4.38,,,,,,
-6.11679592,106.86178805,4.331,,,,,,
-6.116804763,106.861789635,4.283,,,,,,
-6.116813616,106.861791163,4.234,,,,,,
-6.116822478,106.86179264,4.185,,,,,,
-6.116831347,106.86179407,4.135,,,,,,
-6.116840222,106.861795457,4.086,,,,,,
-6.116849104,106.861796807,4.036,,,,,,
-6.116857991,106.861798122,3.985,,,,,,
-6.116866881,106.861799409,3.935,,,,,,
-6.116875775,106.861800674,3.884,,,,,,
-6.116884671,106.861801921,3.833,,,,,,
-6.11689357,106.861803153,3.782,,,,,,
-6.11690247,106.861804367,3.73,,,,,,
-6.116911374,106.861805564,3.679,,,,,,
-6.116920279,106.861806744,3.627,,,,,,
-6.116929186,106.861807907,3.574,,,,,,
-6.116938096,106.861809054,3.522,,,,,,
-6.116947008,106.861810186,3.492,,,,,,
-6.116955921,106.861811303,3.519,,,,,,
-6.116964836,106.861812405,3.545,,,,,,
-6.116973753,106.861813494,3.571,,,,,,
-6.116982671,106.861814569,3.596,,,,,,
-6.116991591,106.86181563,3.621,,,,,,
-6.117000513,106.861816679,3.646,,,,,,
-6.117009436,106.861817716,3.67,,,,,,
-6.11701836,106.861818741,3.693,,,,,,
-6.117027286,106.861819755,3.717,,,,,,
-6.117036212,106.861820758,3.739,,,,,,
-6.11704514,106.861821752,3.762,,,,,,
-6.117054069,106.861822736,3.784,,,,,,
-6.117062998,106.861823712,3.806,,,,,,
-6.117071929,106.861824679,3.827,,,,,,
-6.11708086,106.86182564,3.848,,,,,,
-6.117089793,106.861826593,3.868,,,,,,
-6.117098725,106.861827541,3.888,,,,,,
-6.117107659,106.861828483,3.908,,,,,,
-6.117116592,106.861829419,3.927,,,,,,
-6.117125527,106.861830352,3.946,,,,,,
-6.117134461,106.86183128,3.965,,,,,,
-6.117143396,106.861832206,3.983,,,,,,
-6.117152332,106.861833129,4.001,,,,,,
-6.117161267,106.861834051,4.018,,,,,,
-6.117170202,106.861834972,4.035,,,,,,
-6.117179138,106.861835893,4.051,,,,,,
-6.117188073,106.861836815,4.067,,,,,,
-6.117197009,106.861837738,4.083,,,,,,
-6.117205944,106.861838663,4.098,,,,,,
-6.117214879,106.86183959,4.112,,,,,,
-6.117223813,106.861840519,4.12,,,,,,
-6.117232747,106.861841451,4.098,,,,,,
-6.117241682,106.861842385,4.076,,,,,,
-6.117250615,106.861843324,4.055,,,,,,
-6.117259549,106.861844265,4.033,,,,,,
-6.117268482,106.86184521,4.012,,,,,,
-6.117277414,106.86184616,3.991,,,,,,
-6.117286346,106.861847114,3.97,,,,,,
-6.117295278,106.861848073,3.95,,,,,,
-6.117304209,106.861849037,3.929,,,,,,
-6.117313139,106.861850007,3.909,,,,,,
-6.117322069,106.861850982,3.888,,,,,,
-6.117330998,106.861851964,3.868,,,,,,
-6.117339926,106.861852951,3.849,,,,,,
-6.117348854,106.861853945,3.829,,,,,,
-6.117357781,106.861854945,3.809,,,,,,
-6.117366707,106.861855953,3.79,,,,,,
-6.117375633,106.861856967,3.771,,,,,,
-6.117384557,106.861857989,3.752,,,,,,
-6.117393481,106.861859018,3.733,,,,,,
-6.117402404,106.861860054,3.714,,,,,,
-6.117411326,106.861861098,3.696,,,,,,
-6.117420247,106.86186215,3.678,,,,,,
-6.117429168,106.861863209,3.659,,,,,,
-6.117438087,106.861864275,3.642,,,,,,
-6.117447006,106.861865349,3.624,,,,,,
-6.117455923,106.86186643,3.606,,,,,,
-6.11746484,106.861867518,3.589,,,,,,
-6.117473756,106.861868613,3.572,,,,,,
-6.117482672,106.861869715,3.555,,,,,,
-6.117491586,106.861870825,3.538,,,,,,
-6.117500499,106.861871943,3.523,,,,,,
-6.117509411,106.861873069,3.538,,,,,,
-6.117518322,106.861874203,3.554,,,,,,
-6.117527233,106.861875345,3.572,,,,,,
-6.117536142,106.861876495,3.59,,,,,,
-6.11754505,106.861877655,3.61,,,,,,
-6.117553957,106.861878823,3.632,,,,,,
-6.117562862,106.861879999,3.654,,,,,,
-6.117571767,106.861881183,3.678,,,,,,
-6.117580671,106.861882374,3.703,,,,,,
-6.117589574,106.861883573,3.73,,,,,,
-6.117598476,106.861884778,3.758,,,,,,
-6.117607377,106.861885992,3.787,,,,,,
-6.117616276,106.861887215,3.818,,,,,,
-6.117625174,106.86188845,3.85,,,,,,
-6.117634071,106.86188969,3.884,,,,,,
-6.117642969,106.861890931,3.919,,,,,,
-6.117651866,106.861892169,3.955,,,,,,
-6.117660762,106.861893421,3.993,,,,,,
-6.117669652,106.861894711,4.033,,,,,,
-6.117678534,106.861896058,4.074,,,,,,
-6.117687408,106.861897458,4.117,,,,,,
-6.117696275,106.861898899,4.162,,,,,,
-6.117705138,106.861900369,4.208,,,,,,
-6.117713997,106.861901858,4.257,,,,,,
-6.117722855,106.861903357,4.307,,,,,,
-6.117731712,106.861904859,4.359,,,,,,
-6.117740569,106.861906362,4.413,,,,,,
-6.117749425,106.861907869,4.468,,,,,,
-6.117758281,106.861909381,4.525,,,,,,
-6.117767136,106.861910897,4.584,,,,,,
-6.11777599,106.861912416,4.645,,,,,,
-6.117784844,106.861913937,4.58,,,,,,
-6.117793698,106.861915459,4.482,,,,,,
-6.117802552,106.861916982,4.382,,,,,,
-6.117811405,106.861918506,4.281,,,,,,
-6.117820259,106.861920029,4.178,,,,,,
-6.117829113,106.861921551,4.074,,,,,,
-6.117837967,106.861923072,3.969,,,,,,
-6.117846821,106.861924592,3.862,,,,,,
-6.117855676,106.86192611,3.754,,,,,,
-6.117864531,106.861927626,3.645,,,,,,
-6.117873386,106.861929141,3.534,,,,,,
-6.117882241,106.861930654,3.421,,,,,,
-6.117891097,106.861932163,3.308,,,,,,
-6.117899954,106.861933669,3.193,,,,,,
-6.117908811,106.861935172,3.076,,,,,,
-6.117917669,106.86193667,2.958,,,,,,
-6.117926528,106.861938163,2.839,,,,,,
-6.117935387,106.86193965,2.718,,,,,,
-6.117944248,106.861941131,2.596,,,,,,
-6.11795311,106.861942605,2.472,,,,,,
-6.117961973,106.861944074,2.347,,,,,,
-6.117970837,106.861945535,2.22,,,,,,
-6.117979702,106.86194699,2.094,,,,,,
-6.117988568,106.861948438,1.969,,,,,,
-6.117997435,106.861949878,1.844,,,,,,
-6.118006304,106.86195131,1.721,,,,,,
-6.118015174,106.861952733,1.598,,,,,,
-6.118024045,106.861954148,1.477,,,,,,
-6.118032918,106.861955553,1.356,,,,,,
-6.118041793,106.861956948,1.237,,,,,,
-6.118050669,106.861958331,1.118,,,,,,
-6.118059547,106.861959703,0.982,,,,,,
-6.118068427,106.861961064,0.825,,,,,,
-6.118077309,106.861962412,0.668,,,,,,
-6.118086192,106.861963748,0.51,,,,,,
-6.118095078,106.861965071,0.352,,,,,,
-6.118103965,106.86196638,0.194,,,,,,
-6.118112855,106.861967676,0.035,,,,,,
-6.118121746,106.861968956,-0.124,,,,,,
-6.11813064,106.861970221,-0.284,,,,,,
-6.118139536,106.861971471,-0.444,,,,,,
-6.118148434,106.861972703,-0.604,,,,,,
-6.118157335,106.861973919,-0.765,,,,,,
-6.118166238,106.861975114,-0.926,,,,,,
-6.118175144,106.861976289,-1.087,,,,,,
-6.118184052,106.861977444,-1.249,,,,,,
-6.118192963,106.861978585,-1.411,,,,,,
-6.118201875,106.861979715,-1.574,,,,,,
-6.118210789,106.861980826,-1.736,,,,,,
-6.118219707,106.8619819,-1.9,,,,,,
-6.118228633,106.861982919,-2.063,,,,,,
-6.118237566,106.861983864,-2.227,,,,,,
-6.118246508,106.861984717,-2.392,,,,,,
-6.11825546,106.86198546,-2.557,,,,,,
-6.118264422,106.861986081,-2.722,,,,,,
-6.118273391,106.861986572,-2.888,,,,,,
-6.118282369,106.861986923,-3.055,,,,,,
-6.11829135,106.861987111,-3.221,,,,,,
-6.118300334,106.861987103,-3.388,,,,,,
-6.118309314,106.861986869,-3.554,,,,,,
-6.118318287,106.861986394,-3.721,,,,,,
-6.118327243,106.861985671,-3.887,,,,,,
-6.118336174,106.861984695,-4.012,,,,,,
-6.118345074,106.861983463,-4.048,,,,,,
-6.118353937,106.861981972,-4.084,,,,,,
-6.118362754,106.861980218,-4.12,,,,,,
-6.118371513,106.86197819,-4.154,,,,,,
-6.118380197,106.861975868,-4.188,,,,,,
-6.118388786,106.861973233,-4.22,,,,,,
-6.118397277,106.861970295,-4.252,,,,,,
-6.118405683,106.861967101,-4.282,,,,,,
-6.118414017,106.861963698,-4.311,,,,,,
-6.118422276,106.861960101,-4.338,,,,,,
-6.118430401,106.86195623,-4.364,,,,,,
-6.118438328,106.861951986,-4.388,,,,,,
-6.118445991,106.861947277,-4.41,,,,,,
-6.118453371,106.86194211,-4.415,,,,,,
-6.118460472,106.86193655,-4.401,,,,,,
-6.118467301,106.861930662,-4.383,,,,,,
-6.118473882,106.861924511,-4.362,,,,,,
-6.11848027,106.861918161,-4.34,,,,,,
-6.118486596,106.861911748,-4.316,,,,,,
-6.118493258,106.861905674,-4.297,,,,,,
-6.118500044,106.861899742,-4.278,,,,,,
-6.118505848,106.86189289,-4.25,,,,,,
-6.11851036,106.861885017,-4.209,,,,,,
-6.118513716,106.861876589,-4.161,,,,,,
-6.118515667,106.861867798,-4.105,,,,,,
-6.118516382,106.861858786,-4.042,,,,,,
-6.118516851,106.861849745,-3.979,,,,,,
-6.118517246,106.861840728,-3.915,,,,,,
-6.118517225,106.861831698,-3.85,,,,,,
-6.118516774,106.861822669,-3.784,,,,,,
-6.118515981,106.861813664,-3.716,,,,,,
-6.118514864,106.861804699,-3.647,,,,,,
-6.118513406,106.861795781,-3.578,,,,,,
-6.118511588,106.861786921,-3.508,,,,,,
-6.118509378,106.861778152,-3.436,,,,,,
-6.118506742,106.861769512,-3.365,,,,,,
-6.118503651,106.861761035,-3.293,,,,,,
-6.118500153,106.861752714,-3.22,,,,,,
-6.118496345,106.861744521,-3.147,,,,,,
-6.11849232,106.861736425,-3.075,,,,,,
-6.1184881,106.861728435,-3.002,,,,,,
-6.118483616,106.861720607,-2.929,,,,,,
-6.118478791,106.861712998,-2.857,,,,,,
-6.118473605,106.861705629,-2.786,,,,,,
-6.118468154,106.861698442,-2.714,,,,,,
-6.118462549,106.861691366,-2.643,,,,,,
-6.118456865,106.861684357,-2.572,,,,,,
-6.118451058,106.861677463,-2.502,,,,,,
-6.118445058,106.861670749,-2.432,,,,,,
-6.118438813,106.861664263,-2.359,,,,,,
-6.118432369,106.861657967,-2.283,,,,,,
-6.118425802,106.861651793,-2.208,,,,,,
-6.118419179,106.861645683,-2.135,,,,,,
-6.118412491,106.86163965,-2.063,,,,,,
-6.118405701,106.86163374,-1.993,,,,,,
-6.118398772,106.861627994,-1.924,,,,,,
-6.118391707,106.861622413,-1.858,,,,,,
-6.118384527,106.86161698,-1.794,,,,,,
-6.118377254,106.861611676,-1.731,,,,,,
-6.118369904,106.861606482,-1.67,,,,,,
-6.11836249,106.861601383,-1.61,,,,,,
-6.118355022,106.861596362,-1.552,,,,,,
-6.118347507,106.861591414,-1.495,,,,,,
-6.118339946,106.861586537,-1.44,,,,,,
-6.118332342,106.861581728,-1.374,,,,,,
-6.118324704,106.861576973,-1.23,,,,,,
-6.118317046,106.861572253,-1.086,,,,,,
-6.118309378,106.861567548,-0.941,,,,,,
-6.1183017,106.86156286,-0.797,,,,,,
-6.118294007,106.861558195,-0.653,,,,,,
-6.118286297,106.861553562,-0.508,,,,,,
-6.118278567,106.86154896,-0.364,,,,,,
-6.118270818,106.861544392,-0.219,,,,,,
-6.118263049,106.861539857,-0.075,,,,,,
-6.118255261,106.861535357,0.07,,,,,,
-6.118247452,106.861530893,0.214,,,,,,
-6.118239621,106.861526467,0.359,,,,,,
-6.118231769,106.86152208,0.504,,,,,,
-6.118223894,106.861517735,0.648,,,,,,
-6.118215996,106.861513432,0.793,,,,,,
-6.118208075,106.861509173,0.938,,,,,,
-6.118200129,106.861504959,1.082,,,,,,
-6.118192159,106.861500793,1.227,,,,,,
-6.118184164,106.861496676,1.372,,,,,,
-6.118176143,106.86149261,1.517,,,,,,
-6.118168096,106.861488596,1.662,,,,,,
-6.118160022,106.861484636,1.806,,,,,,
-6.118151921,106.861480733,1.951,,,,,,
-6.118143794,106.861476887,2.096,,,,,,
-6.118135638,106.8614731,2.24,,,,,,
-6.118127455,106.861469375,2.385,,,,,,
-6.118119244,106.861465712,2.53,,,,,,
-6.118111005,106.861462113,2.674,,,,,,
-6.118102738,106.861458581,2.819,,,,,,
-6.118094442,106.861455116,2.963,,,,,,
-6.118086119,106.861451721,3.108,,,,,,
-6.118077767,106.861448395,3.252,,,,,,
-6.118069387,106.861445141,3.396,,,,,,
-6.11806098,106.86144196,3.54,,,,,,
-6.118052545,106.861438854,3.667,,,,,,
-6.118044083,106.861435825,3.765,,,,,,
-6.118035595,106.861432868,3.865,,,,,,
-6.118027084,106.861429981,3.966,,,,,,
-6.118018552,106.861427157,4.069,,,,,,
-6.118010002,106.861424387,4.174,,,,,,
-6.118001439,106.86142166,4.28,,,,,,
-6.117992863,106.861418969,4.387,,,,,,
-6.117984271,106.861416333,4.496,,,,,,
-6.117975656,106.861413778,4.606,,,,,,
-6.117967012,106.861411323,4.718,,,,,,
-6.117958341,106.861408968,4.829,,,,,,
-6.117949644,106.861406703,4.942,,,,,,
-6.117940926,106.861404523,5.056,,,,,,
-6.117932184,106.861402441,5.17,,,,,,
-6.117923416,106.861400481,5.284,,,,,,
-6.117914621,106.861398656,5.398,,,,,,
-6.11790581,106.861396906,5.513,,,,,,
-6.117897002,106.861395126,5.629,,,,,,
-6.117888216,106.861393227,5.748,,,,,,
-6.117879431,106.861391321,5.868,,,,,,
-6.117870605,106.861389653,5.986,,,,,,
-6.117861702,106.861388435,6.094,,,,,,
-6.11785276,106.861387453,6.192,,,,,,
-6.117843876,106.861386192,6.288,,,,,,
-6.117835125,106.861384237,6.384,,,,,,
-6.117826462,106.861381812,6.479,,,,,,
-6.117817801,106.86137937,6.573,,,,,,
-6.117809087,106.861377174,6.667,,,,,,
-6.117800325,106.861375193,6.76,,,,,,
-6.117791522,106.861373362,6.854,,,,,,
-6.117782726,106.861371499,6.948,,,,,,
-6.117774021,106.861369303,6.999,,,,,,
-6.117765458,106.861366592,6.996,,,,,,
-6.117756953,106.861363668,6.993,,,,,,
-6.11774839,106.86136094,6.989,,,,,,
-6.117739723,106.861358577,6.985,,,,,,
-6.117731004,106.861356389,6.98,,,,,,
-6.117722294,106.861354167,6.975,,,,,,
-6.117713608,106.86135186,6.969,,,,,,
-6.117704916,106.86134959,6.963,,,,,,
-6.117696183,106.861347483,6.956,,,,,,
-6.117687403,106.861345575,6.949,,,,,,
-6.117678589,106.861343823,6.942,,,,,,
-6.117669753,106.861342186,6.935,,,,,,
-6.117660902,106.861340646,6.927,,,,,,
-6.117652034,106.86133921,6.919,,,,,,
-6.117643149,106.861337886,6.911,,,,,,
-6.117634248,106.861336671,6.903,,,,,,
-6.117625333,106.861335559,6.895,,,,,,
-6.117616408,106.861334543,6.886,,,,,,
-6.117607472,106.861333617,6.878,,,,,,
-6.117598529,106.861332779,6.87,,,,,,
-6.117589578,106.861332024,6.861,,,,,,
-6.11758062,106.861331348,6.853,,,,,,
-6.117571658,106.861330747,6.845,,,,,,
-6.117562691,106.861330216,6.836,,,,,,
-6.11755372,106.86132975,6.828,,,,,,
-6.117544747,106.861329345,6.82,,,,,,
-6.117535771,106.861328997,6.812,,,,,,
-6.117526794,106.861328701,6.804,,,,,,
-6.117517815,106.861328455,6.796,,,,,,
-6.117508835,106.861328255,6.789,,,,,,
-6.117499854,106.861328094,6.779,,,,,,
-6.117490872,106.861327962,6.653,,,,,,
-6.117481891,106.861327848,6.527,,,,,,
-6.117472909,106.861327748,6.401,,,,,,
-6.117463927,106.861327658,6.275,,,,,,
-6.117454946,106.861327574,6.149,,,,,,
-6.117445964,106.861327498,6.023,,,,,,
-6.117436982,106.86132743,5.897,,,,,,
-6.117427999,106.861327371,5.771,,,,,,
-6.117419017,106.861327307,5.645,,,,,,
-6.117410036,106.861327222,5.519,,,,,,
-6.117401054,106.861327107,5.392,,,,,,
-6.117392072,106.861326985,5.265,,,,,,
-6.117383091,106.861326895,5.138,,,,,,
-6.117374109,106.86132686,5.012,,,,,,
-6.117365126,106.861326859,4.886,,,,,,
-6.117356144,106.861326853,4.76,,,,,,
-6.117347162,106.861326809,4.634,,,,,,
-6.11733818,106.861326717,4.507,,,,,,
-6.117329199,106.861326576,4.379,,,,,,
-6.117320218,106.861326385,4.251,,,,,,
-6.117311239,106.861326138,4.121,,,,,,
-6.117302262,106.861325829,3.991,,,,,,
-6.117293287,106.861325454,3.859,,,,,,
-6.117284316,106.861325006,3.726,,,,,,
-6.117275349,106.861324482,3.592,,,,,,
-6.117266386,106.861323878,3.456,,,,,,
-6.11725743,106.861323189,3.318,,,,,,
-6.117248481,106.861322409,3.177,,,,,,
-6.11723954,106.861321534,3.035,,,,,,
-6.11723061,106.861320561,2.89,,,,,,
-6.117221691,106.861319487,2.746,,,,,,
-6.117212785,106.861318308,2.645,,,,,,
-6.117203895,106.861317014,2.542,,,,,,
-6.117195024,106.861315594,2.439,,,,,,
-6.117186174,106.861314048,2.333,,,,,,
-6.117177343,106.861312397,2.227,,,,,,
-6.117168526,106.861310667,2.121,,,,,,
-6.117159722,106.861308873,2.014,,,,,,
-6.117150936,106.861306991,1.907,,,,,,
-6.117142176,106.861304995,1.799,,,,,,
-6.117133447,106.861302863,1.691,,,,,,
-6.117124753,106.861300592,1.581,,,,,,
-6.117116095,106.861298179,1.471,,,,,,
-6.117107478,106.861295624,1.359,,,,,,
-6.117098907,106.861292919,1.247,,,,,,
-6.117090387,106.861290056,1.135,,,,,,
-6.117081915,106.861287055,1.022,,,,,,
-6.117073453,106.861284023,0.91,,,,,,
-6.117064959,106.861281086,0.801,,,,,,
-6.117056406,106.861278326,0.694,,,,,,
-6.117047832,106.861275629,0.59,,,,,,
-6.117039295,106.861272823,0.486,,,,,,
-6.117030839,106.861269778,0.38,,,,,,
-6.117022425,106.86126661,0.274,,,,,,
-6.117013985,106.86126352,0.171,,,,,,
-6.117005463,106.861260676,0.072,,,,,,
-6.116996874,106.86125803,-0.025,,,,,,
-6.116988264,106.861255446,-0.119,,,,,,
-6.116979674,106.861252802,-0.214,,,,,,
-6.116971112,106.86125007,-0.307,,,,,,
-6.116962571,106.861247274,-0.4,,,,,,
-6.116954043,106.861244437,-0.492,,,,,,
-6.116945527,106.861241565,-0.584,,,,,,
-6.116937023,106.861238657,-0.501,,,,,,
-6.116928532,106.861235708,-0.394,,,,,,
-6.116920061,106.861232702,-0.286,,,,,,
-6.116911622,106.861229608,-0.18,,,,,,
-6.116903226,106.861226397,-0.075,,,,,,
-6.11689488,106.861223058,0.029,,,,,,
-6.116886581,106.861219599,0.132,,,,,,
-6.116878328,106.86121603,0.233,,,,,,
-6.116870121,106.861212358,0.334,,,,,,
-6.116861959,106.861208585,0.433,,,,,,
-6.116853843,106.861204715,0.532,,,,,,
-6.116845771,106.86120075,0.63,,,,,,
-6.116837744,106.861196697,0.727,,,,,,
-6.116829759,106.861192559,0.823,,,,,,
-6.116821815,106.861188341,0.919,,,,,,
-6.116813912,106.861184048,1.014,,,,,,
-6.116806047,106.861179685,1.109,,,,,,
-6.116798218,106.861175255,1.203,,,,,,
-6.116790425,106.861170763,1.298,,,,,,
-6.116782664,106.861166215,1.392,,,,,,
-6.116774934,106.861161614,1.486,,,,,,
-6.116767232,106.861156966,1.58,,,,,,
-6.116759556,106.861152274,1.674,,,,,,
-6.116751903,106.861147544,1.768,,,,,,
-6.116744272,106.861142779,1.863,,,,,,
-6.116736659,106.861137985,1.958,,,,,,
-6.116729062,106.861133165,2.054,,,,,,
-6.116721479,106.861128322,2.15,,,,,,
-6.116713909,106.86112346,2.246,,,,,,
-6.116706347,106.861118585,2.343,,,,,,
-6.116698787,106.861113706,2.442,,,,,,
-6.116691225,106.861108831,2.542,,,,,,
-6.116683664,106.861103955,2.644,,,,,,
-6.116676111,106.861099065,2.745,,,,,,
-6.116668576,106.861094148,2.844,,,,,,
-6.116661064,106.861089195,2.844,,,,,,
-6.116653584,106.861084193,2.811,,,,,,
-6.116646143,106.861079133,2.778,,,,,,
-6.116638748,106.861074004,2.746,,,,,,
-6.116631409,106.861068796,2.715,,,,,,
-6.116624133,106.861063498,2.683,,,,,,
-6.116616929,106.8610581,2.652,,,,,,
-6.116609808,106.861052593,2.622,,,,,,
-6.116602779,106.861046969,2.591,,,,,,
-6.11659585,106.861041219,2.561,,,,,,
-6.116589029,106.861035339,2.531,,,,,,
-6.116582324,106.861029323,2.501,,,,,,
-6.116575752,106.861023161,2.47,,,,,,
-6.11656933,106.861016845,2.44,,,,,,
-6.116563071,106.861010368,2.41,,,,,,
-6.116556948,106.86100376,2.38,,,,,,
-6.116550919,106.860997059,2.35,,,,,,
-6.11654495,106.8609903,2.321,,,,,,
-6.116539072,106.860983463,2.292,,,,,,
-6.116533351,106.860976501,2.263,,,,,,
-6.116527848,106.860969368,2.234,,,,,,
-6.116522541,106.860962083,2.205,,,,,,
-6.116517338,106.860954714,2.177,,,,,,
-6.116512147,106.860947334,2.149,,,,,,
-6.116506958,106.860939953,2.122,,,,,,
-6.116501878,106.860932503,2.095,,,,,,
-6.116497023,106.86092491,2.069,,,,,,
-6.116492462,106.860917131,2.041,,,,,,
-6.11648818,106.860909183,2.013,,,,,,
-6.116484152,106.860901093,1.985,,,,,,
-6.116480399,106.860892869,1.956,,,,,,
-6.11647705,106.860884482,1.925,,,,,,
-6.116474248,106.860875899,1.893,,,,,,
-6.116472094,106.860867118,1.859,,,,,,
-6.11647062,106.860858189,1.822,,,,,,
-6.116469851,106.860849166,1.782,,,,,,
-6.116469808,106.860840113,1.74,,,,,,
-6.116470505,106.8608311,1.72,,,,,,
-6.11647192,106.860822183,1.769,,,,,,
-6.116473885,106.860813359,1.816,,,,,,
-6.116476192,106.860804609,1.86,,,,,,
-6.116478686,106.860795921,1.903,,,,,,
-6.116481365,106.860787299,1.943,,,,,,
-6.116484258,106.860778752,1.982,,,,,,
-6.116487379,106.860770285,2.019,,,,,,
-6.116490702,106.860761891,2.054,,,,,,
-6.116494193,106.860753561,2.086,,,,,,
-6.116497825,106.86074529,2.117,,,,,,
-6.116501628,106.860737102,2.146,,,,,,
-6.116505654,106.860729029,2.173,,,,,,
-6.11650995,106.860721099,2.196,,,,,,
-6.116514474,106.860713295,2.217,,,,,,
-6.116519136,106.860705568,2.235,,,,,,
-6.116523852,106.860697874,2.253,,,,,,
-6.116528609,106.86069021,2.268,,,,,,
-6.116533454,106.860682605,2.282,,,,,,
-6.116538435,106.860675088,2.294,,,,,,
-6.116543574,106.860667679,2.304,,,,,,
-6.116548867,106.860660377,2.311,,,,,,
-6.116554305,106.860653185,2.315,,,,,,
-6.116559881,106.860646101,2.318,,,,,,
-6.116565584,106.860639121,2.317,,,,,,
-6.116571407,106.860632241,2.315,,,,,,
-6.116577338,106.860625457,2.311,,,,,,
-6.116583368,106.86061876,2.304,,,,,,
-6.116589484,106.860612143,2.295,,,,,,
-6.116595679,106.860605601,2.285,,,,,,
-6.116601944,106.860599127,2.273,,,,,,
-6.116608269,106.860592713,2.259,,,,,,
-6.116614646,106.86058635,2.243,,,,,,
-6.116621059,106.860580026,2.226,,,,,,
-6.116627498,106.860573726,2.207,,,,,,
-6.116633958,106.86056745,2.188,,,,,,
-6.11664045,106.860561207,2.166,,,,,,
-6.116646981,106.860555005,2.143,,,,,,
-6.116653556,106.860548849,2.114,,,,,,
-6.116660176,106.860542744,2.089,,,,,,
-6.116666845,106.860536692,2.066,,,,,,
-6.116673565,106.860530697,2.013,,,,,,
-6.116680339,106.860524764,1.958,,,,,,
-6.116687171,106.860518898,1.901,,,,,,
-6.116694063,106.860513104,1.842,,,,,,
-6.116701017,106.860507387,1.781,,,,,,
-6.116708038,106.860501751,1.718,,,,,,
-6.116715126,106.860496201,1.653,,,,,,
-6.116722284,106.860490743,1.586,,,,,,
-6.116729514,106.860485381,1.517,,,,,,
-6.116736817,106.860480122,1.445,,,,,,
-6.116744197,106.86047497,1.372,,,,,,
-6.116751652,106.860469931,1.296,,,,,,
-6.116759181,106.860465002,1.218,,,,,,
-6.116766775,106.860460177,1.138,,,,,,
-6.116774428,106.860455449,1.057,,,,,,
-6.116782123,106.860450792,0.973,,,,,,
-6.116789838,106.860446163,0.889,,,,,,
-6.116797551,106.860441526,0.804,,,,,,
-6.116805278,106.860436915,0.717,,,,,,
-6.116813074,106.860432428,0.628,,,,,,
-6.116820987,106.860428164,0.537,,,,,,
-6.116829016,106.860424117,0.443,,,,,,
-6.116837096,106.860420164,0.348,,,,,,
-6.116845162,106.860416182,0.252,,,,,,
-6.116853192,106.860412131,0.155,,,,,,
-6.116861226,106.860408092,0.058,,,,,,
-6.116869309,106.860404158,-0.041,,,,,,
-6.116877461,106.860400366,-0.142,,,,,,
-6.116885655,106.860396664,-0.244,,,,,,
-6.116893862,106.860392987,-0.347,,,,,,
-6.116902072,106.860389318,-0.451,,,,,,
-6.11691031,106.860385719,-0.556,,,,,,
-6.116918605,106.860382257,-0.663,,,,,,
-6.116926971,106.860378968,-0.771,,,,,,
-6.116935397,106.860375832,-0.881,,,,,,
-6.116943867,106.860372822,-0.992,,,,,,
-6.116952371,106.860369912,-1.019,,,,,,
-6.116960897,106.860367071,-1.04,,,,,,
-6.116969437,106.860364269,-1.062,,,,,,
-6.11697799,106.860361508,-1.084,,,,,,
-6.11698657,106.860358835,-1.107,,,,,,
-6.116995191,106.860356297,-1.131,,,,,,
-6.117003863,106.860353935,-1.155,,,,,,
-6.117012588,106.86035178,-1.18,,,,,,
-6.117021367,106.860349864,-1.205,,,,,,
-6.117030196,106.86034819,-1.23,,,,,,
-6.117039063,106.860346736,-1.256,,,,,,
-6.117047957,106.860345477,-1.282,,,,,,
-6.117056869,106.860344362,-1.308,,,,,,
-6.117065792,106.860343314,-1.334,,,,,,
-6.11707472,106.860342265,-1.36,,,,,,
-6.117083654,106.86034127,-1.387,,,,,,
-6.117092601,106.860340492,-1.413,,,,,,
-6.117101565,106.860340083,-1.439,,,,,,
-6.117110545,106.860339999,-1.464,,,,,,
-6.117119533,106.860340035,-1.489,,,,,,
-6.117128522,106.86033999,-1.514,,,,,,
-6.117137506,106.860339877,-1.54,,,,,,
-6.117146486,106.860339885,-1.565,,,,,,
-6.11715546,106.860340207,-1.589,,,,,,
-6.11716442,106.860340918,-1.612,,,,,,
-6.117173347,106.860341987,-1.634,,,,,,
-6.117182223,106.86034338,-1.654,,,,,,
-6.117191058,106.860344999,-1.673,,,,,,
-6.11719988,106.860346701,-1.691,,,,,,
-6.11720872,106.860348342,-1.71,,,,,,
-6.117217566,106.860349957,-1.728,,,,,,
-6.117226368,106.860351748,-1.659,,,,,,
-6.117235074,106.860353922,-1.495,,,,,,
-6.117243681,106.860356492,-1.33,,,,,,
-6.117252237,106.86035927,-1.166,,,,,,
-6.117260791,106.860362059,-1.002,,,,,,
-6.11726935,106.860364816,-0.838,,,,,,
-6.117277869,106.860367668,-0.675,,,,,,
-6.117286305,106.860370753,-0.512,,,,,,
-6.117294642,106.860374113,-0.35,,,,,,
-6.117302904,106.860377668,-0.188,,,,,,
-6.117311119,106.860381332,-0.027,,,,,,
-6.117319309,106.860385045,0.134,,,,,,
-6.117327486,106.860388779,0.294,,,,,,
-6.117335665,106.860392512,0.455,,,,,,
-6.117343846,106.860396243,0.616,,,,,,
-6.117352011,106.860400009,0.776,,,,,,
-6.117360137,106.860403856,0.936,,,,,,
-6.117368215,106.860407804,1.096,,,,,,
-6.117376267,106.860411808,1.255,,,,,,
-6.11738432,106.860415813,1.415,,,,,,
-6.11739239,106.860419787,1.574,,,,,,
-6.117400442,106.860423792,1.734,,,,,,
-6.117408428,106.860427923,1.892,,,,,,
-6.117416306,106.860432257,2.05,,,,,,
-6.117424085,106.860436775,2.206,,,,,,
-6.117431798,106.860441412,2.361,,,,,,
-6.117439473,106.860446111,2.517,,,,,,
-6.117447104,106.860450878,2.671,,,,,,
-6.117454667,106.860455749,2.825,,,,,,
-6.117462139,106.860460761,2.977,,,,,,
-6.117469515,106.860465918,3.129,,,,,,
-6.117476798,106.860471209,3.279,,,,,,
-6.117483991,106.860476622,3.428,,,,,,
-6.117491097,106.860482149,3.575,,,,,,
-6.117498115,106.860487788,3.722,,,,,,
-6.117505046,106.860493534,3.781,,,,,,
-6.117511893,106.860499382,3.806,,,,,,
-6.117518659,106.860505325,3.831,,,,,,
-6.117525347,106.860511357,3.855,,,,,,
-6.117531958,106.860517473,3.879,,,,,,
-6.117538493,106.860523671,3.901,,,,,,
-6.117544954,106.860529947,3.923,,,,,,
-6.117551341,106.860536299,3.943,,,,,,
-6.117557657,106.860542723,3.963,,,,,,
-6.117563903,106.860549215,3.982,,,,,,
-6.117570082,106.860555773,4.0,,,,,,
-6.117576195,106.860562392,3.996,,,,,,
-6.117582245,106.86056907,3.995,,,,,,
-6.117588233,106.860575804,3.997,,,,,,
-6.117594162,106.86058259,4.002,,,,,,
-6.117600034,106.860589426,4.01,,,,,,
-6.117605851,106.86059631,4.021,,,,,,
-6.117611617,106.860603237,4.035,,,,,,
-6.117617334,106.860610205,4.053,,,,,,
-6.117623003,106.860617212,4.073,,,,,,
-6.117628628,106.860624255,4.096,,,,,,
-6.117634211,106.860631332,4.123,,,,,,
-6.117639754,106.860638441,4.152,,,,,,
-6.11764526,106.860645579,4.184,,,,,,
-6.11765073,106.860652744,4.22,,,,,,
-6.117656168,106.860659934,4.258,,,,,,
-6.117661576,106.860667147,4.299,,,,,,
-6.117666955,106.860674382,4.344,,,,,,
-6.117672309,106.860681636,4.391,,,,,,
-6.117677639,106.860688906,4.441,,,,,,
-6.11768295,106.860696192,4.494,,,,,,
-6.117688242,106.860703491,4.55,,,,,,
-6.11769352,106.860710801,4.609,,,,,,
-6.117698785,106.860718121,4.671,,,,,,
-6.11770404,106.860725447,4.736,,,,,,
-6.117709288,106.860732778,4.804,,,,,,
-6.117714531,106.860740113,4.875,,,,,,
-6.117719773,106.860747449,4.949,,,,,,
-6.117725015,106.860754785,5.026,,,,,,
-6.11773026,106.860762118,5.106,,,,,,
-6.117735511,106.860769448,5.189,,,,,,
-6.11774077,106.860776771,5.274,,,,,,
-6.117746041,106.860784086,5.363,,,,,,
-6.117751326,106.860791391,5.455,,,,,,
-6.117756627,106.860798683,5.551,,,,,,
-6.117761948,106.860805961,5.649,,,,,,
-6.117767291,106.860813223,5.75,,,,,,
-6.11777266,106.860820466,5.855,,,,,,
-6.117778056,106.860827687,5.957,,,,,,
-6.117783484,106.860834886,5.965,,,,,,
-6.117788944,106.860842059,5.951,,,,,,
-6.11779444,106.860849204,5.937,,,,,,
-6.117799974,106.860856319,5.923,,,,,,
-6.11780555,106.860863402,5.908,,,,,,
-6.117811169,106.86087045,5.893,,,,,,
-6.117816835,106.86087746,5.878,,,,,,
-6.11782255,106.86088443,5.862,,,,,,
-6.117828316,106.860891356,5.845,,,,,,
-6.117834137,106.860898237,5.828,,,,,,
-6.117840014,106.860905069,5.81,,,,,,
-6.11784595,106.860911849,5.792,,,,,,
-6.117851948,106.860918574,5.773,,,,,,
-6.11785801,106.860925241,5.753,,,,,,
-6.117864137,106.860931847,5.733,,,,,,
-6.117870332,106.860938388,5.712,,,,,,
-6.117876597,106.860944863,5.69,,,,,,
-6.117882932,106.860951267,5.667,,,,,,
-6.117889341,106.860957597,5.644,,,,,,
-6.117895826,106.860963849,5.62,,,,,,
-6.117902388,106.860970018,5.595,,,,,,
-6.117909027,106.860976103,5.569,,,,,,
-6.117915743,106.860982103,5.542,,,,,,
-6.117922536,106.860988015,5.515,,,,,,
-6.117929411,106.860993829,5.486,,,,,,
-6.117936378,106.860999532,5.456,,,,,,
-6.117943444,106.861005111,5.426,,,,,,
-6.117950614,106.861010555,5.394,,,,,,
-6.117957892,106.861015851,5.36,,,,,,
-6.117965281,106.86102099,5.326,,,,,,
-6.117972784,106.86102596,5.289,,,,,,
-6.117980402,106.861030748,5.252,,,,,,
-6.117988138,106.861035343,5.213,,,,,,
-6.117995989,106.861039735,5.172,,,,,,
-6.118003954,106.861043917,5.13,,,,,,
-6.11801203,106.86104788,5.086,,,,,,
-6.118020217,106.861051605,5.04,,,,,,
-6.118028514,106.861055071,4.993,,,,,,
-6.118036919,106.86105826,4.944,,,,,,
-6.118045421,106.86106118,4.893,,,,,,
-6.118054006,106.861063853,4.841,,,,,,
-6.118062657,106.861066304,4.8,,,,,,
-6.118071364,106.861068543,4.759,,,,,,
-6.118080119,106.861070572,4.716,,,,,,
-6.118088914,106.86107239,4.671,,,,,,
-6.118097745,106.861074003,4.624,,,,,,
-6.118106612,106.86107543,4.575,,,,,,
-6.118115518,106.861076695,4.525,,,,,,
-6.118124461,106.861077792,4.473,,,,,,
-6.118133428,106.861078547,4.421,,,,,,
-6.1181424,106.861078723,4.367,,,,,,
-6.11815136,106.861078171,4.314,,,,,,
-6.118160315,106.861077372,4.262,,,,,,
-6.118169283,106.861077055,4.209,,,,,,
-6.118178266,106.861077291,4.156,,,,,,
-6.118187245,106.861077317,4.103,,,,,,
-6.118196215,106.861076826,4.051,,,,,,
-6.11820518,106.861076019,4.001,,,,,,
-6.118214095,106.861074831,3.952,,,,,,
-6.118222858,106.861072899,3.906,,,,,,
-6.118231394,106.861070057,3.867,,,,,,
-6.118239675,106.861066498,3.833,,,,,,
-6.118247697,106.861062434,3.805,,,,,,
-6.11825553,106.861058008,3.782,,,,,,
-6.118263235,106.861053321,3.763,,,,,,
-6.118270663,106.861048228,3.751,,,,,,
-6.118277572,106.861042483,3.747,,,,,,
-6.118284078,106.861036247,3.75,,,,,,
-6.118290658,106.861030092,3.756,,,,,,
-6.118297491,106.861024231,3.763,,,,,,
-6.118304315,106.861018349,3.772,,,,,,
-6.11831091,106.8610122,3.787,,,,,,
-6.118317183,106.861005731,3.809,,,,,,
-6.118323068,106.860998914,3.837,,,,,,
-6.118328637,106.860991825,3.871,,,,,,
-6.118334043,106.860984598,3.919,,,,,,
-6.118339409,106.860977345,4.038,,,,,,
-6.118344693,106.860970038,4.16,,,,,,
-6.1183498,106.860962612,4.287,,,,,,
-6.118354655,106.860955012,4.416,,,,,,
-6.118359259,106.860947251,4.548,,,,,,
-6.118363639,106.860939358,4.683,,,,,,
-6.118367824,106.860931363,4.82,,,,,,
-6.11837188,106.860923304,4.96,,,,,,
-6.118375887,106.860915218,5.104,,,,,,
-6.118379909,106.860907138,5.252,,,,,,
-6.118383912,106.860899049,5.404,,,,,,
-6.118387803,106.860890908,5.559,,,,,,
-6.118391494,106.860882673,5.715,,,,,,
-6.11839495,106.860874334,5.872,,,,,,
-6.11839819,106.860865905,6.03,,,,,,
-6.118401236,106.860857402,6.187,,,,,,
-6.118404099,106.860848837,6.346,,,,,,
-6.118406779,106.860840214,6.504,,,,,,
-6.118409273,106.860831535,6.622,,,,,,
-6.118411584,106.860822805,6.582,,,,,,
-6.118413719,106.860814028,6.537,,,,,,
-6.118415686,106.860805212,6.486,,,,,,
-6.118417492,106.860796362,6.431,,,,,,
-6.118419145,106.860787482,6.37,,,,,,
-6.118420654,106.860778576,6.306,,,,,,
-6.118422025,106.860769647,6.238,,,,,,
-6.118423268,106.8607607,6.166,,,,,,
-6.118424392,106.860751737,6.09,,,,,,
-6.118425407,106.86074276,6.012,,,,,,
-6.118426323,106.860733773,5.932,,,,,,
-6.118427149,106.860724778,5.849,,,,,,
-6.118427894,106.860715775,5.764,,,,,,
-6.118428569,106.860706767,5.677,,,,,,
-6.118429183,106.860697754,5.589,,,,,,
-6.118429745,106.860688738,5.499,,,,,,
-6.11843027,106.860679719,5.409,,,,,,
-6.118430771,106.8606707,5.318,,,,,,
-6.118431254,106.860661679,5.226,,,,,,
-6.118431717,106.860652657,5.133,,,,,,
-6.11843216,106.860643635,5.04,,,,,,
-6.118432581,106.860634611,4.946,,,,,,
-6.118432982,106.860625586,4.852,,,,,,
-6.118433364,106.86061656,4.757,,,,,,
-6.118433728,106.860607534,4.661,,,,,,
-6.118434073,106.860598507,4.565,,,,,,
-6.118434401,106.860589479,4.469,,,,,,
-6.118434713,106.860580451,4.372,,,,,,
-6.118435007,106.860571422,4.275,,,,,,
-6.118435286,106.860562393,4.177,,,,,,
-6.118435548,106.860553363,4.079,,,,,,
-6.118435796,106.860544333,3.981,,,,,,
-6.118436029,106.860535302,3.882,,,,,,
-6.118436248,106.860526271,3.783,,,,,,
-6.118436453,106.86051724,3.684,,,,,,
-6.118436645,106.860508208,3.585,,,,,,
-6.118436825,106.860499176,3.485,,,,,,
-6.118436993,106.860490144,3.385,,,,,,
-6.118437148,106.860481111,3.285,,,,,,
-6.118437293,106.860472079,3.184,,,,,,
-6.118437428,106.860463046,3.084,,,,,,
-6.118437552,106.860454013,2.983,,,,,,
-6.118437667,106.86044498,2.882,,,,,,
-6.118437773,106.860435947,2.781,,,,,,
-6.118437869,106.860426914,2.68,,,,,,
-6.118437957,106.860417881,2.579,,,,,,
-6.118438036,106.860408847,2.477,,,,,,
-6.118438106,106.860399814,2.376,,,,,,
-6.118438169,106.86039078,2.274,,,,,,
-6.118438222,106.860381747,2.173,,,,,,
-6.118438268,106.860372713,2.071,,,,,,
-6.118438305,106.86036368,1.969,,,,,,
-6.118438334,106.860354646,1.867,,,,,,
-6.118438356,106.860345612,1.765,,,,,,
-6.11843837,106.860336578,1.663,,,,,,
-6.118438376,106.860327545,1.562,,,,,,
-6.118438376,106.860318511,1.46,,,,,,
-6.118438369,106.860309477,1.358,,,,,,
-6.118438356,106.860300444,1.256,,,,,,
-6.118438337,106.86029141,1.154,,,,,,
-6.118438313,106.860282376,1.052,,,,,,
-6.118438285,106.860273342,0.994,,,,,,
-6.118438251,106.860264309,0.982,,,,,,
-6.118438213,106.860255275,0.969,,,,,,
-6.118438171,106.860246242,0.957,,,,,,
-6.118438126,106.860237208,0.945,,,,,,
-6.118438076,106.860228174,0.933,,,,,,
-6.118438024,106.860219141,0.92,,,,,,
-6.118437968,106.860210107,0.908,,,,,,
-6.118437909,106.860201074,0.896,,,,,,
-6.118437848,106.86019204,0.884,,,,,,
-6.118437784,106.860183007,0.872,,,,,,
-6.118437718,106.860173973,0.86,,,,,,
-6.118437651,106.86016494,0.847,,,,,,
-6.118437581,106.860155906,0.835,,,,,,
-6.11843751,106.860146873,0.823,,,,,,
-6.118437439,106.860137839,0.811,,,,,,
-6.118437366,106.860128806,0.799,,,,,,
-6.118437294,106.860119773,0.787,,,,,,
-6.118437222,106.860110739,0.775,,,,,,
-6.11843715,106.860101706,0.763,,,,,,
-6.118437078,106.860092672,0.751,,,,,,
-6.118437009,106.860083639,0.739,,,,,,
-6.118436941,106.860074605,0.727,,,,,,
-6.118436876,106.860065572,0.715,,,,,,
-6.118436813,106.860056538,0.703,,,,,,
-6.118436753,106.860047505,0.691,,,,,,
-6.118436695,106.860038471,0.679,,,,,,
-6.118436641,106.860029438,0.668,,,,,,
-6.118436589,106.860020404,0.656,,,,,,
-6.118436541,106.860011371,0.644,,,,,,
-6.118436496,106.860002337,0.632,,,,,,
-6.118436454,106.859993303,0.596,,,,,,
-6.118436416,106.85998427,0.551,,,,,,
-6.11843638,106.859975236,0.507,,,,,,
-6.118436349,106.859966202,0.462,,,,,,
-6.118436321,106.859957169,0.418,,,,,,
-6.118436297,106.859948135,0.373,,,,,,
-6.118436276,106.859939101,0.329,,,,,,
-6.118436259,106.859930068,0.284,,,,,,
-6.118436247,106.859921034,0.24,,,,,,
-6.118436239,106.859912,0.195,,,,,,
-6.118436236,106.859902966,0.151,,,,,,
-6.118436236,106.859893933,0.106,,,,,,
-6.11843624,106.859884899,0.062,,,,,,
-6.118436248,106.859875865,0.017,,,,,,
-6.118436261,106.859866831,-0.028,,,,,,
-6.118436278,106.859857798,-0.072,,,,,,
-6.1184363,106.859848764,-0.117,,,,,,
-6.118436326,106.85983973,-0.162,,,,,,
-6.118436356,106.859830697,-0.206,,,,,,
-6.118436391,106.859821663,-0.251,,,,,,
-6.118436431,106.859812629,-0.296,,,,,,
-6.118436475,106.859803596,-0.341,,,,,,
-6.118436525,106.859794562,-0.386,,,,,,
-6.118436579,106.859785529,-0.431,,,,,,
-6.118436638,106.859776495,-0.476,,,,,,
-6.118436701,106.859767462,-0.521,,,,,,
-6.11843677,106.859758428,-0.566,,,,,,
-6.118436845,106.859749395,-0.611,,,,,,
-6.118436924,106.859740361,-0.656,,,,,,
-6.118437009,106.859731328,-0.701,,,,,,
-6.118437099,106.859722295,-0.747,,,,,,
-6.118437194,106.859713262,-0.728,,,,,,
-6.118437297,106.859704228,-0.708,,,,,,
-6.118437406,106.859695195,-0.688,,,,,,
-6.118437521,106.859686162,-0.669,,,,,,
-6.118437643,106.859677129,-0.65,,,,,,
-6.118437772,106.859668097,-0.63,,,,,,
-6.11843791,106.859659064,-0.611,,,,,,
-6.118438055,106.859650031,-0.592,,,,,,
-6.11843821,106.859640999,-0.573,,,,,,
-6.118438372,106.859631967,-0.554,,,,,,
-6.118438544,106.859622935,-0.535,,,,,,
-6.118438724,106.859613903,-0.517,,,,,,
-6.118438913,106.859604871,-0.498,,,,,,
-6.118439112,106.85959584,-0.48,,,,,,
-6.118439321,106.859586808,-0.462,,,,,,
-6.118439539,106.859577777,-0.443,,,,,,
-6.118439766,106.859568746,-0.426,,,,,,
-6.118440003,106.859559716,-0.408,,,,,,
-6.118440249,106.859550685,-0.39,,,,,,
-6.118440505,106.859541655,-0.372,,,,,,
-6.118440772,106.859532626,-0.355,,,,,,
-6.118441048,106.859523596,-0.338,,,,,,
-6.118441335,106.859514567,-0.321,,,,,,
-6.118441631,106.859505538,-0.304,,,,,,
-6.118441939,106.85949651,-0.287,,,,,,
-6.118442257,106.859487482,-0.271,,,,,,
-6.118442586,106.859478454,-0.254,,,,,,
-6.118442925,106.859469427,-0.238,,,,,,
-6.118443274,106.8594604,-0.222,,,,,,
-6.118443633,106.859451373,-0.206,,,,,,
-6.118444002,106.859442347,-0.18,,,,,,
-6.118444381,106.859433322,-0.119,,,,,,
-6.118444771,106.859424296,-0.058,,,,,,
-6.11844517,106.859415272,0.002,,,,,,
-6.118445578,106.859406247,0.063,,,,,,
-6.118445997,106.859397223,0.123,,,,,,
-6.118446426,106.8593882,0.184,,,,,,
-6.118446865,106.859379177,0.244,,,,,,
-6.118447315,106.859370155,0.304,,,,,,
-6.118447774,106.859361133,0.364,,,,,,
-6.118448242,106.859352111,0.424,,,,,,
-6.118448719,106.85934309,0.484,,,,,,
-6.118449206,106.85933407,0.543,,,,,,
-6.118449702,106.85932505,0.603,,,,,,
-6.118450207,106.85931603,0.662,,,,,,
-6.11845072,106.859307011,0.722,,,,,,
-6.118451241,106.859297993,0.781,,,,,,
-6.118451769,106.859288975,0.84,,,,,,
-6.118452306,106.859279957,0.899,,,,,,
-6.118452851,106.85927094,0.958,,,,,,
-6.118453404,106.859261924,1.017,,,,,,
-6.118453962,106.859252907,1.076,,,,,,
-6.118454528,106.859243891,1.135,,,,,,
-6.118455099,106.859234876,1.194,,,,,,
-6.118455676,106.859225861,1.253,,,,,,
-6.118456259,106.859216846,1.311,,,,,,
-6.118456847,106.859207832,1.37,,,,,,
-6.11845744,106.859198818,1.428,,,,,,
-6.118458037,106.859189804,1.487,,,,,,
-6.118458639,106.859180791,1.545,,,,,,
-6.118459246,106.859171778,1.603,,,,,,
-6.118459859,106.859162765,1.632,,,,,,
-6.118460477,106.859153753,1.623,,,,,,
-6.1184611,106.859144741,1.614,,,,,,
-6.118461729,106.859135729,1.605,,,,,,
-6.118462363,106.859126718,1.596,,,,,,
-6.118463003,106.859117707,1.588,,,,,,
-6.118463648,106.859108697,1.58,,,,,,
-6.118464299,106.859099687,1.572,,,,,,
-6.118464954,106.859090677,1.564,,,,,,
-6.118465615,106.859081668,1.557,,,,,,
-6.11846628,106.859072659,1.55,,,,,,
-6.118466949,106.85906365,1.543,,,,,,
-6.118467624,106.859054642,1.536,,,,,,
-6.118468304,106.859045634,1.53,,,,,,
-6.118468988,106.859036627,1.524,,,,,,
-6.118469677,106.85902762,1.518,,,,,,
-6.118470371,106.859018613,1.513,,,,,,
-6.11847107,106.859009607,1.508,,,,,,
-6.118471774,106.859000601,1.503,,,,,,
-6.118472484,106.858991595,1.498,,,,,,
-6.118473198,106.85898259,1.494,,,,,,
-6.118473916,106.858973585,1.49,,,,,,
-6.118474639,106.858964581,1.487,,,,,,
-6.118475367,106.858955577,1.483,,,,,,
-6.118476099,106.858946573,1.48,,,,,,
-6.118476835,106.85893757,1.478,,,,,,
-6.118477575,106.858928567,1.475,,,,,,
-6.118478318,106.858919564,1.473,,,,,,
-6.118479064,106.858910562,1.472,,,,,,
-6.118479814,106.858901559,1.47,,,,,,
-6.118480566,106.858892557,1.469,,,,,,
-6.11848132,106.858883556,1.449,,,,,,
-6.118482076,106.858874554,1.417,,,,,,
-6.118482834,106.858865552,1.384,,,,,,
-6.118483593,106.858856551,1.352,,,,,,
-6.118484352,106.85884755,1.321,,,,,,
-6.118485112,106.858838548,1.289,,,,,,
-6.118485872,106.858829547,1.258,,,,,,
-6.118486632,106.858820546,1.228,,,,,,
-6.118487393,106.858811544,1.197,,,,,,
-6.118488153,106.858802543,1.167,,,,,,
