latitude,longitude
-6.1184462559896495,106.85880003463389
-6.118446795907555,106.8587910173259
-6.118447335139282,106.85878199997642
-6.118447873762178,106.85877298259014
-6.118448411853585,106.85876396517176
-6.118448949490847,106.85875494772598
-6.118449486751312,106.85874593025747
-6.118450023726082,106.85873691277177
-6.118450560549936,106.85872789527697
-6.118451097366247,106.85871887778173
-6.118451634261209,106.85870986029121
-6.118452171158861,106.85870084280087
-6.118452707954795,106.85869182530439
-6.118453244588667,106.85868280779816
-6.118453781111927,106.85867379028528
-6.11845431759326,106.85866477276986
-6.118454854049206,106.85865575525293
-6.118455390377737,106.85864673772831
-6.118455926460613,106.85863772018894
-6.118456462206591,106.85862870262929
-6.118456997579533,106.85861968504724
-6.118457532550323,106.85861066744106
-6.11845806711978,106.8586016498108
-6.118458601343681,106.85859263215983
-6.118459135283681,106.85858361449183
-6.118459669000468,106.8585745968105
-6.1184602025531385,106.85856557911933
-6.118460735999972,106.85855656142182
-6.118461269363097,106.85854754371931
-6.118461802610745,106.8585385260099
-6.118462335708526,106.85852950829153
-6.118462868696921,106.8585204905666
-6.118463401717191,106.85851147284359
-6.1184639349130805,106.85850245513107
-6.118464468272753,106.85849343742836
-6.118465001595203,106.85848441972341
-6.118465534672853,106.85847540200383
-6.118466067431293,106.85846638426517
-6.118466599942469,106.85845736651173
-6.118467132281921,106.85844834874803
-6.118467664436535,106.8584393309733
-6.1184681963051,106.8584303131815
-6.118468727788925,106.85842129536677
-6.118469258909733,106.85841227753039
-6.118469789797402,106.85840325968013
-6.118470320579899,106.8583942418236
-6.1184708512917245,106.85838522396287
-6.118471381891498,106.85837620609547
-6.11847191234873,106.85836718821959
-6.118472442815088,106.85835817034423
-6.118472973575819,106.85834915248643
-6.118473504895342,106.85834013466192
-6.118474036750334,106.85833111686931
-6.118474568927007,106.85832209909587
-6.118475101232397,106.85831308133012
-6.11847563372734,106.8583040635757
-6.118476166624141,106.85829504584532
-6.118476700103289,106.85828602814978
-6.118477234034815,106.85827701048129
-6.118477768121906,106.8582679928221
-6.118478302097949,106.85825897515628
-6.11847883595284,106.8582499574832
-6.118479369800418,106.85824093980969
-6.118479903728146,106.85823192214097
-6.118480437629959,106.85822290447071
-6.118480971315841,106.85821388678751
-6.118481504635244,106.8582048690824
-6.118482037688505,106.85819585136136
-6.118482570673472,106.85818683363622
-6.1184831037543095,106.85817781591683
-6.118483636905567,106.85816879820165
-6.118484170035886,106.85815978048522
-6.118484703091134,106.8581507627643
-6.118485236202618,106.85814174504672
-6.1184857695591885,106.85813272734383
-6.118486303299167,106.85812370966389
-6.118486837337168,106.85811469200178
-6.118487371525929,106.85810567434869
-6.118487905771102,106.85809665669898
-6.118488440186903,106.8580876390595
-6.118488974938918,106.85807862144021
-6.118489510100526,106.85806960384548
-6.118490045421386,106.85806058626031
-6.118490580580221,106.8580515686654
-6.118491115399172,106.8580425510501
-6.118491650149378,106.85803353343069
-6.118492185189393,106.85802451582867
-6.118492720713635,106.85801549825572
-6.118493256457585,106.85800648069596
-6.118493792077631,106.85799746312875
-6.118494327421016,106.85798844554492
-6.118494862812432,106.85797942796398
-6.118495398649274,106.85797041040983
-6.118495935167528,106.85796139289667
-6.118496472241217,106.8579523754169
-6.118497009695846,106.85794335796007
-6.118497547459789,106.85793434052188
-6.118498085668584,106.85792532311058
-6.11849862448146,106.85791630573586
-6.118499163945734,106.85790728840054
-6.118499703905995,106.85789827109514
-6.118500244187157,106.85788925380898
-6.1185007847316895,106.85788023653868
-6.118501325673885,106.85787121929283
-6.11850186716129,106.85786220208087
-6.118502409109518,106.85785318489727
-6.118502951092859,106.85784416771453
-6.118503492669889,106.85783515050423
-6.118504033875003,106.85782613327012
-6.118504575374789,106.85781711605884
-6.118505117845668,106.85780809891749
-6.118505660854517,106.85779908181256
-6.118506202636346,106.85779006461378
-6.118506741642402,106.85778104720515
-6.118507284099699,106.85777202999876
-6.11850784460446,106.85776301397502
-6.11850843736549,106.85775400008893
-6.1185090605335075,106.85774498822302
-6.118509697418145,106.85773597726855
-6.11851033150218,106.85772696612811
-6.118510957858599,106.85771795447441
-6.118511580831646,106.85770894259613
-6.118512204781799,106.85769993078303
-6.118512830752421,106.85769091910404
-6.118513457389382,106.85768190746855
-6.118514083379035,106.85767289578865
-6.118514708516436,106.85766388405095
-6.118515333320845,106.85765487229072
-6.118515958278024,106.85764586054088
-6.118516583399399,106.85763684880204
-6.118517208416673,106.85762783705572
-6.118517833094489,106.85761882528566
-6.1185184575283,106.85760981349863
-6.118519081989455,106.85760080171356
-6.118519706708078,106.85759178994653
-6.118520331572423,106.85758277818967
-6.118520956307098,106.85757376642371
-6.118521580692543,106.85756475463329
-6.118522204910344,106.85755574283112
-6.118522829314675,106.85754673104202
-6.118523454176158,106.85753771928493
-6.118524079238349,106.85752870754193
-6.118524704041344,106.85751969578082
-6.118525328228961,106.85751068397667
-6.118525952024456,106.85750167214498
-6.118526575851405,106.85749266031527
-6.118527200033077,106.85748364851015
-6.118527824394864,106.85747463671784
-6.118528448608276,106.85746562491595
-6.118529072395046,106.85745661308518
-6.118529695698879,106.85744760121979
-6.11853031852473,106.85743858931784
-6.118530941072619,106.85742957739282
-6.11853156431076,106.85742056551943
-6.118532189396364,106.85741155378733
-6.118532816301106,106.85740254219549
-6.118533440831418,106.85739353042405
-6.118534057879085,106.85738451808321
-6.118534661103362,106.85737550474445
-6.118535240193456,106.85736648985456
-6.11853578404388,106.85735747283546
-6.118536288031119,106.8573484534732
-6.118536767669105,106.85733943268501
-6.118537242365954,106.85733041160694
-6.118537725921388,106.85732139104697
-6.118538215750472,106.85731237085488
-6.1185387062958005,106.85730335070669
-6.118539193807986,106.85729433038351
-6.118539679263093,106.85728530994142
-6.118540164397045,106.85727628948071
-6.11854065025692,106.85726726906216
-6.118541136276136,106.8572582486541
-6.118541621659599,106.85724922821171
-6.1185421059802865,106.85724020771082
-6.118542589585406,106.85723118717054
-6.118543072918204,106.85722216661544
-6.118543556223541,106.85721314605908
-6.118544039370927,106.85720412549432
-6.1185445221894765,106.85719510491177
-6.118545004616222,106.85718608430794
-6.118545486772129,106.85717706368942
-6.118545968795543,106.85716804306374
-6.1185464507916905,106.8571590224366
-6.118546932814893,106.85715000181095
-6.118547414914691,106.85714098118943
-6.118547897120428,106.85713196057364
-6.118548379433405,106.85712293996363
-6.118548861852175,106.85711391935935
-6.118549344350812,106.85710489875939
-6.118549826872675,106.85709587816069
-6.118550309361572,106.85708685756022
-6.118550791831253,106.8570778369587
-6.118551274374817,106.85706881636116
-6.118551757084285,106.85705979577261
-6.118552239922433,106.85705077519103
-6.1185527227194045,106.85704175460722
-6.118553205306452,106.85703273401205
-6.118553687659169,106.8570237134042
-6.118554169887136,106.8570146927896
-6.118554652099961,106.85700567217418
-6.118555134320857,106.85699665155921
-6.118555616500497,106.856987630942
-6.118556098592156,106.85697861032004
-6.1185565806202,106.85696958969464
-6.118557062662951,106.85696056907003
-6.118557544799202,106.85695154845045
-6.1185580270967,106.8569425278396
-6.118558509615613,106.85693350724075
-6.118558992390137,106.85692448665577
-6.118559475170542,106.85691546607111
-6.118559957531387,106.85690644546365
-6.1185604392121915,106.85689742481927
-6.118560921563207,106.8568884042112
-6.1185614068333045,106.8568793837615
-6.118561897162053,106.85687036358682
-6.118562393694598,106.8568613437548
-6.118562897081301,106.85685232430863
-6.118563407616112,106.85684330527054
-6.118563923052071,106.85683428651338
-6.118564440028904,106.85682526784446
-6.1185649555983845,106.85681624909473
-6.11856546943878,106.85680723024574
-6.118565982248826,106.85679821133755
-6.118566494658376,106.85678919240625
-6.118567006899304,106.85678017346518
-6.118567519065182,106.85677115451976
-6.118568031190604,106.85676213557203
-6.118568543017561,106.85675311660718
-6.118569054197256,106.85674409760526
-6.1185695645146785,106.85673507855394
-6.118570074347183,106.85672605947484
-6.118570584235987,106.85671704039893
-6.1185710946024505,106.85670802135039
-6.118571605395373,106.85669900232627
-6.118572116447115,106.85668998331697
-6.118572627618758,106.85668096431455
-6.118573138872249,106.85667194531682
-6.118573650191692,106.85666292632287
-6.118574161608892,106.85665390733452
-6.1185746733050825,106.85664488836217
-6.118575185490504,106.85663586941794
-6.118575698241666,106.8566268505062
-6.118576211260903,106.85661783160988
-6.118576724185965,106.85660881270817
-6.118577236790822,106.85659979378809
-6.118577749190487,106.85659077485617
-6.118578261552009,106.85658175592192
-6.11857877393867,106.85657273698902
-6.118579286180846,106.85656371804801
-6.118579798078748,106.8565546990877
-6.118580309650903,106.85654568010901
-6.1185808213559465,106.85653666113727
-6.118581333698269,106.8565276422003
-6.118581846499907,106.85651862328857
-6.118582358345417,106.85650960432467
-6.118582867724518,106.85650058522607
-6.118583375614763,106.85649156604585
-6.118583887058434,106.85648254705877
-6.118584407298106,106.85647352855058
-6.118584932380699,106.85646451030748
-6.118585444801112,106.85645549137946
-6.118585926190618,106.85644647077048
-6.118586368713054,106.85643744809465
-6.11858677937846,106.85642842382624
-6.118587166308464,106.85641939850214
-6.118587537299034,106.85641037255684
-6.118587899689426,106.85640134628125
-6.118588260692334,106.85639231995194
-6.118588623785134,106.85638329369962
-6.118588987508209,106.85637426746224
-6.118589350121692,106.85636524116728
-6.118589711799778,106.85635621483243
-6.118590075015554,106.85634718858367
-6.118590442159536,106.85633816254233
-6.118590809697549,106.85632913652964
-6.118591167626448,106.85632011003912
-6.118591506747936,106.85631108260442
-6.11859184336046,106.85630205503571
-6.118592218954861,106.85629302940451
-6.118592672901322,106.85628400767544
-6.11859319555323,106.85627498934825
-6.1185937388819855,106.85626597199263
-6.118594257495743,106.85625695331277
-6.118594744850706,106.85624793298676
-6.11859521780348,106.85623891188173
-6.118595692535943,106.85622989083514
-6.118596176275931,106.85622087027114
-6.118596671518705,106.85621185039548
-6.118597178392264,106.85620283126134
-6.118597678645312,106.8561938117312
-6.118598145294361,106.85618479010188
-6.1185985510812895,106.85617576493215
-6.118598867430775,106.85616673635795
-6.118599065283544,106.85615770509547
-6.118599136604677,106.85614867194587
-6.118599149608427,106.85613963801521
-6.118599189687092,106.85613060447712
-6.118599291298586,106.85612157178143
-6.118599355519092,106.85611253848256
-6.118599262484946,106.85610350292689
-6.118598933005176,106.85609446985832
-6.118598352788205,106.85608545422903
-6.11859752290368,106.85607646955911
-6.118596579773101,106.85606749615017
-6.118595760242861,106.85605848965716
-6.118595233837261,106.85604942045896
-6.118594592586492,106.85604038576334
-6.118593146277494,106.85603154454554
-6.118590714958757,106.85602290867162
-6.11858818960775,106.85601418154795
-6.1185862988443365,106.85600516289578
-6.118583641855077,106.85599662139019
-6.118578424577588,106.85598946721915
-6.118571873207887,106.85598302551738
-6.118565584892956,106.85597648477766
-6.11855921456905,106.85597021661714
-6.1185521906704485,106.85596469353536
-6.118544570397092,106.85595980127805
-6.118536568734987,106.8559554620736
-6.118528075799655,106.85595294165313
-6.118519097816329,106.85595264309178
-6.1185099943648655,106.85595292480961
-6.1185009926033755,106.85595275937312
-6.118492048176439,106.85595243554883
-6.118483094181796,106.85595234906859
-6.118474114144222,106.85595261579539
-6.118465130773689,106.8559531341152
-6.118456165226071,106.85595381805634
-6.118447225785765,106.8559546880447
-6.118438316673091,106.85595579698817
-6.118429435783505,106.85595713902168
-6.1184205693927245,106.85595860026466
-6.118411702808967,106.85596005768275
-6.118402829329356,106.85596145793397
-6.118393951215231,106.8559628258769
-6.118385071457187,106.85596419141773
-6.118376198422369,106.85596560352454
-6.118367345610553,106.85596712936244
-6.118358525092727,106.85596882842027
-6.118349730877363,106.85597066728442
-6.118340945746532,106.85597255479962
-6.118332154555959,106.85597441069002
-6.118323357647895,106.85597623580941
-6.118314561902098,106.85597806525976
-6.11830577302729,106.85597992826231
-6.118296989785425,106.85598181912393
-6.118288208433078,106.85598371955936
-6.118279425959928,106.85598561474133
-6.118270642972219,106.85598750690608
-6.11826186118451,106.8559894035191
-6.118253081387134,106.85599130826414
-6.118244300356811,106.85599320840092
-6.1182355137813955,106.85599508673347
-6.118226722026339,106.85599694525911
-6.1182179429572185,106.85599885778224
-6.118209198490272,106.85600091472678
-6.118200498509089,106.85600315675968
-6.118191824205142,106.85600550590142
-6.118183152763035,106.85600786758941
-6.118174472650569,106.85601019303532
-6.118165790161046,106.85601250576609
-6.118157112979547,106.85601483506527
-6.118148440388242,106.8560171812321
-6.11813975990655,106.85601950399243
-6.11813105905134,106.85602176286194
-6.1181223552591995,106.85602401367443
-6.118113702617842,106.85602643025166
-6.118105152052724,106.85602917620577
-6.118096690260633,106.85603220803044
-6.11808826180483,106.85603534635118
-6.118079818706459,106.85603843600211
-6.118071357933106,106.85604146762944
-6.118062891787168,106.85604448162749
-6.118054430410288,106.85604751129272
-6.118045973631416,106.85605055604763
-6.11803751822451,106.85605360528018
-6.118029061574581,106.85605665039964
-6.11802060364928,106.85605969135887
-6.118012145097943,106.85606273036572
-6.118003686566112,106.85606576955205
-6.117995228685059,106.85606881076367
-6.11798677208257,106.85607185577882
-6.117978316637281,106.85607490418073
-6.117969859717249,106.8560779481968
-6.1179613981675764,106.85608097852226
-6.117952932173364,106.85608399573081
-6.1179444719066485,106.85608702993386
-6.1179360294108704,106.85609011675123
-6.117927619243851,106.85609329405852
-6.117919261474839,106.85609660467574
-6.117910976119114,106.85610009029688
-6.117902757637834,106.85610373459501
-6.117894569906007,106.8561074517971
-6.117886376579587,106.85611115578939
-6.117878166484798,106.85611482009989
-6.117869948618531,106.85611846605153
-6.117861732080904,106.85612211520906
-6.117853519637435,106.85612577408857
-6.117845309468567,106.85612943831364
-6.117837099725429,106.85613310344631
-6.117828889421827,106.85613676719298
-6.117820678135089,106.85614042866086
-6.117812465551045,106.85614408720073
-6.117804252373025,106.85614774442323
-6.117796039903557,106.85615140326986
-6.117787829250882,106.85615506624113
-6.117779619701078,106.8561587317044
-6.117771409574118,106.85616239583574
-6.117763197459471,106.85616605542867
-6.117754984155773,106.85616971233641
-6.117746771514597,106.85617337082377
-6.117738561037604,106.85617703433374
-6.117730351728688,106.85618070044565
-6.117722141523373,106.85618436423076
-6.117713928885477,106.85618802207993
-6.117705715583148,106.85619167863399
-6.117697504650587,106.85619534169471
-6.1176892978763435,106.85619901572068
-6.117681090171049,106.85620268671332
-6.1176728740891155,106.8562063343511
-6.117664646547339,106.8562099505223
-6.117656425845571,106.85621358696257
-6.117648236837704,106.85621731371889
-6.117640119836407,106.85622121265791
-6.1176321594942245,106.85622539953872
-6.11762444108954,106.85622998596314
-6.117616898655689,106.85623487155276
-6.117609323409953,106.85623975576273
-6.1176015778893715,106.85624442904773
-6.117594013406025,106.85624930997001
-6.1175871518200085,106.85625503773929
-6.117580997244454,106.85626162309482
-6.117575013103529,106.85626842041877
-6.11756882724637,106.8562749769754
-6.1175626316146205,106.8562815048287
-6.117556723294085,106.85628833212868
-6.117551416017867,106.85629564802738
-6.117547028507548,106.8563035082932
-6.11754350940566,106.85631181919784
-6.117540347053478,106.85632030752431
-6.117537210606584,106.8563287881063
-6.117534279476838,106.85633731745729
-6.1175317886961285,106.85634598093704
-6.117529713231831,106.8563547724182
-6.117527849541838,106.8563636229759
-6.117526049059273,106.85637248003098
-6.1175243627650815,106.8563813509857
-6.11752288295191,106.85639025576508
-6.1175216413347275,106.8563992013059
-6.117520582334189,106.85640817582846
-6.117519651399634,106.85641716681411
-6.117518882169731,106.8564261698269
-6.117518363935661,106.85643518553155
-6.117518143315525,106.85644421350429
-6.117518098519654,106.85645324880234
-6.117518067495566,106.85646228540395
-6.117517961209722,106.85647131948762
-6.1175178443658895,106.85648035186422
-6.117517800337544,106.85648938392521
-6.117517855349056,106.8564984166632
-6.117517940521329,106.85650745040705
-6.117517979913269,106.85651648539319
-6.117517977900533,106.85652552062585
-6.1175180463163095,106.85653455346079
-6.117518298701528,106.85654358127616
-6.117518734766267,106.85655260415191
-6.117519250270696,106.85656162463525
-6.117519747047523,106.856570645103
-6.117520229407845,106.85657966522793
-6.117520762300968,106.85658868308269
-6.117521406753415,106.8565976960669
-6.117522192828836,106.85660669729572
-6.117523138095888,106.85661567815552
-6.117524224048819,106.85662463765462
-6.1175252962209905,106.85663360357364
-6.117526168319324,106.85664261043023
-6.117526841729756,106.85665165454986
-6.11752784462563,106.85666062505831
-6.1175297522058125,106.85666940239624
-6.117532457008672,106.85667801942829
-6.117535319926401,106.85668662764438
-6.117537991239591,106.85669528771722
-6.1175408599834125,106.85670383159072
-6.1175443828343,106.85671207810968
-6.117548475615676,106.85672011311368
-6.117552697750798,106.8567281932228
-6.1175573612146765,106.85673594880025
-6.117563748636977,106.85674218392438
-6.117571639954667,106.85674666656848
-6.1175800259583655,106.85674991979066
-6.117588619553966,106.85675254999938
-6.117597297222548,106.85675492600886
-6.117606067920462,106.8567568658839
-6.117614946780276,106.85675819279885
-6.117623873361472,106.85675924280729
-6.117632759202693,106.85676054372924
-6.117641576108985,106.85676226297326
-6.117650365645178,106.85676415069236
-6.11765916935979,106.85676595714908
-6.117667993713445,106.85676764258585
-6.117676826611538,106.85676927828702
-6.117685656825987,106.85677093040337
-6.117694482184786,106.85677261134623
-6.117703305198882,106.85677430573791
-6.117712128297545,106.85677599882601
-6.117720952817907,106.8567776836079
-6.117729779517741,106.85677935719211
-6.117738608616514,106.85678101931448
-6.117747435367816,106.85678269383807
-6.117756252322818,106.85678441775597
-6.117765052870018,106.85678622380057
-6.1177738380151645,106.85678810599957
-6.11778261272621,106.85679003824795
-6.117791381795233,106.85679199552035
-6.117800148165703,106.85679396382348
-6.117808913819728,106.85679593490114
-6.117817680576474,106.8567979011927
-6.1178264486805265,106.8567998617166
-6.1178352174577055,106.85680181933006
-6.117843986245282,106.85680377684645
-6.117852754661864,106.8568057359515
-6.11786152251483,106.85680769757434
-6.117870289669475,106.8568096623803
-6.1178790568059505,106.85681162729382
-6.117887825231909,106.85681358635863
-6.117896596208273,106.85681553382915
-6.117905369840291,106.85681746919508
-6.117914145219139,106.85681939653999
-6.117922921411145,106.856821320065
-6.117931697696349,106.85682324311473
-6.117940473564929,106.8568251681917
-6.117949248599593,106.85682709736442
-6.1179580246579945,106.85682902186771
-6.117966806086459,106.85683092108489
-6.117975597079935,106.85683277511261
-6.117984392864692,106.85683460651371
-6.117993177978748,106.85683648845935
-6.118001936923726,106.85683849425274
-6.118010676958355,106.85684058788739
-6.118019434828907,106.85684259171855
-6.118028247443656,106.85684432653619
-6.118037117656784,106.85684576182076
-6.118046017921736,106.85684699979161
-6.11805492442412,106.85684813348576
-6.118063842954572,106.85684917055211
-6.118072790570939,106.85685008615208
-6.118081757849229,106.85685095927339
-6.1180906510348905,106.85685219946234
-6.118099367463719,106.85685424678742
-6.118107917234996,106.8568570358774
-6.118116394170268,106.85686012491357
-6.118124812984389,106.85686332290166
-6.118133044948433,106.85686689843233
-6.118140978112622,106.85687109738087
-6.118148679749997,106.85687576837636
-6.118156277631777,106.85688062515368
-6.118163805112137,106.85688556478875
-6.118171182720341,106.85689070346733
-6.118178343716433,106.85689614245325
-6.118185347498174,106.8569018019418
-6.118192303910467,106.85690752969674
-6.118199270180461,106.85691324094643
-6.11820616464428,106.85691902905499
-6.118212885428294,106.8569250135829
-6.118219416113892,106.85693121441307
-6.1182258474038695,106.8569375264786
-6.118232273456519,106.8569438409476
-6.118238742202706,106.8569501066019
-6.118245267711553,106.85695631442564
-6.118251855006244,106.85696246403894
-6.118258410698162,106.85696864631703
-6.118264776804755,106.8569750120317
-6.118270833898145,106.85698167447495
-6.118276657533087,106.85698855764049
-6.118282382718764,106.85699552782953
-6.118288106278984,106.85700249168038
-6.1182938520421235,106.85700943293759
-6.118299634768887,106.85701634466008
-6.118305425459879,106.85702325246984
-6.1183111310209854,106.85703022968346
-6.118316657962365,106.85703734957102
-6.118322002785319,106.85704461191335
-6.1183272429064575,106.85705195041358
-6.118332455854336,106.85705930031214
-6.118337694496145,106.85706663149007
-6.118342998762667,106.85707393199944
-6.118348355387708,106.85708121786246
-6.118353450271134,106.85708866270592
-6.118357875401216,106.8570964889145
-6.118361598026971,106.85710470839152
-6.1183650270886,106.85711308530368
-6.118368535445036,106.8571214071508
-6.1183721703896365,106.85712966045273
-6.118375871701259,106.8571378974486
-6.118379515692213,106.85714617970388
-6.118382765747202,106.85715459996841
-6.118385273740542,106.85716324825393
-6.118387155063124,106.85717208481543
-6.118388866034344,106.85718097446853
-6.118390739149342,106.85718981701795
-6.1183926613454656,106.85719863809977
-6.118394426153589,106.85720748971718
-6.118395903740227,106.85721640092049
-6.118397108601102,106.85722535753243
-6.118398072570091,106.85723434117358
-6.118398845657507,106.85724334118443
-6.1183994907786206,106.85725235238648
-6.118400054807183,106.85726137032431
-6.118400501575983,106.85727039362867
-6.118400768722663,106.85727942190812
-6.118400838290717,106.8572884543188
-6.118400797569655,106.857297488944
-6.118400748204773,106.85730652372916
-6.118400742428637,106.8573155575972
-6.118400758053752,106.85732459094308
-6.118400767074672,106.85733362427764
-6.11840075647132,106.85734265785227
-6.1184007338631305,106.8573516915608
-6.1184007082798715,106.85736072527274
-6.118400685321574,106.85736975891987
-6.1184006662521355,106.8573787925127
-6.118400651884197,106.85738782606768
-6.118400637870028,106.85739685962866
-6.11840061394748,106.85740589327098
-6.118400569276239,106.85741492705128
-6.118400487641093,106.85742396059436
-6.1184003476914555,106.85743299311245
-6.118400130414806,106.85744202387482
-6.118399850044486,106.8574510531126
-6.118399544149214,106.85746008173197
-6.118399247774999,106.85746911058044
-6.118398967128849,106.8574781398078
-6.118398692352365,106.85748716917522
-6.118398414367179,106.85749619846291
-6.118398132129359,106.85750522764725
-6.1183978486214645,106.85751425680284
-6.11839756649665,106.85752328599582
-6.118397285737975,106.85753231522384
-6.118397005126653,106.85754134445367
-6.118396723628059,106.85755037365729
-6.118396441455355,106.85755940284177
-6.118396159325241,106.85756843202829
-6.11839587782672,106.85757746123423
-6.118395596796696,106.8575864904544
-6.118395315800467,106.85759551967546
-6.118395034480532,106.85760454888646
-6.118394752880915,106.85761357808877
-6.118394471175166,106.8576226072878
-6.118394189510822,106.85763163648808
-6.11839390791533,106.8576406656905
-6.118393626381594,106.85764969489485
-6.118393344904841,106.85765872410101
-6.118393063489843,106.85766775330913
-6.118392782143819,106.85767678251942
-6.118392500845242,106.85768581173122
-6.118392219467602,106.85769484094051
-6.118391937860463,106.85770387014257
-6.118391655969846,106.8577128993357
-6.118391374055747,106.85772192852806
-6.118391092441772,106.85773095772988
-6.118390811281841,106.85773998694602
-6.11839053023687,106.85774901616578
-6.118390248879217,106.85775804537576
-6.118389967001215,106.85776707456938
-6.118389684966678,106.85777610375798
-6.118389403230046,106.85778513295573
-6.1183891219936255,106.85779416216901
-6.1183888408729326,106.85780319138634
-6.118388559402013,106.8578122205936
-6.118388277406085,106.85782124978506
-6.118387995318543,106.85783027897217
-6.118387713645696,106.8578393081685
-6.118387432538853,106.85784833738015
-6.118387151482713,106.85785736659918
-6.118386869894767,106.85786639581613
-6.118386587674901,106.85787542502172
-6.118386305538591,106.85788445420702
-6.1183860242634225,106.8578934833637
-6.11838574367301,106.85790251251376
-6.11838546213687,106.8579115417255
-6.118385177624909,106.85792057105525
-6.118384876815389,106.85792959991146
-6.1183845314165,106.8579386268438
-6.118384113434042,106.85794765040798
-6.1183836269136345,106.85795667073249
-6.118383108780482,106.85796568955983
-6.1183825959394555,106.85797470863437
-6.118382100089404,106.85798372851083
-6.118381612160663,106.8579927487637
-6.118381122912374,106.85800176895908
-6.118380629474742,106.85801078895922
-6.118380133716283,106.85801980884666
-6.118379637540077,106.85802882870613
-6.118379141890257,106.858037848585
-6.118378647067158,106.85804686850555
-6.118378153289892,106.85805588848541
-6.118377660037465,106.85806490849696
-6.118377166340813,106.85807392848527
-6.11837667135645,106.85808294840234
-6.1183761754722426,106.85809196826868
-6.118375679747491,106.85810098814217
-6.118375185107686,106.8581100080737
-6.118374691324393,106.85811902805364
-6.118374197603301,106.85812804804266
-6.118373703233738,106.85813706800411
-6.118373208138944,106.85814608792198
-6.1183727125212695,106.85815510778933
-6.118372216679115,106.85816412761318
-6.118371721518752,106.85817314748982
-6.118371228186314,106.85818216755078
-6.1183707371072416,106.85819118785062
-6.1183702446054795,106.85820020800602
-6.118369745557191,106.85820922747907
-6.118369238045102,106.85821824606748
-6.118368736366728,106.8582272652664
-6.118368259930422,106.85823628710598
-6.118367807624261,106.85824531172956
-6.11836729004444,106.85825433116204
-6.118366594196575,106.8582633352585
-6.118365665957373,106.85827231902508
-6.11836459954863,106.85828129044769
-6.1183635112807195,106.85829025944956
-6.11836246305942,106.85829923146649
-6.118361432668435,106.85830820499577
-6.118360390518198,106.85831717787748
-6.118359301197258,106.85832614569756
-6.118358121972133,106.85833510120689
-6.118356813205668,106.85834403755318
-6.118355399902141,106.85835295835858
-6.118353963350808,106.85836187636558
-6.118352577453701,106.85837080307827
-6.118351208766677,106.85837973212728
-6.1183497547771495,106.85838864564315
-6.118348127524938,106.85839752827536
-6.118346352378605,106.85840638423569
-6.11834450447531,106.85841522632673
-6.118342648918877,106.85842406580353
-6.1183408056055955,106.85843290693101
-6.118338981968295,106.85844175204691
-6.118337174998198,106.85845060106863
-6.11833534338599,106.85845944503534
-6.118333437066957,106.85846827295534
-6.11833141822571,106.8584770759709
-6.118329281130365,106.85848585081375
-6.118327025541398,106.85849459521454
-6.118324668781971,106.8585033123949
-6.118322255020657,106.85851201396972
-6.118319830167224,106.858520712138
-6.118317425197853,106.85852941556013
-6.11831505436361,106.85853812893329
-6.118312728634248,106.85854685600911
-6.118310402728172,106.85855558326519
-6.118307974482236,106.85856427971167
-6.118305348489419,106.85857291636249
-6.1183025409152965,106.85858149764194
-6.118299641705921,106.85859005006773
-6.118296731342916,106.85859859743304
-6.1182938223358825,106.85860714386791
-6.118290900766233,106.85861568585716
-6.118287950087912,106.85862421853992
-6.118284941830488,106.85863273088708
-6.118281844074741,106.8586412100844
-6.118278642563728,106.85864965013982
-6.118275377523437,106.85865806610593
-6.118272099580613,106.8586664770538
-6.118268842840602,106.85867489591654
-6.118265603821568,106.85868332166305
-6.118262373758299,106.85869175129406
-6.118259133228224,106.8587001771699
-6.118255841783187,106.85870858249602
-6.118252457231486,106.85871694970136
-6.118248972733209,106.85872527575593
-6.11824543219522,106.85873357850308
-6.11824188278039,106.85874187714538
-6.118238353862113,106.8587501840999
-6.118234855565033,106.85875850444158
-6.118231394900885,106.85876684188989
-6.118227931807334,106.85877517853285
-6.11822438045918,106.8587834754295
-6.1182206608053065,106.85879169620434
-6.118216783600111,106.85879984516791
-6.118212819004774,106.85880795324842
-6.118208832071712,106.85881604927788
-6.118204848306912,106.85882414561196
-6.118200877533215,106.85883224807225
-6.118196923199896,106.85884035913524
-6.118192955786703,106.85884846395163
-6.118188935080536,106.85885654205298
-6.118184828361986,106.85886457651009
-6.118180631524407,106.85887256390897
-6.118176347315237,106.85888050407735
-6.118171986523152,106.8588884017318
-6.118167578642561,106.85889627296146
-6.118163155748981,106.85890413543284
-6.118158743753642,106.85891200375278
-6.11815435780658,106.85891988718679
-6.11815001133104,106.85892779407783
-6.118145677503268,106.8589357087044
-6.118141266179542,106.85894357748462
-6.118136684968781,106.85895134543621
-6.118131918211785,106.85895900214055
-6.118127027310193,106.85896658193386
-6.118122074013812,106.85897411962328
-6.118117091899451,106.8589816361542
-6.118112099229935,106.85898914493708
-6.11810711195907,106.85899665771888
-6.118102131498894,106.85900417553417
-6.1180971532519965,106.85901169499068
-6.118092173249081,106.85901921315902
-6.1180871913891215,106.85902672996032
-6.118082209002223,106.8590342463704
-6.118077227197442,106.85904176320341
-6.118072245897936,106.85904928040615
-6.11806726463481,106.85905679763877
-6.118062283054825,106.85906431464501
-6.11805730135215,106.85907183156452
-6.118052319882399,106.85907934865367
-6.118047338833582,106.8590868660463
-6.118042357688939,106.85909438336083
-6.118037375746522,106.85910190008019
-6.118032392836261,106.85910941608223
-6.118027410779545,106.85911693272301
-6.1180224318619505,106.85912445170327
-6.118017452007591,106.85913197028252
-6.118012446523464,106.85913947132653
-6.118007386596302,106.85914693482432
-6.118002260171443,106.85915435238836
-6.117997096339253,106.85916174416852
-6.11799193025627,106.85916913452148
-6.117986781212087,106.85917653672557
-6.117981637840247,106.85918394265495
-6.117976485436865,106.85919134185826
-6.117971322892066,106.8591987337626
-6.117966172734932,106.85920613497296
-6.117961059164495,106.85921356329953
-6.11795596332162,106.8592210047417
-6.1179507988654995,106.85922839544455
-6.117945476948888,106.85923566968943
-6.117939989795229,106.85924282136526
-6.117934412513324,106.85924990530276
-6.117928819479645,106.85925697586033
-6.117923235738117,106.85926405185269
-6.117917655769735,106.85927113007426
-6.117912074123224,106.85927820729984
-6.117906489930446,106.85928528300717
-6.117900904695603,106.8592923580731
-6.117895319801066,106.85929943330721
-6.117889735535289,106.85930650890913
-6.117884151677897,106.85931358479476
-6.117878567985159,106.85932066084948
-6.117872984073381,106.85932773676093
-6.117867399500473,106.85933481213435
-6.11786181406112,106.85934188677645
-6.117856228981545,106.85934896171302
-6.117850646022805,106.85935603842537
-6.117845065942484,106.85936311755262
-6.1178394841098465,106.85937019521187
-6.117833894094927,106.85937726601024
-6.117828293674588,106.85938432808331
-6.117822700704167,106.85939139640709
-6.117817139020816,106.85939849097477
-6.1178116130041795,106.85940561548746
-6.117806044382281,106.85941270444089
-6.117800333077141,106.8594196740674
-6.117794419855187,106.85942647333196
-6.117788343519587,106.85943312976592
-6.117782156983528,106.85943968239764
-6.1177759051053116,106.85944616895164
-6.117769623928708,106.85945262572555
-6.117763347452477,106.85945908731892
-6.117757085667072,106.8594655638884
-6.117750830020867,106.85947204671301
-6.117744572021305,106.85947852713315
-6.117738310163786,106.85948500362075
-6.117732047817033,106.85949147962116
-6.117725788021055,106.85949795824193
-6.117719529005986,106.85950443765631
-6.117713265975828,106.85951091293306
-6.11770699535154,106.85951738039348
-6.1177007259536555,106.85952384911919
-6.117694473632395,106.85953033542607
-6.117688248344861,106.85953684958105
-6.117682009277841,106.8595433497364
-6.1176756899856,106.85954976773318
-6.117669239586738,106.85955605144557
-6.117662691936765,106.85956223603294
-6.117656109240397,106.85956838585628
-6.117649536558757,106.85957454666294
-6.117642962351146,106.85958070274903
-6.117636363455247,106.85958682579917
-6.117629738291355,106.85959291525535
-6.11762314498797,106.85959904735014
-6.1176166515689525,106.85960531103325
-6.117610226557148,106.85961166459543
-6.117603601736535,106.85961775545596
-6.117596497996107,106.85962321802643
-6.117588990049494,106.8596281708547
-6.117581425675126,106.85963310611514
-6.117574020910599,106.85963829863216
-6.117566526437312,106.85964326214096
-6.117558615806249,106.85964739317694
-6.1175503132155615,106.85965081644773
-6.117541938743052,106.85965427061765
-6.117533657426367,106.85965798580895
-6.117525221895732,106.85966086754878
-6.117516402758179,106.85966202809564
-6.117507333025043,106.85966240518567
-6.117498248117148,106.85966292861602
-6.117489391307551,106.85966235639798
-6.117480900313714,106.85965960702305
-6.117472576520986,106.85965589204163
-6.1174642704889095,106.85965233299768
-6.117456147194304,106.85964857998042
-6.117448389551704,106.85964411891979
-6.117440911724409,106.85963908508066
-6.117433506584622,106.85963390792897
-6.11742609861221,106.85962877829228
-6.117418828025745,106.85962349517683
-6.11741183535231,106.85961784905153
-6.11740506398533,106.85961190804392
-6.11739834333111,106.85960590083647
-6.11739155731233,106.85959998194195
-6.117384731098155,106.85959411353795
-6.117377909645523,106.85958823092906
-6.117371064435938,106.85958237190556
-6.11736407745928,106.85957669908328
-6.117356841726461,106.85957136018732
-6.117349408591004,106.85956628672245
-6.117341917894455,106.85956128936114
-6.117334489675346,106.85955620563408
-6.117327127065666,106.85955103167946
-6.117319792327732,106.85954581908351
-6.117312451692127,106.85954061402627
-6.117305100128784,106.85953542353656
-6.117297745142426,106.85953023756717
-6.117290393595949,106.85952504693526
-6.1172830451434415,106.85951985217413
-6.117275695165472,106.85951465957702
-6.117268339723579,106.85950947448913
-6.117260986556587,106.85950428603834
-6.117253652736696,106.85949907039043
-6.117246354950277,106.8594938042529
-6.117239093470793,106.85948848727801
-6.117231851255078,106.8594831433261
-6.117224610688413,106.8594777970575
-6.117217363661819,106.85947245988103
-6.117210114161932,106.85946712634363
-6.11720286689127,106.8594617899897
-6.1171956226023845,106.85945644960488
-6.11718837598435,106.85945111202054
-6.117181121286726,106.85944578465529
-6.117173860618157,106.85944046492335
-6.117166610722912,106.85943513160811
-6.117159389828841,106.85942976160459
-6.1171521900451715,106.85942436509657
-6.117144944165584,106.85941902786688
-6.117137576976027,106.85941384590767
-6.117130100681623,106.85940880538764
-6.117122754874363,106.85940360681266
-6.117115808139446,106.85939791428908
-6.1171092778200915,106.85939170836768
-6.117102876558137,106.85938535337687
-6.117096341981979,106.85937917944895
-6.1170897393966035,106.8593730833833
-6.1170832840014455,106.85936676375266
-6.117077093306142,106.8593600647048
-6.117070674573572,106.85935373895745
-6.117063346072426,106.8593488103961
-6.117055237037928,106.85934490912244
-6.11704716108564,106.85934051684183
-6.117039211381828,106.8593361997178
-6.117030676181366,106.85933471804432
-6.117021570776102,106.85933536392702
-6.1170124288524725,106.85933522659646
-6.117003478423143,106.85933479748552
-6.116994774162656,106.85933632274045
-6.116986401428517,106.8593398714251
-6.116978409235564,106.85934407707117
-6.116970551509509,106.85934838374536
-6.116962522333679,106.85935252857524
-6.116954611213862,106.859356889896
-6.116947624012471,106.85936239982225
-6.1169416605592195,106.85936915805101
-6.116935950068702,106.85937624020418
-6.116929937944647,106.85938297844619
-6.116923737793161,106.85938949653195
-6.11691756488595,106.85939603859157
-6.116911563889576,106.85940275971842
-6.1169057561733755,106.85940965952177
-6.116900147529514,106.85941672025409
-6.116894689349077,106.85942389484086
-6.116889287245359,106.85943111152932
-6.11688385478222,106.85943830494112
-6.116878385350691,106.85944547050964
-6.116872912697667,106.8594526344111
-6.1168674708099875,106.85945982271429
-6.1168620931930855,106.85946705917922
-6.116856813154803,106.8594743666183
-6.1168516493640945,106.85948175750461
-6.116846560401784,106.85948920188196
-6.11684148944978,106.85949665892102
-6.116836394953756,106.85950409889793
-6.116831278757524,106.85951152366403
-6.116826150398869,106.8595189406651
-6.1168210302022885,106.85952636406161
-6.11681596477502,106.85953382437485
-6.116811004128359,106.85954135422682
-6.11680615950576,106.8595489607513
-6.116801377381603,106.85955660849909
-6.116796599033963,106.85956425861036
-6.116791797136977,106.85957189305415
-6.116786982011509,106.85957951877515
-6.1167821659897275,106.85958714404515
-6.116777355841885,106.85959477325672
-6.116772552368855,106.85960240663891
-6.1167677557394455,106.85961004402432
-6.116762958748812,106.85961768106871
-6.116758147037424,106.85962530937513
-6.116753308895424,106.85963292214394
-6.116748484103747,106.85964054342836
-6.116743756266731,106.85964822354015
-6.116739198937923,106.85965600666458
-6.116734775085525,106.85966386971859
-6.116730385743767,106.85967175194513
-6.116725951185028,106.85967960481435
-6.1167215083258775,106.85968745382338
-6.116717136419401,106.85969535133385
-6.116712935532166,106.85970335060318
-6.116709072411754,106.85971150764561
-6.11670571297002,106.85971987385493
-6.116702767399829,106.85972840747296
-6.116699924285622,106.85973698601522
-6.116696925948939,106.85974550727346
-6.1166938675804765,106.85975400163184
-6.116690970668968,106.859762546937
-6.116688354717774,106.85977118624005
-6.116685860410638,106.85977986744858
-6.116683284964301,106.85978852358603
-6.116680537742701,106.85979712436529
-6.116677658277509,106.85980568208423
-6.11667469020888,106.85981421024151
-6.116671630979508,106.85982270514498
-6.1166684432307825,106.85983115015244
-6.1166650991939395,106.85983953270545
-6.116661653754045,106.85984787508002
-6.11665820110031,106.85985621611695
-6.116654815409921,106.85986458609386
-6.116651433225294,106.85987295640442
-6.116647933814049,106.85988127393857
-6.116644220865984,106.85988949639807
-6.11664034728945,106.85989764752729
-6.116636421935342,106.85990577583019
-6.11663254163528,106.85991392445196
-6.116628715268431,106.85992209732642
-6.11662491291406,106.85993028108949
-6.116621105665829,106.85993846280691
-6.116617278762912,106.85994663558364
-6.1166134267522505,106.85995479649837
-6.116609545048901,106.85996294304944
-6.1166056452442366,106.85997108076589
-6.1166017550893255,106.85997922319918
-6.1165979024170625,106.85998738394633
-6.1165940751946,106.85999555712955
-6.116590197993923,106.86000370590193
-6.116586189887352,106.86001179072913
-6.116582036685603,106.86001980432785
-6.116577896517953,106.86002782268685
-6.116573954782007,106.86003593497121
-6.116570321476116,106.86004419347144
-6.116566913011636,106.8600525558027
-6.11656361704999,106.86006096547136
-6.116560391706264,106.8600693986316
-6.116557284975539,106.86007787308742
-6.116554344477654,106.86008640705882
-6.116551527853518,106.86009498560335
-6.116548725023526,106.86010356881978
-6.116545849771407,106.86011212565522
-6.116542946678028,106.86012067353694
-6.1165401020161605,106.86012924534343
-6.116537327105838,106.86013784471855
-6.11653442558664,106.8601463943035
-6.116531170134456,106.86015480461101
-6.116527505142888,106.86016305124905
-6.1165235918879945,106.86017119204192
-6.116519593801254,106.86017928667872
-6.116515583214659,106.86018736844876
-6.116511589848919,106.86019545829306
-6.116507624218859,106.8602035658823
-6.116503601996158,106.86021164487204
-6.116499409330476,106.86021963147948
-6.116494989583524,106.86022749369762
-6.11649044748142,106.86023528914271
-6.116485914918269,106.86024309051605
-6.1164814416243924,106.86025092455978
-6.116476938491837,106.86025874035522
-6.116472304559527,106.86026648012431
-6.116467478293726,106.86027410227699
-6.116462439937306,106.8602815823759
-6.116457182952564,106.8602889059359
-6.11645178172297,106.86029612436401
-6.116446346165663,106.86030331800139
-6.116440959100288,106.86031054728517
-6.11643559644312,106.86031779408052
-6.116430207938666,106.86032502101742
-6.116424765431197,106.86033220726851
-6.116419299496358,106.86033937596955
-6.116413850117567,106.8603465572969
-6.116408436377641,106.86035376565458
-6.1164030405582555,106.86036098767502
-6.116397641426722,106.86036820733659
-6.116392230714686,106.86037541828934
-6.116386819821319,106.86038262885569
-6.116381421407428,106.86038984830924
-6.1163760311538455,106.86039707369792
-6.116370621346137,106.86040428522503
-6.1163651643071475,106.86041146311148
-6.116359694851208,106.86041863224214
-6.116354326048448,106.86042587343294
-6.116349169279608,106.86043326614688
-6.1163442344692625,106.86044081510946
-6.116339452315198,106.86044846668392
-6.116334754385097,106.86045616876521
-6.116330092222976,106.86046388994781
-6.116325425598417,106.86047160734955
-6.116320720951497,106.86047930194873
-6.116315984395633,106.86048697761422
-6.116311236705462,106.86049464667407
-6.116306496273829,106.86050232004254
-6.1163017647009355,106.8605099986689
-6.116297036428914,106.86051767925471
-6.116292306410644,106.86052535880475
-6.1162875740075116,106.860533036941
-6.116282840741923,106.86054071456844
-6.116278108026418,106.86054839252648
-6.116273376063084,106.86055607093331
-6.116268644373532,106.86056374950164
-6.116263912509778,106.8605714279628
-6.116259180463568,106.86057910631581
-6.116254448509496,106.8605867847319
-6.116249716897008,106.86059446336608
-6.116244985459263,106.86060214210788
-6.1162402537236,106.86060982065167
-6.116235521271453,106.8606174987272
-6.116230788727574,106.86062517674326
-6.116226057590974,106.86063285567785
-6.116221329221773,106.86064053641822
-6.11621660146219,106.86064821755562
-6.11621186879445,106.86065589548842
-6.1162071260635935,106.86066356685056
-6.116202381501116,106.8606712369813
-6.116197657909093,106.86067892069516
-6.116192977481877,106.8606866324092
-6.11618831676896,106.86069435677794
-6.1161835965502425,106.86070204209176
-6.116178737348482,106.8607096365079
-6.11617374915469,106.86071714750705
-6.11616874228265,106.86072464909061
-6.11616382487127,106.86073221358187
-6.1161589570669035,106.86073981051145
-6.11615396337502,106.86074731519653
-6.116148691134347,106.8607546196406
-6.116143203048895,106.8607617718298
-6.1161376621877634,106.86076889243516
-6.116132212517743,106.86077608439916
-6.116126945128345,106.86078340189796
-6.116121939430902,106.86079088940899
-6.11611717036529,106.86079853390686
-6.116112481372856,106.86080624998733
-6.116107751560212,106.86081396783031
-6.11610323906276,106.86082179141424
-6.116099390436257,106.86082991135774
-6.1160962848230245,106.8608383679556
-6.116093382941966,106.86084694835237
-6.11609021367268,106.86085545530645
-6.116087199145325,106.86086397093429
-6.116085123208909,106.86087269223054
-6.116084080834007,106.86088165829221
-6.116083338009187,106.86089071800832
-6.116082462094427,106.86089974977261
-6.116081997800344,106.86090874568012
-6.11608254939011,106.86091771707498
-6.116083880093167,106.86092667212849
-6.116085370969283,106.86093561733433
-6.116086742591555,106.86094455001522
-6.116088185272667,106.86095345489538
-6.1160899093033665,106.86096231541629
-6.116091981489648,106.8609711113016
-6.116094385190631,106.8609798201358
-6.116097068992624,106.86098843840956
-6.116099886144591,106.860997016108
-6.116102678041426,106.86100561067525
-6.116105469001736,106.86101420728065
-6.116108517438658,106.86102269860068
-6.116112055009876,106.86103098859223
-6.116115975395977,106.86103912044925
-6.116120009510131,106.86104720442144
-6.116123959216267,106.86105532181539
-6.116127840532075,106.86106346656493
-6.116131709068037,106.86107161644999
-6.11613560253178,106.86107975639604
-6.116139513496394,106.86108788934307
-6.116143427555094,106.861096021017
-6.116147335287954,106.8611041551734
-6.116151238543555,106.86111229111536
-6.1161551407093055,106.86112042753781
-6.116159044010708,106.86112856356824
-6.116162948315796,106.86113669921185
-6.116166853207924,106.86114483458012
-6.11617075834874,106.86115296978465
-6.116174663542778,106.86116110493741
-6.116178568610473,106.86116924014982
-6.116182473421643,106.86117737549834
-6.116186377927272,106.86118551100189
-6.116190282089324,106.86119364667246
-6.116194186052508,106.86120178243645
-6.1161980902324204,106.86120991809351
-6.116201995055818,106.86121805343815
-6.11620590050208,106.86122618848124
-6.116209805951917,106.86123432352304
-6.11621371076027,106.86124245887623
-6.1162176148155725,106.8612505945948
-6.116221518651206,106.8612587304199
-6.116225422825564,106.8612668660806
-6.11622932752882,106.86127500148461
-6.116233232548802,106.86128313673487
-6.116237137654995,106.86129127194319
-6.1162410426634715,106.8612994071989
-6.116244947436323,106.86130754256914
-6.116248851850181,106.86131567811398
-6.116252756019697,106.86132381377747
-6.116256660272081,106.86133194940014
-6.116260564918238,106.86134008483049
-6.116264469886624,106.86134822010433
-6.1162683747970235,106.86135635540867
-6.116272279299151,106.86136449091556
-6.116276183577511,106.86137262653102
-6.116280088206476,106.86138076196717
-6.1162839936653635,106.86138889698422
-6.116287899192726,106.86139703196947
-6.116291803210732,106.86140516772276
-6.116295704542951,106.86141330484018
-6.1162996063358275,106.86142144172405
-6.116303514300203,106.8614295754752
-6.116307432366472,106.86143770409831
-6.116311347949278,106.86144583398159
-6.116315239641507,106.8614539759913
-6.116319093991477,106.86146213695172
-6.116322961913852,106.86147029098471
-6.116326925233515,106.86147839650761
-6.116331048090332,106.86148642083332
-6.116335302771308,106.86149437748172
-6.116339632164383,106.86150229476183
-6.11634399349654,106.8615101936085
-6.11634838562951,106.86151807354516
-6.116352814824947,106.86152593030228
-6.116357263378834,106.86153377475509
-6.11636165945856,106.86154165198451
-6.116365924696949,106.86154961120025
-6.11637010764356,106.86155762131983
-6.116374514239378,106.86156548842564
-6.116379459839289,106.86157301132845
-6.1163849737758405,106.8615801524721
-6.1163908862018905,106.8615869875047
-6.116397130246454,106.86159350122813
-6.116403784199467,106.86159955218162
-6.11641086363229,106.86160509097785
-6.11641816482132,106.8616103716208
-6.116425458455668,106.86161568275166
-6.116432756728741,106.86162096693363
-6.116440263619436,106.86162589190016
-6.116448112652283,106.86163024567169
-6.116456163906696,106.86163427788858
-6.116464224039096,106.86163832515774
-6.116472285123017,106.86164233883963
-6.116480522065641,106.86164589041725
-6.116489054738529,106.8616486767492
-6.116497787587945,106.86165088012217
-6.116506586138695,106.86165277765141
-6.116515392347112,106.86165454939878
-6.116524194019633,106.86165631720523
-6.116532984006409,106.86165816821882
-6.116541777325584,106.86166001959289
-6.116550595925588,106.86166173533049
-6.116559453278345,106.86166322987374
-6.116568335998844,106.86166457748865
-6.116577225452591,106.86166588370017
-6.11658610986286,106.8616672156471
-6.116594990845831,106.86166856550197
-6.116603871548446,106.86166991686147
-6.116612753727117,106.86167126054359
-6.116621636799331,106.86167259951274
-6.11663051996425,106.86167393786955
-6.116639402759334,106.86167527808996
-6.116648285235072,106.86167662018609
-6.116657167498421,106.86167796386451
-6.116666050242803,106.8616793045347
-6.116674934957973,106.86168063177136
-6.11668382314246,106.8616819350673
-6.116692714804751,106.86168321428697
-6.11670160821204,106.86168448141544
-6.116710501578389,106.86168574880966
-6.116719394190825,106.8616870214072
-6.1167282864232915,106.8616882966297
-6.116737178685091,106.86168957165394
-6.116746071129576,106.86169084542017
-6.116754963676072,106.86169211848089
-6.116763856238297,106.86169339142751
-6.116772748780091,106.86169466450987
-6.11678164130672,106.8616959376955
-6.116790533824482,106.86169721094473
-6.116799426336725,106.86169848423522
-6.116808318844594,106.8616997575576
-6.116817211349841,106.86170103089822
-6.1168261038624046,106.86170230418655
-6.1168349963977375,106.86170357731375
-6.116843888969015,106.86170485018707
-6.11685278156385,106.86170612289408
-6.11686167415432,106.861707395632
-6.1168705667151615,106.86170866857924
-6.116879459248111,106.86170994172353
-6.116888351769688,106.86171121494817
-6.116897244294509,106.86171248814989
-6.116906136820227,106.86171376134527
-6.116915029336152,106.86171503460984
-6.116923921834513,106.86171630799848
-6.116932814329261,106.86171758141263
-6.116941706843949,106.86171885468595
-6.116950599395132,106.86172012770145
-6.116959491954026,106.86172140066246
-6.116968384473889,106.86172267389918
-6.116977276920983,106.86172394764988
-6.116986169336118,106.86172522162633
-6.116995061786533,106.86172649535354
-6.117003954323025,106.86172776847272
-6.117012846912758,106.86172904121582
-6.117021739496427,106.86173031400179
-6.117030632028066,106.86173158715533
-6.117039524522006,106.8617328605752
-6.1170484170096024,106.86173413403989
-6.117057309515739,106.86173540737362
-6.117066202039279,106.86173668058439
-6.117075094572543,106.86173795372646
-6.117083987108314,106.86173922685083
-6.117092879641027,106.86174049999678
-6.117101772165491,106.86174177320103
-6.1171106646819,106.86174304646218
-6.117119557207665,106.86174431965723
-6.117128449763602,106.86174559263912
-6.1171373423528035,106.86174686538601
-6.11714623492781,106.86174813823315
-6.117155127432309,106.8617494115784
-6.117164019851844,106.86175068552386
-6.117172912278723,106.8617519594174
-6.117181804821697,106.86175323249071
-6.117190697512021,106.86175450452298
-6.117199590203816,106.86175577654475
-6.117208482727364,106.86175704975503
-6.117217375032398,106.86175832450888
-6.117226267313759,106.86175959942985
-6.117235159794857,106.86176087293956
-6.117244052546135,106.86176214454044
-6.117252945355776,106.86176341572907
-6.117261837983763,106.86176468820125
-6.1172707303545755,106.86176596249057
-6.117279622666042,106.8617672371992
-6.117288515139,106.8617685107668
-6.117297407840934,106.86176978271654
-6.117306300609529,106.86177105419537
-6.117315193266533,106.86177232646287
-6.117324085758732,106.861773599895
-6.117332978202042,106.86177487367264
-6.117341870721709,106.86177614691074
-6.117350763351988,106.8617774193672
-6.117359656015963,106.86177869158556
-6.117368548631938,106.86177996414312
-6.1173774411732875,106.86178123722806
-6.1173863336742,106.86178251059874
-6.117395226171569,106.86178378399445
-6.117404118692318,106.86178505722496
-6.117413011253416,106.86178633017037
-6.117421903869114,106.86178760272998
-6.117430796509706,106.86178887511366
-6.117439689105804,106.8617901478117
-6.117448581592627,106.86179142128178
-6.117457474004018,106.86179269528479
-6.117466366454273,106.86179396901315
-6.117475259049809,106.86179524171497
-6.117484151753575,106.86179651365207
-6.117493044422806,106.86179778583322
-6.117501936926413,106.86179905918472
-6.117510829304686,106.86180033342174
-6.11751972171191,106.86180160745388
-6.117528614287156,106.86180288029834
-6.117537506987306,106.86180415226042
-6.117546399659966,106.861805424418
-6.117555292171222,106.86180669771802
-6.117564184571364,106.86180797180265
-6.1175730770101815,106.86180924560922
-6.117581969613645,106.86181051824492
-6.117590862306581,106.86181179025088
-6.117599754916122,106.86181306286467
-6.117608647312717,106.86181433701107
-6.11761753968166,106.86181561134165
-6.1176264323455145,106.86181688351692
-6.117635325495838,106.86181815215204
-6.11764421849002,106.86181942194082
-6.117653110359555,106.86182069995188
-6.117662000654881,106.86182198946159
-6.117670891850139,106.86182327238103
-6.11767978744108,106.86182452315579
-6.117688690122451,106.86182572193023
-6.11769759895094,106.86182687473274
-6.117706511952277,106.8618279949268
-6.117715427340566,106.86182909496131
-6.117724343984065,106.86183018410865
-6.1177332608931225,106.86183127095029
-6.117742177360261,106.86183236162177
-6.117751093506379,106.86183345507807
-6.117760009603432,106.8618345489648
-6.117768925833316,106.86183564170523
-6.117777842141554,106.86183673376388
-6.1177867584355194,106.86183782593469
-6.117795674666307,106.8618389186406
-6.117804590887791,106.86184001143234
-6.117813507168323,106.86184110373773
-6.1178224235296375,106.86184219537246
-6.117831339895128,106.86184328697034
-6.117840256176298,106.86184437926413
-6.117849172348978,106.86184547245459
-6.117858088510978,106.86184656573383
-6.117867004772684,106.86184765818986
-6.11787592116296,106.86184874958406
-6.117884837571512,106.8618498408272
-6.11789375387601,106.86185093292946
-6.117902670046483,106.86185202613838
-6.117911586195083,106.86185311952794
-6.117920502443953,106.86185421208965
-6.117929418819166,106.86185530360822
-6.1179383352133865,106.86185639496986
-6.117947251512027,106.86185748712064
-6.1179561676936665,106.86185858023741
-6.117965083853734,106.86185967353232
-6.117974000092331,106.86186076617889
-6.117982916429969,106.86186185800779
-6.11799183279694,106.86186294959455
-6.118000749120874,106.86186404153668
-6.118009665382374,106.86186513399433
-6.118018581616325,106.86186622667945
-6.118027497858887,106.86186731929348
-6.118036414122286,106.86186841173546
-6.118045330396575,106.86186950408752
-6.11805424667167,106.86187059643296
-6.118063162949359,106.86187168875696
-6.118072079241381,106.86187278096263
-6.118080995558028,106.86187387296495
-6.11808991188409,106.86187496488951
-6.1180988281850635,106.86187605702125
-6.11810774443003,106.86187714961545
-6.118116660639192,106.86187824250526
-6.1181255768676674,106.86187933523543
-6.118134493165357,106.86188042739387
-6.11814340951775,106.86188151910066
-6.118152325870659,106.86188261080378
-6.118161242174515,106.86188370291283
-6.118170158429447,106.8618847954257
-6.118179074663159,106.86188588811169
-6.118187990902117,106.86188698075102
-6.118196907159897,106.86188807323593
-6.118205823443645,106.86188916551451
-6.118214739757852,106.86189025755392
-6.118223656087722,106.86189134945933
-6.1182325724098146,106.8618924413977
-6.118241488705083,106.86189353351212
-6.118250404983475,106.86189462578727
-6.118259321266599,106.86189571814418
-6.118268237712996,106.86189680931088
-6.118277155265065,106.86189789118563
-6.1182860751437,106.86189895324024
-6.118294998176882,106.86189998827938
-6.118303923308634,106.8619010050888
-6.118312848919464,106.86190201723441
-6.1183217737721245,106.86190303529719
-6.11833069818504,106.8619040577095
-6.118339622872245,106.86190507981422
-6.118348548627468,106.86190609476
-6.118357476525932,106.86190708794473
-6.118366407704268,106.86190804306791
-6.118375342557701,106.8619089563884
-6.1183842793392476,106.8619098604541
-6.118393215925161,106.86191079415781
-6.118402152270839,106.8619117512992
-6.118411093189678,106.86191262031639
-6.118420044124702,106.86191327684632
-6.118429006318485,106.86191374454772
-6.1184379742508925,106.86191428539405
-6.118446941773638,106.86191516511721
-6.118455902263755,106.86191611827807
-6.118464848522539,106.8619162707348
-6.118473733609609,106.86191496616054
-6.1184823850027055,106.86191228035321
-6.118490350296004,106.86190810923047
-6.1184970885896055,106.86190219967274
-6.1185030712314985,106.86189534321032
-6.118508496781899,106.86188810970134
-6.11851254962664,106.8618801156971
-6.118515055820647,106.86187139178513
-6.118516401325291,106.86186240551959
-6.118516236716808,106.86185340127777
-6.118514344797713,106.86184455152079
-6.118511208121665,106.86183604337857
-6.11850707672143,106.86182801864273
-6.1185019991672025,106.86182056726702
-6.1184961755542675,106.8618136641487
-6.118489864417935,106.86180722604338
-6.118483289467695,106.86180107250718
-6.118476657038378,106.86179497775208
-6.118470073261658,106.86178882780897
-6.118463443366915,106.86178273369109
-6.118456652699549,106.86177682844595
-6.118449694269724,106.86177111847834
-6.118442676293352,106.86176547468011
-6.118435701504155,106.86175977515141
-6.1184287446740075,106.86175405725058
-6.1184216986533055,106.86174846029344
-6.118414477879274,106.86174309507174
-6.118407132372366,106.8617378938297
-6.118399761806703,106.86173272342411
-6.118392430709219,106.86172749928838
-6.118385090607959,106.861722293015
-6.118377670695641,106.86171720704071
-6.118370139429914,106.86171228642789
-6.118362544648923,106.86170746024719
-6.118354943064415,106.86170264461629
-6.118347361857752,106.8616977993604
-6.118339788405288,106.86169294321967
-6.118332207509354,106.8616880987516
-6.118324611072295,106.86168327823349
-6.118316999161961,106.86167848211959
-6.1183093724299775,106.8616737099785
-6.118301734360509,106.86166895641512
-6.118294091152507,106.86166421127695
-6.118286448866171,106.8616594646268
-6.118278809427474,106.86165471330717
-6.118271171348034,106.86164995975982
-6.118263533108315,106.86164520647743
-6.118255894205263,106.86164045428397
-6.118248254894225,106.86163570275838
-6.118240615441719,106.8616309514615
-6.118232976028011,106.86162620009883
-6.118225336775277,106.86162144847324
-6.1182176977841385,106.8616166964227
-6.118210058935708,106.86161194414082
-6.118202419977772,106.86160719203728
-6.118194780692407,106.86160244046607
-6.118187141200936,106.86159768922981
-6.118179501810276,106.86159293782956
-6.118171862780993,106.8615881858417
-6.118164223976105,106.86158343348899
-6.118156585063026,106.86157868131225
-6.118148945766523,106.86157392975902
-6.118141306238258,106.86156917858264
-6.118133666818494,106.86156442722975
-6.1181260277813445,106.8615596752546
-6.118118388969989,106.86155492291232
-6.11811075005697,106.86155017073561
-6.118103110783262,106.86154541914577
-6.118095471282825,106.86154066792442
-6.118087831828823,106.86153591662661
-6.118080192638745,106.86153116489835
-6.118072553646818,106.86152641284872
-6.118064914697665,106.8615216607332
-6.118057275645067,106.86151690879043
-6.118049636384304,106.86151215718263
-6.1180419968223605,106.86150740605046
-6.11803435701461,106.8615026553016
-6.118026717612857,106.86149790390728
-6.1180190794187,106.86149315060347
-6.11801144248674,106.86148839530595
-6.118003804197424,106.86148364215389
-6.117996161332294,106.86147889623246
-6.11798850941955,106.86147416487262
-6.117980840171904,106.86146946224211
-6.117973144602248,106.86146480376468
-6.117965420156156,106.86146019389429
-6.117957679405567,106.8614556112898
-6.117949937041747,106.86145103099791
-6.1179422016374545,106.8614464387343
-6.117934470037515,106.86144184066478
-6.11792673779398,106.8614372451925
-6.117919003177214,106.8614326545999
-6.117911269147431,106.86142806060953
-6.1179035387235015,106.86142345473124
-6.117895794827739,106.86141886973552
-6.117887991467684,106.86141439775827
-6.11788008400131,106.86141012811125
-6.117872100459996,106.86140599985586
-6.11786413640111,106.8614018124453
-6.117856273883893,106.86139739620984
-6.117848408257406,106.86139300202554
-6.11784031452066,106.86138915183709
-6.117831866541318,106.86138613781843
-6.117823225174812,106.86138358559306
-6.117814591698584,106.8613810267726
-6.117806020626064,106.86137833199926
-6.117797456941081,106.86137562493296
-6.117788846760663,106.86137303670037
-6.117780163231357,106.86137070851383
-6.1177713916239425,106.86136878413058
-6.117762538756911,106.861367271629
-6.117753647117007,106.8613659539438
-6.117744760329614,106.8613646046134
-6.11773589936271,106.86136311766116
-6.117727071941311,106.86136145753233
-6.117718282676172,106.8613596039936
-6.117709518500979,106.86135762338162
-6.117700759790106,106.8613556141559
-6.117691990999395,106.86135365437593
-6.117683213719992,106.86135173645991
-6.117674434027292,106.86134983041393
-6.117665656749683,106.86134791240357
-6.117656881620088,106.86134598376286
-6.117648107070154,106.86134405225332
-6.117639331861924,106.86134212400206
-6.117630556091467,106.86134019853719
-6.117621780191491,106.86133827372151
-6.117613004502668,106.86133634787232
-6.1176042289984585,106.86133442112023
-6.117595453560754,106.86133249404799
-6.117586678094398,106.86133056712427
-6.117577902594726,106.86132864036786
-6.1175691270793715,106.86132671368668
-6.117560351571966,106.86132478696366
-6.117551576119512,106.86132285998451
-6.117542800774702,106.86132093251119
-6.117534025533696,106.86131900456392
-6.117525250174969,106.86131707715717
-6.117516474424602,106.86131515154472
-6.117507698248948,106.86131322787972
-6.1174989225287515,106.86131130212688
-6.117490148362244,106.86130936925461
-6.117481376608348,106.86130742533473
-6.117472607228667,106.86130547057618
-6.117463839974531,106.8613035061574
-6.1174550744106835,106.86130153410154
-6.1174463094068345,106.86129955957838
-6.117437543670896,106.86129758849019
-6.117428776614257,106.86129562349282
-6.117420010276551,106.86129365511333
-6.117411247311065,106.86129167104691
-6.117402488388021,106.86128966822442
-6.117393726744989,106.8612876781926
-6.117384953878589,106.86128574060629
-6.117376164184371,106.86128388164565
-6.117367362555116,106.86128207869808
-6.117358556258505,106.86128029811208
-6.117349750918021,106.86127851378745
-6.117340946717446,106.86127672460682
-6.1173321427172676,106.86127493461183
-6.117323338239479,106.86127314671246
-6.117314533422037,106.8612713602877
-6.1173057285615275,106.86126957403012
-6.117296923857611,106.86126778706802
-6.117288119222553,106.86126599982185
-6.117279314515686,106.86126421294996
-6.1172705096710125,106.86126242674851
-6.117261704833007,106.8612606404927
-6.117252900182653,106.86125885328067
-6.1172440957214125,106.86125706511551
-6.117235290969566,106.86125527842574
-6.11722648536917,106.86125349603424
-6.117217679022322,106.8612517174208
-6.117208873713993,106.86124993354174
-6.117200071486795,106.86124813404864
-6.11719127224247,106.861246319483
-6.117182470688706,106.86124451680699
-6.1171736607764435,106.86124275683342
-6.117164839059281,106.86124105734824
-6.117156007579475,106.86123940866554
-6.117147169085645,106.86123779755468
-6.117138327197899,106.86123620566295
-6.117129487041135,106.8612346057936
-6.117120653760186,106.86123297054291
-6.117111824908016,106.86123131185765
-6.117102986366269,106.86122970217984
-6.11709412374348,106.86122821556188
-6.117085247751134,106.86122680273623
-6.117076400137457,106.86122526196516
-6.117067617602575,106.86122341265825
-6.117058879915595,106.86122132408002
-6.117050139214038,106.86121918696817
-6.117041396018964,106.86121703969452
-6.117032766606064,106.86121455554911
-6.117024371365166,106.86121139430898
-6.117016201273652,106.86120761845993
-6.117008172398739,106.86120352334544
-6.117000229354243,106.86119929671379
-6.116992366250358,106.86119494078636
-6.116984581652825,106.86119044176782
-6.116976870657187,106.86118580735236
-6.116969226012578,106.86118105976456
-6.116961638384082,106.86117622328842
-6.116954086664278,106.86117133251264
-6.116946545531511,106.86116642571476
-6.116938994822451,106.86116153337312
-6.116931435539674,106.86115665397816
-6.116923874108138,106.86115177782546
-6.116916315462843,106.8611468974613
-6.11690875909958,106.86114201364838
-6.116901203273426,106.86113712902352
-6.1168936466847255,106.86113224555103
-6.116886089482638,106.86112736300662
-6.116878532110391,106.8611224807218
-6.116870974898004,106.86111759819809
-6.116863417846701,106.86111271543055
-6.1168558608983465,106.86110783250342
-6.116848303993147,106.86110294950562
-6.116840747067005,106.86109806653845
-6.11683319005528,106.8610931837049
-6.116825632931617,106.86108830104742
-6.116818075758744,106.86108341846754
-6.116810518611826,106.86107853584714
-6.116802961534402,106.86107365311771
-6.116795404503972,106.86106877031456
-6.116787847489799,106.86106388748586
-6.116780290465207,106.86105900467348
-6.116772733411151,106.86105412190739
-6.116765176309756,106.86104923921567
-6.116757619168532,106.86104435658646
-6.116750062037896,106.86103947394022
-6.116742504971763,106.86103459119195
-6.116734947987156,106.86102970831551
-6.1167273910448845,106.86102482537451
-6.1167198341011195,106.86101994243992
-6.11671227711572,106.86101505957227
-6.116704720053617,106.8610101768179
-6.116697162883747,106.86100529421688
-6.116689605703134,106.86100041162706
-6.116682048767918,106.86099552867978
-6.116674492323305,106.86099064502245
-6.116666936017789,106.86098576116451
-6.116659378829948,106.86098087858325
-6.116651819802864,106.86097599866265
-6.116644260343523,106.86097111936976
-6.116636704258068,106.86096623520365
-6.1166291549940945,106.86096134118135
-6.116621606781666,106.86095644563804
-6.116614045393381,106.86095156912882
-6.116606458550947,106.86094672938826
-6.116598871945734,106.86094188921778
-6.116591342758437,106.8609369658612
-6.116583921361641,106.86093188596222
-6.11657658117642,106.86092668303503
-6.116569251625704,106.86092145169856
-6.116561895584311,106.86091624533925
-6.116554647755258,106.8609109051412
-6.116547695120424,106.86090520769875
-6.116541102973603,106.86089907817694
-6.116534744314498,106.8608926765158
-6.116528503371725,106.86088615506603
-6.11652244004028,106.86087948982392
-6.1165166862040286,106.8608725844823
-6.116511504348377,106.86086521066615
-6.116507418321824,106.86085702736138
-6.116506429931486,106.86084819772249
-6.116508770564617,106.86083934853929
-6.11651221351422,106.86083098493121
-6.116516466276498,106.86082307977195
-6.11652139985913,106.86081552797927
-6.116526727654895,106.86080821818076
-6.116532228313884,106.86080106451584
-6.116537877315867,106.86079404889348
-6.116543679922352,106.86078716284248
-6.116549600532364,106.86078037083982
-6.1165555653056085,106.86077361204721
-6.1165615093355195,106.86076683384644
-6.116567469506823,106.8607600735646
-6.116573540291528,106.86075341941444
-6.116579793491771,106.86074693838401
-6.116586182649313,106.8607405869152
-6.116592623943368,106.8607342865242
-6.116599055403256,106.86072797895883
-6.116605475882417,106.86072166228588
-6.116611894713362,106.86071534427627
-6.116618317938903,106.86070902995286
-6.116624743994332,106.86070271798363
-6.116631170249485,106.86069640614663
-6.116637595119971,106.8606900931117
-6.116644019192084,106.86068377939965
-6.116650443318475,106.86067746575829
-6.116656867962602,106.86067115258848
-6.11666329286159,106.86066483964356
-6.116669717675488,106.8606585266083
-6.116676142244785,106.86065221333774
-6.116682566713195,106.86064589997312
-6.116688991251748,106.86063958668136
-6.1166954159337825,106.86063327353298
-6.116701840684632,106.8606269604525
-6.116708265418357,106.86062064735333
-6.116714690095687,106.86061433419682
-6.116721114741186,106.86060802100998
-6.116727539384107,106.86060170782449
-6.1167339640567775,106.86059539467074
-6.1167403887953204,106.86058908157764
-6.11674681363253,106.86058276857096
-6.116753238500406,106.86057645559151
-6.116759663218416,106.86057014248523
-6.116766087615137,106.86056382910539
-6.116772511870536,106.86055751559263
-6.116778936519226,106.86055120237769
-6.11678536205392,106.8605448898597
-6.1167917878384,106.86053857756697
-6.116798212206383,106.86053226423327
-6.116804633708116,106.86052594875551
-6.116811055123761,106.86051963322913
-6.116817482721831,106.8605133223873
-6.116823925294102,106.86050702401307
-6.11683042075645,106.86050078165951
-6.116837026301911,106.8604946625558
-6.116843782686836,106.86048871469715
-6.116850627696215,106.86048286546118
-6.116857460079324,106.86047699650011
-6.116864221552732,106.86047104163256
-6.11687101661755,106.8604651323008
-6.116877987499012,106.86045944573972
-6.116885201077382,106.86045406718613
-6.1168925857015575,106.86044891272665
-6.116900061897815,106.86044389025594
-6.116907630447995,106.8604390211255
-6.116915343071538,106.86043439869493
-6.116923229285526,106.8604300788667
-6.116931245342182,106.86042599464689
-6.116939334258728,106.86042205691277
-6.116947476905426,106.86041824211276
-6.116955696847044,106.86041460065314
-6.116964018345885,106.86041118876457
-6.116972454450142,106.86040807588058
-6.116981013164278,106.8604053363378
-6.1169896865434525,106.86040298502529
-6.116998439851771,106.86040093681801
-6.117007237764406,106.86039910037498
-6.117016062295389,106.86039741389847
-6.117024904432298,106.86039583088068
-6.117033758547134,106.86039432138698
-6.1170426314293245,106.86039291719477
-6.1170515326947905,106.86039166491805
-6.117060465351914,106.8603906391216
-6.117069421227303,106.86038996167046
-6.117078391633314,106.86038973368429
-6.117087373027114,106.8603898263802
-6.117096364604235,106.8603899885165
-6.117105359833575,106.86039009496619
-6.1171143349694965,106.86039040144568
-6.117123264157952,106.86039122117258
-6.11713214657925,106.86039256102254
-6.11714100632576,106.86039412302584
-6.117149866146389,106.86039563353506
-6.117158733607113,106.86039705420865
-6.117167610392437,106.86039843785645
-6.1171764895606096,106.86039985956202
-6.117185327343799,106.86040148878811
-6.117194070830054,106.86040351758157
-6.117202712696652,106.86040596540703
-6.117211318587193,106.86040857550856
-6.1172199553155435,106.86041108550668
-6.117228610053921,106.8604135168568
-6.117237209129075,106.86041610786154
-6.117245690653228,106.8604190597126
-6.117254079811561,106.86042229524676
-6.117262436714337,106.86042562564036
-6.117270795675851,106.86042893801618
-6.117279122367012,106.86043232165487
-6.117287371264404,106.86043589797688
-6.117295498693917,106.86043975431996
-6.1173034632588426,106.86044393604953
-6.117311232024547,106.86044847220438
-6.117318817057262,106.86045331751359
-6.117326245639712,106.8604584018522
-6.117333548635482,106.86046366219232
-6.117340761966924,106.86046904559072
-6.117347920127656,106.86047450260926
-6.117355042536088,106.86048000658866
-6.117362141136881,106.86048554216252
-6.117369230957688,106.8604910897062
-6.117376340245937,106.86049661130623
-6.117383500724398,106.8605020642409
-6.117390729718281,106.86050742516073
-6.117397999780129,106.86051273095856
-6.11740527482435,106.86051803015003
-6.117412531146551,106.86052335459472
-6.117419774920869,106.8605286959576
-6.117427016720688,106.86053403998548
-6.117434263319182,106.86053937754833
-6.117441512987362,106.86054471097796
-6.117448762849157,106.8605500441526
-6.117456011134051,106.86055537945929
-6.11746325837852,106.86056071617335
-6.117470505405066,106.86056605318436
-6.11747775269445,106.86057138984351
-6.117485000061908,106.86057672640112
-6.117492247247622,106.8605820632089
-6.117499494152538,106.86058740039988
-6.117506740969979,106.86059273770952
-6.117513987922755,106.86059807483318
-6.11752123511726,106.86060341162546
-6.11752848246207,106.8606087482117
-6.117535729848058,106.86061408474141
-6.117542977263605,106.86061942123035
-6.1175502248520175,106.86062475748169
-6.11755747276778,106.86063009328323
-6.1175647210260955,106.86063542861417
-6.117571969435178,106.86064076373799
-6.117579217789425,106.86064609893715
-6.117586466019425,106.86065143430702
-6.117593714245194,106.86065676968269
-6.117600962596963,106.86066210488524
-6.117608211056994,106.86066743993904
-6.117615459414863,106.86067277513318
-6.11762270745279,106.86067811076694
-6.117629955141521,106.86068344688049
-6.117637202681731,106.86068878319813
-6.117644450282185,106.86069411943299
-6.117651697978527,106.8606994555361
-6.117658945608651,106.86070479173019
-6.117666193007367,106.86071012824216
-6.117673440210642,106.86071546502262
-6.1176806874696785,106.86072080172647
-6.1176879350363835,106.86072613800764
-6.117695182935569,106.86073147383205
-6.117702430964412,106.86073680947835
-6.11770967892008,106.8607421452252
-6.1177169268041975,106.86074748107035
-6.117724174810393,106.86075281674773
-6.117731423126731,106.86075815199894
-6.117738671701442,106.8607634868951
-6.117745920271772,106.8607688217973
-6.117753168582025,106.86077415705685
-6.117760416613445,106.86077949269958
-6.11776766454253,106.86078482848295
-6.117774912537475,106.86079016417584
-6.1177821605542375,106.86079549983874
-6.117789408384985,106.86080083575717
-6.117796655835859,106.86080617219746
-6.1178039029612,106.86081150908494
-6.117811149994678,106.86081684609863
-6.1178183971561895,106.86082218293646
-6.1178256444454995,106.86082751959871
-6.117832891713532,106.8608328562902
-6.117840138827412,106.86083819319344
-6.117847385869318,106.86084353019555
-6.117854633057448,106.86084886699679
-6.117861880588874,106.86085420332643
-6.117869128419726,106.86085953924473
-6.1178763763636566,106.8608648750077
-6.117883624253709,106.86087021084471
-6.117890872124684,106.8608755467079
-6.1178981201228755,106.86088088239627
-6.117905368372041,106.86088621773979
-6.117912616788964,106.86089155285279
-6.117919865183609,106.86089688799642
-6.117927113390974,106.86090222339742
-6.11793436145444,106.86090755899613
-6.1179416095177785,106.86091289459499
-6.117948857701962,106.86091823002774
-6.117956105954202,106.86092356536699
-6.117963354143632,106.86092890079269
-6.117970602171963,106.86093423643999
-6.11797785016643,106.86093957213372
-6.117985098348726,106.86094490756878
-6.117992346876796,106.86095024252788
-6.117999595503157,106.86095557735231
-6.118006843822193,106.8609609126012
-6.118014091619361,106.86096624857021
-6.118021339801389,106.86097158400871
-6.118028589682004,106.86097691710482
-6.118035841840052,106.86098224706029
-6.1180430928640295,106.86098757858078
-6.118050337995472,106.86099291822974
-6.1180575749736565,106.86099826912297
-6.1180648141057254,106.86100361702826
-6.118072069641407,106.86100894227125
-6.118079353358695,106.86101422853554
-6.118086664559033,106.86101947645457
-6.11809399861836,106.8610246919948
-6.118101341214705,106.8610298949705
-6.118108632156088,106.86103517069543
-6.118115797879917,106.8610406235679
-6.118122832092865,106.86104625901187
-6.1181298963170025,106.86105183554204
-6.118137169163007,106.86105708916598
-6.118144688971801,106.86106200503093
-6.118152380543602,106.86106676943379
-6.118160262241037,106.86107123571747
-6.118168586620698,106.86107443758682
-6.118177439514593,106.86107592451378
-6.1181864835944175,106.86107657927751
-6.118195477980027,106.86107676726843
-6.1182043774047825,106.86107597382481
-6.118213168584534,106.86107410046999
-6.118221863083135,106.86107167108119
-6.118230457836447,106.86106902051525
-6.118238916112822,106.86106600639843
-6.1182471850685385,106.86106244618404
-6.118255151660626,106.86105825182649
-6.118262704646645,106.86105338637462
-6.118269936433886,106.8610480234753
-6.1182770450209185,106.86104244562054
-6.11828392214566,106.86103660827392
-6.118290107058956,106.86103009113947
-6.118295356771554,106.86102274205784
-6.118299801383656,106.86101486023283
-6.1183036551189165,106.86100670114857
-6.11830720690447,106.86099840001299
-6.11831065379388,106.86099004657038
-6.118313837453414,106.8609815993602
-6.118316531459615,106.86097299134688
-6.118318734596223,106.86096423088043
-6.118320639090548,106.8609553910637
-6.118322406940391,106.86094653152612
-6.118324070581552,106.8609376566268
-6.118325632728704,106.86092875849938
-6.1183270422800975,106.86091983068978
-6.118328168130424,106.86091086884333
-6.118328895326374,106.86090187022081
-6.118329320755131,106.86089284559664
-6.118329656940666,106.86088381312186
-6.118330074750627,106.86087478738804
-6.118330565942719,106.86086576778783
-6.118331075457928,106.86085674974109
-6.118331560924804,106.86084772971702
-6.118332027227365,106.86083870809311
-6.118332490248192,106.86082968615648
-6.118332961523363,106.86082066485109
-6.118333438162698,106.86081164398196
-6.118333914288521,106.86080262311822
-6.1183343860863335,106.86079360197192
-6.1183348558522805,106.86078458067847
-6.118335327005675,106.86077555945108
-6.1183358014625755,106.86076653841336
-6.118336277159168,106.86075751745159
-6.1183367513853755,106.86074849641349
-6.118337222816502,106.86073947522321
-6.118337693412592,106.86073045398601
-6.118338165601712,106.86072143283292
-6.11833864041648,106.86071241182016
-6.118339115920979,106.86070339084469
-6.1183395898112565,106.8606943697837
-6.118340061166532,106.86068534858796
-6.118340531710584,106.86067632734901
-6.1183410034510795,106.86066730617347
-6.118341477245316,106.86065828510688
-6.11834195197073,106.86064926408967
-6.118342426319861,106.8606402430525
-6.118342899628042,106.86063122196009
-6.118343372227765,106.86062220083006
-6.118343844538895,106.86061317968468
-6.118344317050245,106.86060415854989
-6.118344790347153,106.86059513745685
-6.118345265000011,106.86058611643594
-6.118345740768625,106.86057709547435
-6.118346216388003,106.86056807450484
-6.118346690570042,106.86055905345891
-6.11834716328848,106.86055003233515
-6.118347635958704,106.86054101120882
-6.118348110019501,106.86053199015643
-6.1183485855588575,106.86052296918265
-6.1183490612696385,106.860513948218
-6.1183495358306,106.8605049271922
-6.118350008942833,106.86049590608937
-6.118350481262014,106.86048688494441
-6.1183509534620555,106.86047786379315
-6.118351425900511,106.8604688426546
-6.118351898667931,106.8604598215335
-6.118352371822353,106.86045080043289
-6.118352845065783,106.86044177933697
-6.11835331782872,106.86043275821562
-6.118353789591109,106.86042373704133
-6.118354260548822,106.86041471582446
-6.118354731390662,106.86040569460144
-6.118355202761849,106.86039667340641
-6.118355674718735,106.86038765224237
-6.118356146951944,106.86037863109293
-6.118356619167326,106.86036960994255
-6.118357091270617,106.86036058878625
-6.118357563279402,106.86035156762496
-6.118358035201708,106.86034254645907
-6.118358506954214,106.8603335252842
-6.118358978407618,106.86032450409353
-6.118359449480512,106.86031548288273
-6.118359920451702,106.86030646166655
-6.118360391762878,106.86029744046837
-6.118360863771116,106.86028841930707
-6.118361336269511,106.86027939817168
-6.118361808822495,106.86027037703917
-6.118362281027069,106.86026135588824
-6.118362752674744,106.86025233470784
-6.118363223627614,106.86024331349067
-6.118363693903207,106.86023429223766
-6.1183641643271285,106.86022527099254
-6.118364635986913,106.86021624981291
-6.118365109597147,106.8602072287366
-6.118365584145743,106.86019820770998
-6.1183660581214445,106.86018918665297
-6.118366530433256,106.86018016550778
-6.118367001722125,106.86017114430837
-6.118367473075026,106.86016212311232
-6.118367945338883,106.8601531019645
-6.118368418479684,106.86014408086317
-6.118368892261386,106.86013505979582
-6.118369366413152,106.86012603874816
-6.118369840550353,106.86011701769976
-6.118370314265291,106.86010799662895
-6.1183707873280895,106.86009897552353
-6.118371260027986,106.86008995439882
-6.118371732748362,106.86008093327516
-6.118372205838413,106.8600719121711
-6.118372679558097,106.86006289110048
-6.118373154151891,106.86005387007638
-6.1183736295721225,106.86004484909627
-6.118374105088035,106.86003582812126
-6.118374579874856,106.86002680710743
-6.118375053668937,106.86001778604076
-6.118375527383996,106.86000876496989
-6.118376002075627,106.85999974395104
-6.118376478092697,106.85999072300278
-6.118376954451038,106.85998170207269
-6.118377430028465,106.85997268110098
-6.118377904462163,106.85996366006835
-6.118378378678884,106.85995463902414
-6.118378853716598,106.85994561802367
-6.118379329801021,106.85993659707896
-6.118379805914345,106.85992757613582
-6.118380280953741,106.85991855513548
-6.118380754720217,106.85990953406737
-6.1183812282635675,106.85990051298737
-6.118381702701637,106.859891491955
-6.11838217832094,106.85988247098553
-6.11838265437054,106.85987345003895
-6.118383130052251,106.85986442907277
-6.1183836050864,106.8598554080721
-6.118384079778104,106.85984638705318
-6.118384554459345,106.8598373660337
-6.118385029356968,106.85982834502575
-6.11838550459062,106.8598193240357
-6.118385980261539,106.85981030306897
-6.118386456199968,106.85980128211649
-6.118386931986358,106.85979226115592
-6.118387407211674,106.85978324016544
-6.118387881802333,106.85977421914114
-6.118388355964235,106.85976519809404
-6.11838882990869,106.85975617703538
-6.118389303801786,106.859747155974
-6.118389777775577,106.85973813491691
-6.118390251935181,106.85972911386968
-6.118390726059764,106.85972009282058
-6.118391199706995,106.85971107174615
-6.118391672498312,106.8597020506263
-6.11839214479307,106.8596930294801
-6.118392617402876,106.85968400835064
-6.118393091041677,106.8596749872758
-6.118393565434978,106.859665966241
-6.1183940397625864,106.85965694520269
-6.118394513318253,106.85964792412338
-6.118394986392913,106.85963890301853
-6.118395459772703,106.8596298819299
-6.118395934113259,106.85962086089235
-6.118396409084953,106.85961183988833
-6.118396883918768,106.85960281887697
-6.118397357981175,106.8595937978246
-6.118397831532646,106.85958477674507
-6.118398305191046,106.85957575567122
-6.118398779438643,106.85956673462867
-6.118399253970386,106.85955771360123
-6.118399728199601,106.85954869255774
-6.118400201694357,106.8595396714752
-6.118400674817493,106.85953065037293
-6.118401148185746,106.85952162928369
-6.118401622248672,106.85951260823134
-6.118402096693039,106.85950358719927
-6.118402570988331,106.85949456615926
-6.1184030447857936,106.85948554509278
-6.118403518474674,106.85947652402054
-6.118403992631473,106.8594675029732
-6.1184044676077844,106.85945848196947
-6.118404942941985,106.85944946098476
-6.118405417988785,106.85944043998475
-6.118405892355695,106.85943141894856
-6.118406366465038,106.85942239789867
-6.1184068409027095,106.85941337686624
-6.1184073159786845,106.85940435586778
-6.118407791209005,106.85939533487755
-6.118408265968395,106.85938631386226
-6.118408739906287,106.85937729280329
-6.1184092133790156,106.85936827171956
-6.118409686854356,106.85935925063598
-6.118410160624244,106.85935022956805
-6.118410634575196,106.85934120850975
-6.118411108537005,106.85933218745201
-6.118411582373885,106.85932316638765
-6.118412056021287,106.85931414531322
-6.1184125294243366,106.85930512422581
-6.118413002616079,106.85929610312719
-6.118413475793164,106.85928708202779
-6.118413949167892,106.85927806093889
-6.118414422789144,106.85926903986307
-6.118414896431952,106.85926001878839
-6.118415369846663,106.85925099770161
-6.118415842864523,106.85924197659375
-6.118416315439007,106.85923295546239
-6.118416787536708,106.8592239343058
-6.11841725925294,106.85921491312902
-6.118417730858561,106.85920589194639
-6.118418202628109,106.85919687077241
-6.118418674527154,106.85918784960528
-6.118419146140678,106.85917882842307
-6.11841961704721,106.85916980720353
-6.118420087303618,106.85916078594964
-6.118420557499305,106.85915176469256
-6.118421028228952,106.85914274346366
-6.118421499561336,106.85913372226659
-6.118421971035913,106.85912470107702
-6.118422442192879,106.85911567987067
-6.118422913041259,106.85910665864802
-6.1184233840166735,106.85909763743209
-6.118423855540993,106.85908861624517
-6.118424327550806,106.85907959508393
-6.118424799583609,106.85907057392387
-6.11842527120094,106.85906155274186
-6.118425742473867,106.85905253154164
-6.118426213852003,106.85904351034698
-6.11842668575011,106.85903448917983
-6.118427158045536,106.85902546803369
-6.1184276302552085,106.85901644688303
-6.118428101940388,106.8590074257046
-6.1184285732060255,106.858998404504
-6.118429044485874,106.85898938330415
-6.118429516179079,106.85898036212615
-6.118429988319254,106.8589713409718
-6.118430460740916,106.85896231983234
-6.11843093328336,106.8589532986993
-6.118431405841459,106.85894427756709
-6.118431878337311,106.85893525643158
-6.118432350726978,106.85892623529043
-6.118432823210869,106.85891721415426
-6.118433296096849,106.85890819303944
-6.1184337696112285,106.85889917195796
-6.118434243455264,106.85889015089396
-6.118434717123262,106.85888112982062
-6.1184351902154095,106.85887210871672
-6.118435662936094,106.85886308759312
-6.118436135702735,106.85885406647195
-6.118436608843034,106.8588450453706
-6.118437082230592,106.85883602428237
-6.118437555596051,106.85882700319297
-6.118438028669996,106.85881798208813
-6.118438501183016,106.85880896095352
-6.118438972865697,106.8587999397749
