0,53.11,0,0,0,0
0.75,51.31,7.92,406.45,0.07,1
1.483,51.68,5.65,292.23,0.4,1
2.233,52.19,3.38,176.48,0.55,1
3,52.16,3.44,179.18,0.71,1
3.733,51.95,4.49,233,0.87,1
4.5,51.72,5.41,279.62,1.06,1
5.25,51.76,4.97,257.39,1.28,1
6,51.87,4.53,234.82,1.46,1
6.75,52.06,3.63,188.81,1.6,1
7.5,51.88,4.42,229.13,1.8,1
8.25,51.77,4.9,253.79,1.97,1
9,50.74,9.46,480.21,2.2,1
9.75,51.23,6.86,351.67,2.52,1
10.483,51.67,4.57,236.09,2.73,1
11.25,52.79,0,0,2.81,0
12,52.85,0,0,2.81,0
12.75,52.88,0,0,2.81,0
13.5,52.9,0,0,2.81,0
14.25,52.92,0,0,2.81,0
15,52.93,0,0,2.81,0
15.733,52.95,0,0,2.81,0
16.5,52.96,0,0,2.81,0
17.25,52.97,0,0,2.81,0
18,52.97,0,0,2.81,0
18.733,52.98,0,0,2.81,0
19.483,52.98,0,0,2.81,0
20.233,52.99,0,0,2.81,0
20.983,53,0,0,2.81,0
21.75,53,0,0,2.81,0
22.501,53,0,0,2.81,0
23.233,53.01,0,0,2.81,0
24.001,53.01,0,0,2.81,0
24.75,53.02,0,0,2.81,0
25.483,53.02,0,0,2.81,0
26.25,53.02,0,0,2.81,0
27.001,53.02,0,0,2.81,0
27.75,53.02,0,0,2.81,0
28.483,53.03,0,0,2.81,0
29.25,53.03,0,0,2.81,0
30.001,53.03,0,0,2.81,0
30.733,53.03,0,0,2.81,0
31.483,53.03,0,0,2.81,0
32.25,53.03,0,0,2.81,0
32.983,53.04,0,0,2.81,0
33.75,53.04,0,0,2.81,0
34.483,53.04,0,0,2.81,0
35.25,53.04,0,0,2.81,0
36.001,53.04,0,0,2.81,0
36.75,53.04,0,0,2.81,0
37.501,53.04,0,0,2.81,0
38.233,53.04,0,0,2.81,0
38.983,53.04,0,0,2.81,0
39.733,53.05,0,0,2.81,0
40.483,53.05,0,0,2.81,0
41.233,53.05,0,0,2.81,0
41.983,53.05,0,0,2.81,0
42.733,53.05,0,0,2.81,0
43.501,53.05,0,0,2.81,0
44.25,53.05,0,0,2.81,0
45.001,53.05,0,0,2.81,0
45.75,53.05,0,0,2.81,0
46.501,53.05,0,0,2.81,0
47.233,53.05,0,0,2.81,0
48.001,53.05,0,0,2.81,0
48.733,53.05,0,0,2.81,0
49.501,53.05,0,0,2.81,0
50.233,53.05,0,0,2.81,0
50.983,53.05,0,0,2.81,0
51.733,53.05,0,0,2.81,0
52.483,53.05,0,0,2.81,0
53.233,53.06,0,0,2.81,0
54.001,53.06,0,0,2.81,0
54.733,53.06,0,0,2.81,0
55.483,53.06,0,0,2.81,0
56.233,53.06,0,0,2.81,0
57.001,53.06,0,0,2.81,0
57.75,53.06,0,0,2.81,0
58.483,53.06,0,0,2.81,0
59.233,53.06,0,0,2.81,0
59.983,53.06,0,0,2.81,0
60.733,53.06,0,0,2.81,0
61.501,53.06,0,0,2.81,0
62.233,53.06,0,0,2.81,0
62.983,53.06,0,0,2.81,0
63.75,53.06,0,0,2.81,0
64.501,53.06,0,0,2.81,0
65.25,48.86,17.76,868,3.43,1
65.983,50.24,11.23,563.92,3.94,1
66.75,51.23,6.65,340.66,4.28,1
67.483,51.78,4.31,222.99,4.47,1
68.25,52.79,0,0,4.52,0
68.983,52.84,0,0,4.52,0
69.733,52.87,0,0,4.52,0
70.483,52.89,0,0,4.52,0
71.25,52.91,0,0,4.52,0
71.983,52.92,0,0,4.52,0
72.733,52.94,0,0,4.52,0
73.483,52.94,0,0,4.52,0
74.233,52.95,0,0,4.52,0
75.001,52.96,0,0,4.52,0
75.733,52.97,0,0,4.52,0
76.501,52.97,0,0,4.52,0
77.25,52.98,0,0,4.52,0
78.001,52.98,0,0,4.52,0
78.75,52.99,0,0,4.52,0
79.483,52.99,0,0,4.52,0
80.25,52.99,0,0,4.52,0
80.983,53,0,0,4.52,0
81.75,53,0,0,4.52,0
82.483,53,0,0,4.52,0
83.233,53,0,0,4.52,0
84.001,53.01,0,0,4.52,0
84.733,53.01,0,0,4.52,0
85.483,53.01,0,0,4.52,0
86.233,53.01,0,0,4.52,0
87.001,53.02,0,0,4.52,0
87.75,53.02,0,0,4.52,0
88.501,53.02,0,0,4.52,0
89.233,53.02,0,0,4.52,0
89.983,53.02,0,0,4.52,0
90.75,53.02,0,0,4.52,0
91.501,53.02,0,0,4.52,0
92.25,53.02,0,0,4.52,0
93.001,53.02,0,0,4.52,0
93.733,53.03,0,0,4.52,0
94.501,53.03,0,0,4.52,0
95.25,53.03,0,0,4.52,0
96.001,53.03,0,0,4.52,0
96.75,53.03,0,0,4.52,0
97.483,53.03,0,0,4.52,0
98.233,53.03,0,0,4.52,0
99.001,53.03,0,0,4.52,0
99.75,53.03,0,0,4.52,0
100.501,53.03,0,0,4.52,0
101.233,53.03,0,0,4.52,0
102.001,53.03,0,0,4.52,0
102.75,53.03,0,0,4.52,0
103.501,53.03,0,0,4.52,0
104.233,53.03,0,0,4.52,0
104.983,53.03,0,0,4.52,0
105.75,53.03,0,0,4.52,0
106.483,53.03,0,0,4.52,0
107.233,53.03,0,0,4.52,0
107.983,53.03,0,0,4.52,0
108.733,53.03,0,0,4.52,0
109.501,53.04,0,0,4.52,0
110.233,53.04,0,0,4.52,0
110.983,53.04,0,0,4.52,0
111.733,53.04,0,0,4.52,0
112.501,53.04,0,0,4.52,0
113.25,53.04,0,0,4.52,0
113.983,53.04,0,0,4.52,0
114.75,53.04,0,0,4.52,0
115.483,53.04,0,0,4.52,0
116.25,53.04,0,0,4.52,0
117.001,53.04,0,0,4.52,0
117.75,53.04,0,0,4.52,0
118.501,52.66,6.09,320.58,4.53,1
119.233,50.15,12.34,618.77,5.07,1
120.001,51.15,7.42,379.4,5.43,1
120.733,51.76,4.43,229.28,5.65,1
121.483,52.79,0,0,5.76,0
122.233,52.86,0,0,5.76,0
122.983,52.89,0,0,5.76,0
123.733,52.91,0,0,5.76,0
124.483,52.93,0,0,5.76,0
125.25,52.94,0,0,5.76,0
125.983,52.95,0,0,5.76,0
126.75,52.95,0,0,5.76,0
127.483,52.96,0,0,5.76,0
128.25,52.97,0,0,5.76,0
128.983,52.97,0,0,5.76,0
129.75,52.98,0,0,5.76,0
130.501,52.98,0,0,5.76,0
131.25,52.98,0,0,5.76,0
132.001,52.99,0,0,5.76,0
132.75,52.99,0,0,5.76,0
133.501,52.99,0,0,5.76,0
134.25,52.99,0,0,5.76,0
134.983,53,0,0,5.76,0
135.75,53,0,0,5.76,0
136.501,53,0,0,5.76,0
137.25,53,0,0,5.76,0
137.983,53,0,0,5.76,0
138.75,53,0,0,5.76,0
139.501,53.01,0,0,5.76,0
140.25,53.01,0,0,5.76,0
140.983,53.01,0,0,5.76,0
141.75,53.01,0,0,5.76,0
142.483,53.01,0,0,5.76,0
143.233,53.01,0,0,5.76,0
144.001,53.01,0,0,5.76,0
144.733,53.01,0,0,5.76,0
145.501,53.01,0,0,5.76,0
146.233,53.02,0,0,5.76,0
147.001,53.02,0,0,5.76,0
147.733,53.02,0,0,5.76,0
148.483,53.02,0,0,5.76,0
149.233,53.02,0,0,5.76,0
149.983,53.02,0,0,5.76,0
150.733,53.02,0,0,5.76,0
151.483,53.02,0,0,5.76,0
152.25,53.02,0,0,5.76,0
153.001,53.02,0,0,5.76,0
153.75,53.02,0,0,5.76,0
154.483,53.02,0,0,5.76,0
155.25,53.02,0,0,5.76,0
156.001,53.02,0,0,5.76,0
156.733,53.02,0,0,5.76,0
157.501,53.02,0,0,5.76,0
158.233,53.03,0,0,5.76,0
158.983,53.03,0,0,5.76,0
159.733,53.03,0,0,5.76,0
160.501,53.03,0,0,5.76,0
161.25,53.03,0,0,5.76,0
161.983,53.03,0,0,5.76,0
162.751,53.03,0,0,5.76,0
163.501,53.03,0,0,5.76,0
164.251,53.03,0,0,5.76,0
164.983,53.03,0,0,5.76,0
165.733,53.03,0,0,5.76,0
166.501,53.03,0,0,5.76,0
167.233,53.03,0,0,5.76,0
167.983,53.03,0,0,5.76,0
168.733,53.03,0,0,5.76,0
169.483,52.87,0.76,40.09,5.78,1
170.233,48.55,20.27,984.13,6.09,1
171.001,50.08,12.08,604.67,6.68,1
171.75,51.03,7.46,380.71,7.04,1
172.501,51.64,4.71,243.16,7.27,1
173.251,52.02,3.29,171.01,7.42,1
173.983,52.79,0,0,7.44,0
174.751,52.83,0,0,7.44,0
175.501,52.86,0,0,7.44,0
176.25,52.88,0,0,7.44,0
176.983,52.89,0,0,7.44,0
177.733,52.9,0,0,7.44,0
178.483,52.91,0,0,7.44,0
179.25,52.92,0,0,7.44,0
180.001,52.93,0,0,7.44,0
180.75,52.94,0,0,7.44,0
181.483,52.94,0,0,7.44,0
182.233,52.95,0,0,7.44,0
182.983,52.95,0,0,7.44,0
183.75,52.96,0,0,7.44,0
184.501,52.96,0,0,7.44,0
185.233,52.96,0,0,7.44,0
185.983,52.97,0,0,7.44,0
186.75,52.97,0,0,7.44,0
187.483,52.97,0,0,7.44,0
188.233,52.97,0,0,7.44,0
189.001,52.98,0,0,7.44,0
189.733,52.98,0,0,7.44,0
190.483,52.98,0,0,7.44,0
191.251,52.98,0,0,7.44,0
192.001,52.98,0,0,7.44,0
192.75,52.99,0,0,7.44,0
193.501,52.99,0,0,7.44,0
194.25,52.99,0,0,7.44,0
195.001,52.99,0,0,7.44,0
195.75,52.99,0,0,7.44,0
196.501,52.99,0,0,7.44,0
197.25,52.99,0,0,7.44,0
197.983,53,0,0,7.44,0
198.733,53,0,0,7.44,0
199.501,53,0,0,7.44,0
200.25,53,0,0,7.44,0
201.001,53,0,0,7.44,0
201.733,53,0,0,7.44,0
202.501,53,0,0,7.44,0
203.25,48.46,20.28,982.63,7.71,1
203.983,49.99,12.34,617,8.28,1
204.751,50.9,7.98,405.89,8.67,1
205.501,52.73,0,0,8.76,0
206.233,52.79,0,0,8.76,0
207.001,52.83,0,0,8.76,0
207.75,52.86,0,0,8.76,0
208.501,52.87,0,0,8.76,0
209.25,52.89,0,0,8.76,0
209.983,52.9,0,0,8.76,0
210.75,52.91,0,0,8.76,0
211.501,52.92,0,0,8.76,0
212.233,52.92,0,0,8.76,0
212.983,52.93,0,0,8.76,0
213.75,52.93,0,0,8.76,0
214.483,52.94,0,0,8.76,0
215.233,52.94,0,0,8.76,0
215.983,52.95,0,0,8.76,0
216.733,52.95,0,0,8.76,0
217.483,52.95,0,0,8.76,0
218.251,52.96,0,0,8.76,0
218.983,52.96,0,0,8.76,0
219.75,52.96,0,0,8.76,0
220.483,52.96,0,0,8.76,0
221.251,52.97,0,0,8.76,0
221.983,52.97,0,0,8.76,0
222.733,52.97,0,0,8.76,0
223.501,52.97,0,0,8.76,0
224.233,52.97,0,0,8.76,0
224.983,52.98,0,0,8.76,0
225.75,52.98,0,0,8.76,0
226.501,52.98,0,0,8.76,0
227.251,52.98,0,0,8.76,0
228.001,52.98,0,0,8.76,0
228.733,52.98,0,0,8.76,0
229.483,52.98,0,0,8.76,0
230.25,52.98,0,0,8.76,0
231.001,52.98,0,0,8.76,0
231.733,52.99,0,0,8.76,0
232.483,52.99,0,0,8.76,0
233.25,52.99,0,0,8.76,0
234.001,52.99,0,0,8.76,0
234.733,52.99,0,0,8.76,0
235.483,52.99,0,0,8.76,0
236.25,52.99,0,0,8.76,0
237.001,52.99,0,0,8.76,0
237.733,52.99,0,0,8.76,0
238.483,52.99,0,0,8.76,0
239.25,52.99,0,0,8.76,0
240.001,52.99,0,0,8.76,0
240.733,52.99,0,0,8.76,0
241.483,52.99,0,0,8.76,0
242.233,52.99,0,0,8.76,0
242.983,53,0,0,8.76,0
243.751,53,0,0,8.76,0
244.501,53,0,0,8.76,0
245.25,53,0,0,8.76,0
245.983,53,0,0,8.76,0
246.751,53,0,0,8.76,0
247.483,53,0,0,8.76,0
248.233,53,0,0,8.76,0
248.983,53,0,0,8.76,0
249.75,53,0,0,8.76,0
250.501,53,0,0,8.76,0
251.25,53,0,0,8.76,0
252.001,53,0,0,8.76,0
252.733,53,0,0,8.76,0
253.501,53,0,0,8.76,0
254.25,53,0,0,8.76,0
254.983,53,0,0,8.76,0
255.75,53,0,0,8.76,0
256.501,53,0,0,8.76,0
257.25,53,0,0,8.76,0
258.001,53,0,0,8.76,0
258.75,53,0,0,8.76,0
259.501,53,0,0,8.76,0
260.233,53,0,0,8.76,0
260.983,53,0,0,8.76,0
261.733,53,0,0,8.76,0
262.483,53,0,0,8.76,0
263.25,53,0,0,8.76,0
263.983,48.03,22.65,1087.68,9.2,1
264.751,49.94,12.58,628.17,9.84,1
265.501,50.93,7.86,400.46,10.21,1
266.233,51.56,4.92,253.84,10.43,1
266.983,52.68,0,0,10.56,0
267.75,52.75,0,0,10.56,0
268.501,52.79,0,0,10.56,0
269.25,52.82,0,0,10.56,0
269.983,52.84,0,0,10.56,0
270.733,52.86,0,0,10.56,0
271.501,52.87,0,0,10.56,0
272.25,52.88,0,0,10.56,0
273.001,52.89,0,0,10.56,0
273.75,52.9,0,0,10.56,0
274.483,52.9,0,0,10.56,0
275.25,52.91,0,0,10.56,0
276.001,52.91,0,0,10.56,0
276.733,52.92,0,0,10.56,0
277.501,52.92,0,0,10.56,0
278.251,52.93,0,0,10.56,0
279.001,52.93,0,0,10.56,0
279.75,52.94,0,0,10.56,0
280.501,52.94,0,0,10.56,0
281.233,52.94,0,0,10.56,0
281.983,52.94,0,0,10.56,0
282.75,52.95,0,0,10.56,0
283.483,52.95,0,0,10.56,0
284.25,52.95,0,0,10.56,0
285.001,52.95,0,0,10.56,0
285.75,52.95,0,0,10.56,0
286.501,52.96,0,0,10.56,0
287.233,52.96,0,0,10.56,0
287.983,52.96,0,0,10.56,0
288.733,52.96,0,0,10.56,0
289.483,52.96,0,0,10.56,0
290.25,52.96,0,0,10.56,0
290.983,52.97,0,0,10.56,0
291.751,52.97,0,0,10.56,0
292.483,52.97,0,0,10.56,0
293.233,52.97,0,0,10.56,0
293.983,52.97,0,0,10.56,0
294.75,52.97,0,0,10.56,0
295.483,52.97,0,0,10.56,0
296.25,52.97,0,0,10.56,0
297.001,52.97,0,0,10.56,0
297.75,52.97,0,0,10.56,0
298.483,52.98,0,0,10.56,0
299.25,52.98,0,0,10.56,0
300.001,52.98,0,0,10.56,0
300.733,52.98,0,0,10.56,0
301.483,52.98,0,0,10.56,0
302.233,52.98,0,0,10.56,0
303,52.98,0,0,10.56,0
303.75,52.98,0,0,10.56,0
304.483,52.98,0,0,10.56,0
305.25,52.98,0,0,10.56,0
306,52.98,0,0,10.56,0
306.75,52.98,0,0,10.56,0
307.483,52.98,0,0,10.56,0
308.25,52.98,0,0,10.56,0
309,52.98,0,0,10.56,0
309.75,52.98,0,0,10.56,0
310.5,52.98,0,0,10.56,0
311.25,52.98,0,0,10.56,0
311.983,52.98,0,0,10.56,0
312.75,52.99,0,0,10.56,0
313.483,52.99,0,0,10.56,0
314.25,52.99,0,0,10.56,0
315,52.99,0,0,10.56,0
315.75,52.99,0,0,10.56,0
316.483,52.99,0,0,10.56,0
317.233,52.99,0,0,10.56,0
317.983,52.99,0,0,10.56,0
318.733,52.99,0,0,10.56,0
319.5,52.99,0,0,10.56,0
320.25,52.99,0,0,10.56,0
320.983,52.99,0,0,10.56,0
321.733,52.99,0,0,10.56,0
322.5,52.99,0,0,10.56,0
323.25,52.99,0,0,10.56,0
323.983,52.99,0,0,10.56,0
324.733,52.99,0,0,10.56,0
325.483,52.99,0,0,10.56,0
326.233,52.99,0,0,10.56,0
326.983,52.99,0,0,10.56,0
327.733,52.99,0,0,10.56,0
328.483,52.99,0,0,10.56,0
329.25,52.99,0,0,10.56,0
329.983,52.99,0,0,10.56,0
330.75,52.99,0,0,10.56,0
331.483,52.99,0,0,10.56,0
332.25,52.99,0,0,10.56,0
333,52.99,0,0,10.56,0
333.733,52.99,0,0,10.56,0
334.5,52.99,0,0,10.56,0
335.25,52.99,0,0,10.56,0
336,52.99,0,0,10.56,0
336.75,52.99,0,0,10.56,0
337.483,52.99,0,0,10.56,0
338.25,52.99,0,0,10.56,0
338.983,52.99,0,0,10.56,0
339.733,52.99,0,0,10.56,0
340.5,52.99,0,0,10.56,0
341.233,52.99,0,0,10.56,0
342,52.99,0,0,10.56,0
342.75,52.99,0,0,10.56,0
343.5,52.99,0,0,10.56,0
344.233,52.99,0,0,10.56,0
344.983,52.99,0,0,10.56,0
345.75,52.99,0,0,10.56,0
346.5,53,0,0,10.56,0
347.233,52.99,0,0,10.56,0
348,52.99,0,0,10.56,0
348.733,52.99,0,0,10.56,0
349.5,52.99,0,0,10.56,0
350.25,52.99,0,0,10.56,0
351,52.99,0,0,10.56,0
351.75,52.99,0,0,10.56,0
352.5,53,0,0,10.56,0
353.25,53,0,0,10.56,0
354,52.99,0,0,10.56,0
354.75,52.99,0,0,10.56,0
355.5,52.99,0,0,10.56,0
356.233,52.99,0,0,10.56,0
357,53,0,0,10.56,0
357.733,53,0,0,10.56,0
358.5,53,0,0,10.56,0
359.233,53,0,0,10.56,0
360,53,0,0,10.56,0
360.733,53,0,0,10.56,0
361.5,53,0,0,10.56,0
362.25,53,0,0,10.56,0
362.983,53,0,0,10.56,0
363.733,53,0,0,10.56,0
364.483,53,0,0,10.56,0
365.25,53,0,0,10.56,0
366,53,0,0,10.56,0
366.75,52.83,0.8,42.05,10.58,1
367.5,49.35,16.58,818.37,10.87,1
368.233,50.56,10.13,512.32,11.33,1
369,51.46,5.76,296.2,11.64,1
369.733,51.88,3.85,199.61,11.81,1
370.483,52.15,2.72,141.99,11.94,1
371.233,52.79,0,0,11.97,0
372,52.83,0,0,11.97,0
372.733,52.85,0,0,11.97,0
373.483,52.87,0,0,11.97,0
374.25,52.88,0,0,11.97,0
375,52.89,0,0,11.97,0
375.75,52.9,0,0,11.97,0
376.5,52.91,0,0,11.97,0
377.25,52.91,0,0,11.97,0
378,52.92,0,0,11.97,0
378.75,52.92,0,0,11.97,0
379.5,52.93,0,0,11.97,0
380.25,52.93,0,0,11.97,0
381,52.93,0,0,11.97,0
381.733,52.94,0,0,11.97,0
382.483,52.94,0,0,11.97,0
383.25,52.94,0,0,11.97,0
383.983,52.94,0,0,11.97,0
384.733,52.95,0,0,11.97,0
385.5,52.95,0,0,11.97,0
386.25,52.95,0,0,11.97,0
387,52.95,0,0,11.97,0
387.733,52.95,0,0,11.97,0
388.483,52.96,0,0,11.97,0
389.25,52.96,0,0,11.97,0
389.983,52.96,0,0,11.97,0
390.75,52.96,0,0,11.97,0
391.483,52.96,0,0,11.97,0
392.233,52.96,0,0,11.97,0
392.983,52.96,0,0,11.97,0
393.733,52.96,0,0,11.97,0
394.5,52.96,0,0,11.97,0
395.25,52.97,0,0,11.97,0
396,52.97,0,0,11.97,0
396.733,52.97,0,0,11.97,0
397.483,52.97,0,0,11.97,0
398.25,52.97,0,0,11.97,0
398.983,52.97,0,0,11.97,0
399.733,52.97,0,0,11.97,0
400.483,52.97,0,0,11.97,0
401.233,52.97,0,0,11.97,0
401.983,52.97,0,0,11.97,0
402.733,52.97,0,0,11.97,0
403.5,52.97,0,0,11.97,0
404.233,52.97,0,0,11.97,0
404.983,52.97,0,0,11.97,0
405.733,52.97,0,0,11.97,0
406.483,52.98,0,0,11.97,0
407.233,52.98,0,0,11.97,0
408,52.98,0,0,11.97,0
408.75,52.98,0,0,11.97,0
409.5,52.98,0,0,11.97,0
410.25,52.98,0,0,11.97,0
411.001,52.98,0,0,11.97,0
411.75,52.98,0,0,11.97,0
412.501,52.98,0,0,11.97,0
413.25,52.98,0,0,11.97,0
414.001,52.98,0,0,11.97,0
414.75,52.98,0,0,11.97,0
415.501,52.98,0,0,11.97,0
416.25,52.98,0,0,11.97,0
416.983,52.98,0,0,11.97,0
417.75,52.98,0,0,11.97,0
418.483,52.98,0,0,11.97,0
419.233,52.98,0,0,11.97,0
420.001,52.98,0,0,11.97,0
420.75,52.98,0,0,11.97,0
421.501,52.98,0,0,11.97,0
422.25,52.98,0,0,11.97,0
423.001,52.98,0,0,11.97,0
423.75,52.98,0,0,11.97,0
424.483,52.98,0,0,11.97,0
425.233,52.98,0,0,11.97,0
425.983,52.98,0,0,11.97,0
426.75,52.98,0,0,11.97,0
427.501,52.98,0,0,11.97,0
428.233,52.98,0,0,11.97,0
429.001,52.98,0,0,11.97,0
429.75,52.98,0,0,11.97,0
430.501,52.98,0,0,11.97,0
431.233,52.98,0,0,11.97,0
431.983,52.98,0,0,11.97,0
432.733,52.98,0,0,11.97,0
433.501,52.98,0,0,11.97,0
434.25,52.98,0,0,11.97,0
434.983,52.98,0,0,11.97,0
435.733,52.83,0.72,37.97,11.99,1
436.483,49.14,17.36,853.02,12.22,1
437.233,49.88,13.03,650.16,12.84,1
437.983,51.05,7.39,377.34,13.21,1
438.733,52.68,0,0,13.37,0
439.501,52.77,0,0,13.37,0
440.25,52.8,0,0,13.37,0
440.983,52.83,0,0,13.37,0
441.733,52.85,0,0,13.37,0
442.483,52.86,0,0,13.37,0
443.233,52.87,0,0,13.37,0
443.983,52.88,0,0,13.37,0
444.733,52.89,0,0,13.37,0
445.501,52.9,0,0,13.37,0
446.233,52.9,0,0,13.37,0
447.001,52.91,0,0,13.37,0
447.75,52.91,0,0,13.37,0
448.483,52.92,0,0,13.37,0
449.233,52.92,0,0,13.37,0
450.001,52.92,0,0,13.37,0
450.733,52.93,0,0,13.37,0
451.483,52.93,0,0,13.37,0
452.233,52.93,0,0,13.37,0
453.001,52.93,0,0,13.37,0
453.75,52.94,0,0,13.37,0
454.483,52.94,0,0,13.37,0
455.25,52.94,0,0,13.37,0
455.983,52.94,0,0,13.37,0
456.733,52.94,0,0,13.37,0
457.501,52.94,0,0,13.37,0
458.233,52.95,0,0,13.37,0
459.001,52.95,0,0,13.37,0
459.75,52.95,0,0,13.37,0
460.501,52.95,0,0,13.37,0
461.25,52.95,0,0,13.37,0
461.983,52.95,0,0,13.37,0
462.75,52.95,0,0,13.37,0
463.483,52.96,0,0,13.37,0
464.25,52.96,0,0,13.37,0
464.983,52.96,0,0,13.37,0
465.733,52.96,0,0,13.37,0
466.501,52.96,0,0,13.37,0
467.25,52.96,0,0,13.37,0
467.983,52.96,0,0,13.37,0
468.75,52.96,0,0,13.37,0
469.501,52.96,0,0,13.37,0
470.25,52.96,0,0,13.37,0
470.983,52.96,0,0,13.37,0
471.75,52.96,0,0,13.37,0
472.483,52.96,0,0,13.37,0
473.233,52.96,0,0,13.37,0
474.001,52.96,0,0,13.37,0
474.75,52.97,0,0,13.37,0
475.501,52.96,0,0,13.37,0
476.233,52.96,0,0,13.37,0
476.983,52.97,0,0,13.37,0
477.733,52.97,0,0,13.37,0
478.483,52.97,0,0,13.37,0
479.233,52.97,0,0,13.37,0
480.001,52.97,0,0,13.37,0
480.75,52.97,0,0,13.37,0
481.501,52.97,0,0,13.37,0
482.25,52.97,0,0,13.37,0
483.001,52.97,0,0,13.37,0
483.733,52.97,0,0,13.37,0
484.501,52.97,0,0,13.37,0
485.233,52.97,0,0,13.37,0
486.001,52.97,0,0,13.37,0
486.75,52.97,0,0,13.37,0
487.483,52.97,0,0,13.37,0
488.233,52.97,0,0,13.37,0
489.001,52.83,0.64,33.9,13.38,1
489.75,50.8,9.84,499.88,13.47,1
490.501,50.22,11.72,588.46,14,1
491.25,51.09,7.26,370.94,14.35,1
492.001,52.78,-3.37,-178.02,14.54,0
492.75,52.77,0,0,14.54,0
493.501,52.81,0,0,14.54,0
494.233,52.84,0,0,14.54,0
494.983,52.85,0,0,14.54,0
495.75,52.87,0,0,14.54,0
496.483,52.88,0,0,14.54,0
497.233,52.88,0,0,14.54,0
498.001,52.89,0,0,14.54,0
498.75,52.9,0,0,14.54,0
499.483,52.9,0,0,14.54,0
500.25,52.91,0,0,14.54,0
501.001,52.91,0,0,14.54,0
501.75,52.91,0,0,14.54,0
502.483,52.92,0,0,14.54,0
503.233,52.92,0,0,14.54,0
504.001,52.92,0,0,14.54,0
504.75,52.93,0,0,14.54,0
505.501,52.93,0,0,14.54,0
506.25,52.93,0,0,14.54,0
507.001,52.93,0,0,14.54,0
507.75,52.93,0,0,14.54,0
508.483,52.94,0,0,14.54,0
509.233,52.94,0,0,14.54,0
510.001,52.94,0,0,14.54,0
510.75,52.94,0,0,14.54,0
511.501,52.94,0,0,14.54,0
512.233,52.94,0,0,14.54,0
513.001,52.94,0,0,14.54,0
513.75,52.94,0,0,14.54,0
514.501,52.95,0,0,14.54,0
515.233,52.95,0,0,14.54,0
515.983,52.95,0,0,14.54,0
516.75,52.95,0,0,14.54,0
517.501,52.95,0,0,14.54,0
518.25,52.95,0,0,14.54,0
518.983,52.95,0,0,14.54,0
519.75,52.95,0,0,14.54,0
520.501,52.95,0,0,14.54,0
521.25,52.95,0,0,14.54,0
522.001,52.95,0,0,14.54,0
522.733,52.95,0,0,14.54,0
523.501,52.95,0,0,14.54,0
524.233,52.95,0,0,14.54,0
525.001,52.96,0,0,14.54,0
525.733,52.96,0,0,14.54,0
526.501,52.96,0,0,14.54,0
527.25,52.96,0,0,14.54,0
528.001,52.96,0,0,14.54,0
528.75,52.96,0,0,14.54,0
529.501,52.96,0,0,14.54,0
530.233,52.96,0,0,14.54,0
531.001,52.96,0,0,14.54,0
531.75,52.96,0,0,14.54,0
532.501,52.96,0,0,14.54,0
533.233,52.96,0,0,14.54,0
533.983,52.96,0,0,14.54,0
534.75,52.96,0,0,14.54,0
535.501,52.96,0,0,14.54,0
536.233,52.96,0,0,14.54,0
537.001,52.96,0,0,14.54,0
537.733,52.96,0,0,14.54,0
538.483,52.96,0,0,14.54,0
539.25,52.96,0,0,14.54,0
540.001,52.96,0,0,14.54,0
540.75,52.96,0,0,14.54,0
541.501,52.96,0,0,14.54,0
542.233,52.96,0,0,14.54,0
542.983,52.96,0,0,14.54,0
543.733,52.21,3.4,177.28,14.57,1
544.483,48.84,18.53,904.88,15.13,1
545.233,50.29,10.77,541.72,15.66,1
545.983,51.06,7.11,363.07,15.99,1
546.733,52.7,0,0,16,0
547.483,52.75,0,0,16,0
548.233,52.79,0,0,16,0
549.001,52.81,0,0,16,0
549.75,52.83,0,0,16,0
550.483,52.84,0,0,16,0
551.251,52.85,0,0,16,0
552.001,52.86,0,0,16,0
552.75,52.87,0,0,16,0
553.501,52.87,0,0,16,0
554.251,52.88,0,0,16,0
555.001,52.89,0,0,16,0
555.75,52.89,0,0,16,0
556.501,52.89,0,0,16,0
557.25,52.9,0,0,16,0
558.001,52.9,0,0,16,0
558.75,52.9,0,0,16,0
559.501,52.91,0,0,16,0
560.233,52.91,0,0,16,0
561.001,52.91,0,0,16,0
561.733,52.92,0,0,16,0
562.483,52.92,0,0,16,0
563.233,52.92,0,0,16,0
564.001,52.92,0,0,16,0
564.75,52.92,0,0,16,0
565.483,52.92,0,0,16,0
566.233,52.93,0,0,16,0
566.983,52.93,0,0,16,0
567.75,52.93,0,0,16,0
568.501,52.93,0,0,16,0
569.233,52.93,0,0,16,0
570.001,52.93,0,0,16,0
570.733,52.93,0,0,16,0
571.483,52.93,0,0,16,0
572.25,52.94,0,0,16,0
572.983,52.94,0,0,16,0
573.751,52.94,0,0,16,0
574.483,52.94,0,0,16,0
575.25,52.94,0,0,16,0
576.001,52.94,0,0,16,0
576.733,52.94,0,0,16,0
577.483,52.94,0,0,16,0
578.25,52.94,0,0,16,0
578.983,52.79,0.8,42.23,16.02,1
579.75,48.01,22.49,1079.86,16.49,1
580.483,49.69,13.52,671.99,17.1,1
581.233,50.78,8.38,425.68,17.51,1
581.983,52.61,0,0,17.64,0
582.733,52.69,0,0,17.64,0
583.483,52.74,0,0,17.64,0
584.233,52.77,0,0,17.64,0
585.001,52.79,0,0,17.64,0
585.733,52.8,0,0,17.64,0
586.501,52.82,0,0,17.64,0
587.25,52.83,0,0,17.64,0
588.001,52.84,0,0,17.64,0
588.75,52.85,0,0,17.64,0
589.501,52.85,0,0,17.64,0
590.233,52.86,0,0,17.64,0
590.983,52.87,0,0,17.64,0
591.733,52.87,0,0,17.64,0
592.501,52.87,0,0,17.64,0
593.25,52.88,0,0,17.64,0
594.001,52.88,0,0,17.64,0
594.75,52.89,0,0,17.64,0
595.483,52.89,0,0,17.64,0
596.25,52.89,0,0,17.64,0
597.001,52.9,0,0,17.64,0
597.75,52.9,0,0,17.64,0
598.483,52.9,0,0,17.64,0
599.25,52.9,0,0,17.64,0
600.001,52.9,0,0,17.64,0
600.75,52.91,0,0,17.64,0
601.501,52.91,0,0,17.64,0
602.251,52.91,0,0,17.64,0
603.001,52.91,0,0,17.64,0
603.75,52.91,0,0,17.64,0
604.483,52.91,0,0,17.64,0
605.233,52.92,0,0,17.64,0
605.983,52.92,0,0,17.64,0
606.75,52.92,0,0,17.64,0
607.483,52.92,0,0,17.64,0
608.25,52.92,0,0,17.64,0
608.983,52.92,0,0,17.64,0
609.75,52.92,0,0,17.64,0
610.483,52.92,0,0,17.64,0
611.233,52.93,0,0,17.64,0
612.001,52.93,0,0,17.64,0
612.75,52.93,0,0,17.64,0
613.483,52.93,0,0,17.64,0
614.233,52.93,0,0,17.64,0
614.983,52.93,0,0,17.64,0
615.733,52.93,0,0,17.64,0
616.483,52.93,0,0,17.64,0
617.25,52.93,0,0,17.64,0
618.001,52.93,0,0,17.64,0
618.751,52.93,0,0,17.64,0
619.483,52.93,0,0,17.64,0
620.233,52.93,0,0,17.64,0
621.001,52.93,0,0,17.64,0
621.75,52.93,0,0,17.64,0
622.483,52.93,0,0,17.64,0
623.25,52.94,0,0,17.64,0
624.001,52.94,0,0,17.64,0
624.733,52.94,0,0,17.64,0
625.501,52.94,0,0,17.64,0
626.25,52.94,0,0,17.64,0
626.983,52.94,0,0,17.64,0
627.751,52.94,0,0,17.64,0
628.483,52.94,0,0,17.64,0
629.233,52.94,0,0,17.64,0
630.001,52.94,0,0,17.64,0
630.733,52.94,0,0,17.64,0
631.501,52.94,0,0,17.64,0
632.251,52.94,0,0,17.64,0
633.001,52.94,0,0,17.64,0
633.75,52.94,0,0,17.64,0
634.483,52.94,0,0,17.64,0
635.251,52.94,0,0,17.64,0
635.983,52.94,0,0,17.64,0
636.75,52.94,0,0,17.64,0
637.483,52.94,0,0,17.64,0
638.251,48.57,19.81,962.41,18.23,1
639.001,50.26,11.07,556.23,18.78,1
639.733,51.05,7.22,368.38,19.11,1
640.501,51.67,4.49,232.08,19.33,1
641.233,52.65,0,0,19.39,0
642.001,52.71,0,0,19.39,0
642.751,52.74,0,0,19.39,0
643.501,52.77,0,0,19.39,0
644.233,52.79,0,0,19.39,0
645.001,52.8,0,0,19.39,0
645.75,52.81,0,0,19.39,0
646.483,52.82,0,0,19.39,0
647.251,52.83,0,0,19.39,0
647.983,52.84,0,0,19.39,0
648.75,52.85,0,0,19.39,0
649.483,52.85,0,0,19.39,0
650.233,52.86,0,0,19.39,0
651.001,52.86,0,0,19.39,0
651.75,52.87,0,0,19.39,0
652.501,52.87,0,0,19.39,0
653.233,52.87,0,0,19.39,0
653.983,52.88,0,0,19.39,0
654.751,52.88,0,0,19.39,0
655.501,52.88,0,0,19.39,0
656.25,52.89,0,0,19.39,0
656.983,52.89,0,0,19.39,0
657.75,52.89,0,0,19.39,0
658.501,52.89,0,0,19.39,0
659.25,52.89,0,0,19.39,0
660.001,52.9,0,0,19.39,0
660.733,52.9,0,0,19.39,0
661.501,52.9,0,0,19.39,0
662.25,52.9,0,0,19.39,0
663.001,52.9,0,0,19.39,0
663.751,52.9,0,0,19.39,0
664.501,52.91,0,0,19.39,0
665.25,52.91,0,0,19.39,0
666.001,52.91,0,0,19.39,0
666.733,52.91,0,0,19.39,0
667.501,52.91,0,0,19.39,0
668.25,52.91,0,0,19.39,0
669.001,52.91,0,0,19.39,0
669.75,52.91,0,0,19.39,0
670.483,52.92,0,0,19.39,0
671.25,52.92,0,0,19.39,0
672.001,52.92,0,0,19.39,0
672.75,52.92,0,0,19.39,0
673.501,52.92,0,0,19.39,0
674.25,52.92,0,0,19.39,0
675.001,52.92,0,0,19.39,0
675.733,52.92,0,0,19.39,0
676.501,52.92,0,0,19.39,0
677.25,52.92,0,0,19.39,0
677.983,52.92,0,0,19.39,0
678.733,52.92,0,0,19.39,0
679.483,52.92,0,0,19.39,0
680.25,52.92,0,0,19.39,0
680.983,52.92,0,0,19.39,0
681.75,52.92,0,0,19.39,0
682.483,52.92,0,0,19.39,0
683.25,52.93,0,0,19.39,0
684.001,52.93,0,0,19.39,0
684.733,52.93,0,0,19.39,0
685.483,52.93,0,0,19.39,0
686.25,52.93,0,0,19.39,0
686.983,52.93,0,0,19.39,0
687.75,52.93,0,0,19.39,0
688.483,52.93,0,0,19.39,0
689.25,52.93,0,0,19.39,0
690.001,52.93,0,0,19.39,0
690.75,52.93,0,0,19.39,0
691.5,52.93,0,0,19.39,0
692.233,52.93,0,0,19.39,0
692.983,52.93,0,0,19.39,0
693.75,52.93,0,0,19.39,0
694.5,52.93,0,0,19.39,0
695.233,52.93,0,0,19.39,0
696,52.93,0,0,19.39,0
696.75,52.93,0,0,19.39,0
697.5,52.93,0,0,19.39,0
698.233,52.93,0,0,19.39,0
699,52.93,0,0,19.39,0
699.733,52.93,0,0,19.39,0
700.5,52.93,0,0,19.39,0
701.25,52.93,0,0,19.39,0
702,52.93,0,0,19.39,0
702.75,52.93,0,0,19.39,0
703.5,52.93,0,0,19.39,0
704.25,52.93,0,0,19.39,0
705,52.94,0,0,19.39,0
705.733,52.93,0,0,19.39,0
706.483,52.94,0,0,19.39,0
707.25,52.94,0,0,19.39,0
707.983,52.93,0,0,19.39,0
708.733,52.93,0,0,19.39,0
709.5,52.94,0,0,19.39,0
710.233,52.94,0,0,19.39,0
711,52.94,0,0,19.39,0
711.733,52.94,0,0,19.39,0
712.5,52.94,0,0,19.39,0
713.233,52.94,0,0,19.39,0
713.983,52.94,0,0,19.39,0
714.733,52.94,0,0,19.39,0
715.5,52.94,0,0,19.39,0
716.25,52.94,0,0,19.39,0
716.983,52.85,0.44,23.34,19.4,1
717.75,52.48,2,105.19,19.43,1
718.5,50.03,12.95,647.95,19.87,1
719.25,51.05,7.79,397.57,20.25,1
719.983,51.66,4.71,243.43,20.48,1
720.75,52.08,2.87,149.3,20.63,1
721.483,52.73,0,0,20.67,0
722.25,52.77,0,0,20.67,0
722.983,52.8,0,0,20.67,0
723.733,52.82,0,0,20.67,0
724.5,52.83,0,0,20.67,0
725.25,52.84,0,0,20.67,0
726,52.85,0,0,20.67,0
726.75,52.85,0,0,20.67,0
727.5,52.86,0,0,20.67,0
728.25,52.87,0,0,20.67,0
728.983,52.87,0,0,20.67,0
729.733,52.87,0,0,20.67,0
730.483,52.88,0,0,20.67,0
731.233,52.88,0,0,20.67,0
732,52.88,0,0,20.67,0
732.75,52.88,0,0,20.67,0
733.483,52.89,0,0,20.67,0
734.25,52.89,0,0,20.67,0
735,52.89,0,0,20.67,0
735.75,52.89,0,0,20.67,0
736.5,52.9,0,0,20.67,0
737.25,52.9,0,0,20.67,0
738,52.9,0,0,20.67,0
738.733,52.9,0,0,20.67,0
739.483,52.9,0,0,20.67,0
740.25,52.9,0,0,20.67,0
740.983,52.91,0,0,20.67,0
741.733,52.91,0,0,20.67,0
742.483,52.91,0,0,20.67,0
743.25,52.91,0,0,20.67,0
743.983,52.91,0,0,20.67,0
744.75,52.91,0,0,20.67,0
745.483,52.91,0,0,20.67,0
746.25,52.91,0,0,20.67,0
747,52.91,0,0,20.67,0
747.75,52.91,0,0,20.67,0
748.5,52.91,0,0,20.67,0
749.233,52.92,0,0,20.67,0
749.983,52.92,0,0,20.67,0
750.75,52.92,0,0,20.67,0
751.5,52.92,0,0,20.67,0
752.25,52.92,0,0,20.67,0
752.983,52.92,0,0,20.67,0
753.733,52.92,0,0,20.67,0
754.5,52.92,0,0,20.67,0
755.25,52.92,0,0,20.67,0
756,52.92,0,0,20.67,0
756.75,52.92,0,0,20.67,0
757.483,52.92,0,0,20.67,0
758.25,52.92,0,0,20.67,0
759,52.92,0,0,20.67,0
759.733,52.92,0,0,20.67,0
760.5,52.92,0,0,20.67,0
761.25,52.92,0,0,20.67,0
761.983,52.92,0,0,20.67,0
762.75,52.92,0,0,20.67,0
763.5,52.92,0,0,20.67,0
764.25,52.93,0,0,20.67,0
764.983,52.93,0,0,20.67,0
765.75,52.93,0,0,20.67,0
766.483,52.93,0,0,20.67,0
767.25,52.93,0,0,20.67,0
768,52.93,0,0,20.67,0
768.733,52.93,0,0,20.67,0
769.483,52.93,0,0,20.67,0
770.233,52.93,0,0,20.67,0
771,52.93,0,0,20.67,0
771.733,52.93,0,0,20.67,0
772.5,52.93,0,0,20.67,0
773.233,52.93,0,0,20.67,0
774,52.93,0,0,20.67,0
774.75,52.93,0,0,20.67,0
775.5,52.93,0,0,20.67,0
776.25,52.93,0,0,20.67,0
777,52.93,0,0,20.67,0
777.733,52.93,0,0,20.67,0
778.483,52.93,0,0,20.67,0
779.25,52.93,0,0,20.67,0
780,52.93,0,0,20.67,0
780.75,52.93,0,0,20.67,0
781.483,52.93,0,0,20.67,0
782.25,52.93,0,0,20.67,0
783,52.93,0,0,20.67,0
783.75,52.93,0,0,20.67,0
784.5,52.93,0,0,20.67,0
785.25,52.93,0,0,20.67,0
785.983,52.93,0,0,20.67,0
786.733,52.93,0,0,20.67,0
787.483,52.93,0,0,20.67,0
788.233,52.93,0,0,20.67,0
788.983,52.93,0,0,20.67,0
789.75,52.93,0,0,20.67,0
790.483,52.93,0,0,20.67,0
791.25,52.93,0,0,20.67,0
791.983,52.93,0,0,20.67,0
792.733,52.93,0,0,20.67,0
793.5,52.93,0,0,20.67,0
794.233,52.93,0,0,20.67,0
795,52.93,0,0,20.67,0
795.75,52.93,0,0,20.67,0
796.5,52.93,0,0,20.67,0
797.25,52.93,0,0,20.67,0
798,52.93,0,0,20.67,0
798.733,52.93,0,0,20.67,0
799.5,52.93,0,0,20.67,0
800.233,52.93,0,0,20.67,0
801.001,52.93,0,0,20.67,0
801.733,52.93,0,0,20.67,0
802.501,52.93,0,0,20.67,0
803.233,52.93,0,0,20.67,0
804.001,52.93,0,0,20.67,0
804.75,52.93,0,0,20.67,0
805.483,52.93,0,0,20.67,0
806.233,52.93,0,0,20.67,0
807.001,52.93,0,0,20.67,0
807.75,52.93,0,0,20.67,0
808.483,52.77,0.73,38.48,20.69,1
809.233,48.32,21.49,1038.53,21.12,1
810.001,49.96,12.47,622.8,21.74,1
810.75,51.01,7.31,372.8,22.1,1
811.501,52.64,0,0,22.19,0
812.25,52.71,0,0,22.19,0
813.001,52.74,0,0,22.19,0
813.75,52.77,0,0,22.19,0
814.483,52.79,0,0,22.19,0
815.25,52.8,0,0,22.19,0
815.983,52.81,0,0,22.19,0
816.75,52.82,0,0,22.19,0
817.501,52.83,0,0,22.19,0
818.25,52.84,0,0,22.19,0
819.001,52.84,0,0,22.19,0
819.75,52.85,0,0,22.19,0
820.501,52.86,0,0,22.19,0
821.25,52.86,0,0,22.19,0
822.001,52.86,0,0,22.19,0
822.733,52.87,0,0,22.19,0
823.501,52.87,0,0,22.19,0
824.233,52.87,0,0,22.19,0
824.983,52.87,0,0,22.19,0
825.733,52.88,0,0,22.19,0
826.501,52.88,0,0,22.19,0
827.233,52.88,0,0,22.19,0
828.001,52.88,0,0,22.19,0
828.733,52.89,0,0,22.19,0
829.501,52.89,0,0,22.19,0
830.25,52.89,0,0,22.19,0
830.983,52.89,0,0,22.19,0
831.75,52.89,0,0,22.19,0
832.501,52.89,0,0,22.19,0
833.233,52.9,0,0,22.19,0
833.983,52.9,0,0,22.19,0
834.75,52.9,0,0,22.19,0
835.483,52.9,0,0,22.19,0
836.25,52.9,0,0,22.19,0
836.983,52.9,0,0,22.19,0
837.75,52.9,0,0,22.19,0
838.483,52.9,0,0,22.19,0
839.233,52.9,0,0,22.19,0
839.983,52.9,0,0,22.19,0
840.75,52.91,0,0,22.19,0
841.501,52.91,0,0,22.19,0
842.25,52.91,0,0,22.19,0
843.001,52.91,0,0,22.19,0
843.75,52.91,0,0,22.19,0
844.501,52.91,0,0,22.19,0
845.25,52.91,0,0,22.19,0
846.001,52.91,0,0,22.19,0
846.75,52.91,0,0,22.19,0
847.501,52.91,0,0,22.19,0
848.25,52.91,0,0,22.19,0
849.001,52.91,0,0,22.19,0
849.733,52.91,0,0,22.19,0
850.501,52.91,0,0,22.19,0
851.25,52.91,0,0,22.19,0
852.001,52.91,0,0,22.19,0
852.75,52.91,0,0,22.19,0
853.501,52.91,0,0,22.19,0
854.25,52.92,0,0,22.19,0
854.983,52.92,0,0,22.19,0
855.733,52.92,0,0,22.19,0
856.501,52.92,0,0,22.19,0
857.25,52.92,0,0,22.19,0
858.001,52.92,0,0,22.19,0
858.75,52.92,0,0,22.19,0
859.501,52.92,0,0,22.19,0
860.233,52.92,0,0,22.19,0
861.001,52.92,0,0,22.19,0
861.75,52.92,0,0,22.19,0
862.501,52.92,0,0,22.19,0
863.233,52.76,0.79,41.88,22.21,1
863.983,49.05,18.06,886.15,22.47,1
864.733,50.52,10.27,518.85,22.98,1
865.483,51.25,6.58,337.15,23.3,1
866.25,52.63,0,0,23.48,0
867.001,52.71,0,0,23.48,0
867.733,52.75,0,0,23.48,0
868.501,52.78,0,0,23.48,0
869.233,52.79,0,0,23.48,0
870.001,52.81,0,0,23.48,0
870.75,52.82,0,0,23.48,0
871.501,52.83,0,0,23.48,0
872.25,52.83,0,0,23.48,0
872.983,52.84,0,0,23.48,0
873.733,52.84,0,0,23.48,0
874.501,52.85,0,0,23.48,0
875.25,52.85,0,0,23.48,0
876.001,52.86,0,0,23.48,0
876.75,52.86,0,0,23.48,0
877.501,52.86,0,0,23.48,0
878.25,52.87,0,0,23.48,0
878.983,52.87,0,0,23.48,0
879.75,52.87,0,0,23.48,0
880.501,52.87,0,0,23.48,0
881.233,52.88,0,0,23.48,0
881.983,52.88,0,0,23.48,0
882.75,52.88,0,0,23.48,0
883.501,52.88,0,0,23.48,0
884.25,52.88,0,0,23.48,0
884.983,52.88,0,0,23.48,0
885.75,52.89,0,0,23.48,0
886.501,52.89,0,0,23.48,0
887.25,52.89,0,0,23.48,0
888.001,52.89,0,0,23.48,0
888.75,52.89,0,0,23.48,0
889.483,52.89,0,0,23.48,0
890.233,52.89,0,0,23.48,0
891.001,52.9,0,0,23.48,0
891.75,52.9,0,0,23.48,0
892.483,52.9,0,0,23.48,0
893.25,52.9,0,0,23.48,0
894.001,52.9,0,0,23.48,0
894.75,52.9,0,0,23.48,0
895.501,52.9,0,0,23.48,0
896.25,52.9,0,0,23.48,0
897.001,52.9,0,0,23.48,0
897.75,52.9,0,0,23.48,0
898.501,52.9,0,0,23.48,0
899.233,52.9,0,0,23.48,0
900.001,52.9,0,0,23.48,0
900.75,52.9,0,0,23.48,0
901.501,52.9,0,0,23.48,0
902.25,52.9,0,0,23.48,0
903.001,52.9,0,0,23.48,0
903.733,52.9,0,0,23.48,0
904.501,52.91,0,0,23.48,0
905.233,52.91,0,0,23.48,0
906.001,52.91,0,0,23.48,0
906.733,52.91,0,0,23.48,0
907.483,52.91,0,0,23.48,0
908.25,52.91,0,0,23.48,0
909.001,52.91,0,0,23.48,0
909.75,52.91,0,0,23.48,0
910.483,52.91,0,0,23.48,0
911.233,52.91,0,0,23.48,0
911.983,52.91,0,0,23.48,0
912.733,52.91,0,0,23.48,0
913.501,52.91,0,0,23.48,0
914.233,52.91,0,0,23.48,0
915.001,52.91,0,0,23.48,0
915.733,52.91,0,0,23.48,0
916.483,52.91,0,0,23.48,0
917.233,52.91,0,0,23.48,0
917.983,52.91,0,0,23.48,0
918.75,50.33,11.98,602.79,23.59,1
919.501,49.25,16.15,795.39,24.26,1
920.233,50.49,9.67,488.2,24.72,1
920.983,51.3,6,307.8,25.01,1
921.733,52.61,0,0,25.12,0
922.483,52.67,0,0,25.12,0
923.25,52.71,0,0,25.12,0
923.983,52.74,0,0,25.12,0
924.75,52.76,0,0,25.12,0
925.501,52.77,0,0,25.12,0
926.233,52.78,0,0,25.12,0
927.001,52.79,0,0,25.12,0
927.75,52.8,0,0,25.12,0
928.483,52.81,0,0,25.12,0
929.233,52.82,0,0,25.12,0
930.001,52.82,0,0,25.12,0
930.75,52.83,0,0,25.12,0
931.501,52.83,0,0,25.12,0
932.25,52.84,0,0,25.12,0
933.001,52.84,0,0,25.12,0
933.733,52.85,0,0,25.12,0
934.501,52.85,0,0,25.12,0
935.233,52.85,0,0,25.12,0
936.001,52.86,0,0,25.12,0
936.733,52.86,0,0,25.12,0
937.501,52.86,0,0,25.12,0
938.233,52.86,0,0,25.12,0
939.001,52.86,0,0,25.12,0
939.733,52.87,0,0,25.12,0
940.501,52.87,0,0,25.12,0
941.233,52.87,0,0,25.12,0
941.983,52.87,0,0,25.12,0
942.733,52.87,0,0,25.12,0
943.501,52.87,0,0,25.12,0
944.25,52.87,0,0,25.12,0
944.983,52.88,0,0,25.12,0
945.733,52.88,0,0,25.12,0
946.501,52.88,0,0,25.12,0
947.25,52.88,0,0,25.12,0
947.983,52.88,0,0,25.12,0
948.751,52.88,0,0,25.12,0
949.501,48.38,20.48,990.76,25.37,1
950.25,49.75,13.45,669.09,25.99,1
951.001,50.8,8.3,421.83,26.39,1
951.733,53.59,-1.73,-92.88,26.63,0
952.501,52.63,0,0,26.64,0
953.25,52.68,0,0,26.64,0
953.983,52.71,0,0,26.64,0
954.751,52.73,0,0,26.64,0
955.483,52.75,0,0,26.64,0
956.25,52.76,0,0,26.64,0
957.001,52.77,0,0,26.64,0
957.751,52.78,0,0,26.64,0
958.501,52.79,0,0,26.64,0
959.233,52.8,0,0,26.64,0
959.983,52.8,0,0,26.64,0
960.75,52.81,0,0,26.64,0
961.501,52.82,0,0,26.64,0
962.25,52.82,0,0,26.64,0
963.001,52.82,0,0,26.64,0
963.733,52.83,0,0,26.64,0
964.501,52.83,0,0,26.64,0
965.25,52.84,0,0,26.64,0
965.983,52.84,0,0,26.64,0
966.75,52.84,0,0,26.64,0
967.483,52.84,0,0,26.64,0
968.25,52.85,0,0,26.64,0
968.983,52.85,0,0,26.64,0
969.75,52.85,0,0,26.64,0
970.501,52.85,0,0,26.64,0
971.25,52.86,0,0,26.64,0
971.983,52.86,0,0,26.64,0
972.733,52.86,0,0,26.64,0
973.501,52.86,0,0,26.64,0
974.25,52.86,0,0,26.64,0
974.983,52.86,0,0,26.64,0
975.75,52.87,0,0,26.64,0
976.501,52.87,0,0,26.64,0
977.233,52.87,0,0,26.64,0
978.001,52.87,0,0,26.64,0
978.733,52.87,0,0,26.64,0
979.501,52.87,0,0,26.64,0
980.25,52.87,0,0,26.64,0
980.983,52.87,0,0,26.64,0
981.751,52.87,0,0,26.64,0
982.501,52.88,0,0,26.64,0
983.233,52.88,0,0,26.64,0
984.001,52.88,0,0,26.64,0
984.75,52.88,0,0,26.64,0
985.501,52.88,0,0,26.64,0
986.233,52.88,0,0,26.64,0
986.983,52.88,0,0,26.64,0
987.733,52.88,0,0,26.64,0
988.501,52.88,0,0,26.64,0
989.25,52.88,0,0,26.64,0
989.983,52.88,0,0,26.64,0
990.75,52.88,0,0,26.64,0
991.483,52.88,0,0,26.64,0
992.25,52.88,0,0,26.64,0
992.983,52.88,0,0,26.64,0
993.733,52.88,0,0,26.64,0
994.483,52.88,0,0,26.64,0
995.233,52.89,0,0,26.64,0
996.001,52.89,0,0,26.64,0
996.733,52.89,0,0,26.64,0
997.501,52.89,0,0,26.64,0
998.233,52.89,0,0,26.64,0
998.983,52.89,0,0,26.64,0
999.733,52.89,0,0,26.64,0
1000.483,52.89,0,0,26.64,0
1001.25,52.89,0,0,26.64,0
1002.001,52.89,0,0,26.64,0
1002.751,52.89,0,0,26.64,0
1003.483,52.89,0,0,26.64,0
1004.233,52.89,0,0,26.64,0
1005.001,52.89,0,0,26.64,0
1005.751,52.89,0,0,26.64,0
1006.483,52.89,0,0,26.64,0
1007.25,52.89,0,0,26.64,0
1007.983,52.89,0,0,26.64,0
1008.733,52.82,0.4,21.02,26.64,1
1009.501,51.79,5,259.19,26.68,1
1010.25,49.09,17.29,848.48,27.27,1
1010.983,50.41,10.4,524.24,27.74,1
1011.733,51.19,6.46,330.62,28.05,1
1012.483,52.61,-1.7,-89.43,28.24,0
1013.233,52.65,0,0,28.24,0
1013.983,52.69,0,0,28.24,0
1014.733,52.71,0,0,28.24,0
1015.501,52.73,0,0,28.24,0
1016.25,52.75,0,0,28.24,0
1017.001,52.76,0,0,28.24,0
1017.733,52.77,0,0,28.24,0
1018.483,52.78,0,0,28.24,0
1019.25,52.79,0,0,28.24,0
1020.001,52.8,0,0,28.24,0
1020.75,52.8,0,0,28.24,0
1021.501,52.81,0,0,28.24,0
1022.25,52.81,0,0,28.24,0
1023.001,52.82,0,0,28.24,0
1023.75,52.82,0,0,28.24,0
1024.483,52.83,0,0,28.24,0
1025.233,52.83,0,0,28.24,0
1026.001,52.83,0,0,28.24,0
1026.75,52.84,0,0,28.24,0
1027.501,52.84,0,0,28.24,0
1028.233,52.84,0,0,28.24,0
1028.983,52.84,0,0,28.24,0
1029.75,52.85,0,0,28.24,0
1030.501,52.85,0,0,28.24,0
1031.25,52.85,0,0,28.24,0
1031.983,52.85,0,0,28.24,0
1032.751,52.85,0,0,28.24,0
1033.501,52.86,0,0,28.24,0
1034.25,52.86,0,0,28.24,0
1035.001,52.86,0,0,28.24,0
1035.733,52.86,0,0,28.24,0
1036.483,52.86,0,0,28.24,0
1037.25,52.86,0,0,28.24,0
1038.001,52.86,0,0,28.24,0
1038.733,52.87,0,0,28.24,0
1039.483,52.87,0,0,28.24,0
1040.25,52.87,0,0,28.24,0
1040.983,52.87,0,0,28.24,0
1041.75,52.87,0,0,28.24,0
1042.483,52.87,0,0,28.24,0
1043.25,52.87,0,0,28.24,0
1044.001,52.87,0,0,28.24,0
1044.75,52.87,0,0,28.24,0
1045.501,52.87,0,0,28.24,0
1046.25,52.87,0,0,28.24,0
1047.001,52.87,0,0,28.24,0
1047.751,52.87,0,0,28.24,0
1048.501,52.87,0,0,28.24,0
1049.251,52.87,0,0,28.24,0
1049.983,52.88,0,0,28.24,0
1050.75,52.88,0,0,28.24,0
1051.483,52.88,0,0,28.24,0
1052.25,52.88,0,0,28.24,0
1053.001,52.88,0,0,28.24,0
1053.733,52.88,0,0,28.24,0
1054.501,52.88,0,0,28.24,0
1055.233,52.88,0,0,28.24,0
1055.983,52.88,0,0,28.24,0
1056.733,52.88,0,0,28.24,0
1057.501,52.88,0,0,28.24,0
1058.251,52.88,0,0,28.24,0
1058.983,52.88,0,0,28.24,0
1059.751,52.88,0,0,28.24,0
1060.501,52.88,0,0,28.24,0
1061.233,52.88,0,0,28.24,0
1062.001,52.88,0,0,28.24,0
1062.75,52.88,0,0,28.24,0
1063.483,52.88,0,0,28.24,0
1064.25,52.88,0,0,28.24,0
1065.001,52.88,0,0,28.24,0
1065.75,52.88,0,0,28.24,0
1066.483,52.88,0,0,28.24,0
1067.233,52.88,0,0,28.24,0
1068.001,52.88,0,0,28.24,0
1068.733,52.88,0,0,28.24,0
1069.483,52.89,0,0,28.24,0
1070.25,52.88,0,0,28.24,0
1071.001,52.89,0,0,28.24,0
1071.75,52.89,0,0,28.24,0
1072.501,52.88,0,0,28.24,0
1073.25,52.89,0,0,28.24,0
1074.001,52.89,0,0,28.24,0
1074.733,52.89,0,0,28.24,0
1075.483,52.89,0,0,28.24,0
1076.25,52.89,0,0,28.24,0
1077.001,52.89,0,0,28.24,0
1077.733,52.89,0,0,28.24,0
1078.501,52.89,0,0,28.24,0
1079.25,52.89,0,0,28.24,0
1079.983,52.89,0,0,28.24,0
1080.733,52.89,0,0,28.24,0
1081.5,52.89,0,0,28.24,0
1082.25,52.89,0,0,28.24,0
1082.983,52.89,0,0,28.24,0
1083.75,52.89,0,0,28.24,0
1084.5,52.89,0,0,28.24,0
1085.25,52.89,0,0,28.24,0
1085.983,52.89,0,0,28.24,0
1086.75,52.89,0,0,28.24,0
1087.5,52.89,0,0,28.24,0
1088.233,52.89,0,0,28.24,0
1089,52.89,0,0,28.24,0
1089.75,52.89,0,0,28.24,0
1090.5,52.89,0,0,28.24,0
1091.25,52.89,0,0,28.24,0
1091.983,52.89,0,0,28.24,0
1092.733,52.89,0,0,28.24,0
1093.5,52.89,0,0,28.24,0
1094.233,52.89,0,0,28.24,0
1095.001,52.89,0,0,28.24,0
1095.75,52.89,0,0,28.24,0
1096.483,52.89,0,0,28.24,0
1097.233,52.89,0,0,28.24,0
1098,52.89,0,0,28.24,0
1098.75,52.89,0,0,28.24,0
1099.483,52.89,0,0,28.24,0
1100.25,52.89,0,0,28.24,0
1100.983,52.89,0,0,28.24,0
1101.733,52.89,0,0,28.24,0
1102.5,52.89,0,0,28.24,0
1103.25,52.89,0,0,28.24,0
1103.983,52.89,0,0,28.24,0
1104.75,52.89,0,0,28.24,0
1105.5,52.89,0,0,28.24,0
1106.25,52.89,0,0,28.24,0
1106.983,52.89,0,0,28.24,0
1107.733,52.89,0,0,28.24,0
1108.483,52.89,0,0,28.24,0
1109.25,52.89,0,0,28.24,0
1109.983,52.89,0,0,28.24,0
1110.733,52.7,2.34,123.4,28.24,1
1111.5,52.54,1.48,77.5,28.27,1
1112.25,49.85,13.71,683.63,28.72,1
1113,50.95,7.96,405.49,29.12,1
1113.733,51.46,5.6,288.16,29.37,1
1114.5,51.93,3.4,176.47,29.54,1
1115.233,52.69,0,0,29.54,0
1116,52.73,0,0,29.54,0
1116.75,52.75,0,0,29.54,0
1117.483,52.77,0,0,29.54,0
1118.233,52.78,0,0,29.54,0
1119,52.79,0,0,29.54,0
1119.733,52.8,0,0,29.54,0
1120.5,52.8,0,0,29.54,0
1121.25,52.81,0,0,29.54,0
1122,52.82,0,0,29.54,0
1122.733,52.82,0,0,29.54,0
1123.5,52.83,0,0,29.54,0
1124.233,52.83,0,0,29.54,0
1125,52.83,0,0,29.54,0
1125.733,52.84,0,0,29.54,0
1126.483,52.84,0,0,29.54,0
1127.233,52.84,0,0,29.54,0
1128,52.84,0,0,29.54,0
1128.75,52.85,0,0,29.54,0
1129.5,52.85,0,0,29.54,0
1130.233,52.85,0,0,29.54,0
1130.983,52.85,0,0,29.54,0
1131.733,52.85,0,0,29.54,0
1132.5,52.86,0,0,29.54,0
1133.25,52.86,0,0,29.54,0
1134,52.86,0,0,29.54,0
1134.733,52.86,0,0,29.54,0
1135.5,52.86,0,0,29.54,0
1136.25,52.86,0,0,29.54,0
1137,52.86,0,0,29.54,0
1137.75,52.86,0,0,29.54,0
1138.5,52.87,0,0,29.54,0
1139.233,52.87,0,0,29.54,0
1139.983,52.87,0,0,29.54,0
1140.75,52.87,0,0,29.54,0
1141.483,52.87,0,0,29.54,0
1142.233,52.87,0,0,29.54,0
1142.983,52.87,0,0,29.54,0
1143.75,52.87,0,0,29.54,0
1144.5,52.87,0,0,29.54,0
1145.233,52.87,0,0,29.54,0
1146,52.87,0,0,29.54,0
1146.733,52.87,0,0,29.54,0
1147.5,52.87,0,0,29.54,0
1148.25,52.87,0,0,29.54,0
1149,52.87,0,0,29.54,0
1149.75,52.87,0,0,29.54,0
1150.483,52.87,0,0,29.54,0
1151.25,52.87,0,0,29.54,0
1151.983,52.88,0,0,29.54,0
1152.75,52.88,0,0,29.54,0
1153.5,52.88,0,0,29.54,0
1154.25,52.88,0,0,29.54,0
1154.983,52.88,0,0,29.54,0
1155.733,52.88,0,0,29.54,0
1156.483,52.88,0,0,29.54,0
1157.25,52.88,0,0,29.54,0
1157.983,52.88,0,0,29.54,0
1158.733,52.88,0,0,29.54,0
1159.483,52.88,0,0,29.54,0
1160.233,52.88,0,0,29.54,0
1160.983,52.88,0,0,29.54,0
1161.733,52.88,0,0,29.54,0
1162.5,52.88,0,0,29.54,0
1163.25,52.88,0,0,29.54,0
1163.983,52.88,0,0,29.54,0
1164.75,52.88,0,0,29.54,0
1165.483,52.88,0,0,29.54,0
1166.25,52.88,0,0,29.54,0
1166.983,52.88,0,0,29.54,0
1167.75,52.88,0,0,29.54,0
1168.483,52.88,0,0,29.54,0
1169.25,52.88,0,0,29.54,0
1170,52.88,0,0,29.54,0
1170.733,52.88,0,0,29.54,0
1171.483,52.88,0,0,29.54,0
1172.233,52.88,0,0,29.54,0
1172.983,52.88,0,0,29.54,0
1173.75,52.88,0,0,29.54,0
1174.5,52.88,0,0,29.54,0
1175.25,52.88,0,0,29.54,0
1175.983,52.88,0,0,29.54,0
1176.75,52.88,0,0,29.54,0
1177.5,52.89,0,0,29.54,0
1178.233,52.88,0,0,29.54,0
1178.983,52.88,0,0,29.54,0
1179.733,52.88,0,0,29.54,0
1180.5,52.89,0,0,29.54,0
1181.25,52.88,0,0,29.54,0
1182,52.89,0,0,29.54,0
1182.733,52.89,0,0,29.54,0
1183.483,52.89,0,0,29.54,0
1184.233,52.89,0,0,29.54,0
1184.983,52.89,0,0,29.54,0
1185.75,52.89,0,0,29.54,0
1186.5,52.72,0.81,42.62,29.56,1
1187.25,48.26,21.04,1015.47,29.91,1
1187.983,49.81,13.37,666.12,30.52,1
1188.733,50.91,7.85,399.41,30.91,1
1189.5,51.55,4.87,251.19,31.14,1
1190.25,52.59,0,0,31.23,0
1190.983,52.65,0,0,31.23,0
1191.733,52.69,0,0,31.23,0
1192.501,52.71,0,0,31.23,0
1193.233,52.73,0,0,31.23,0
1194.001,52.74,0,0,31.23,0
1194.75,52.75,0,0,31.23,0
1195.501,52.76,0,0,31.23,0
1196.25,52.77,0,0,31.23,0
1197.001,52.78,0,0,31.23,0
1197.733,52.79,0,0,31.23,0
1198.483,52.79,0,0,31.23,0
1199.233,52.8,0,0,31.23,0
1199.983,52.8,0,0,31.23,0
1200.75,52.81,0,0,31.23,0
1201.483,52.81,0,0,31.23,0
1202.25,52.81,0,0,31.23,0
1202.983,52.82,0,0,31.23,0
1203.733,52.82,0,0,31.23,0
1204.501,52.82,0,0,31.23,0
1205.25,52.83,0,0,31.23,0
1205.983,52.83,0,0,31.23,0
1206.75,52.83,0,0,31.23,0
1207.483,52.83,0,0,31.23,0
1208.233,52.83,0,0,31.23,0
1208.983,52.84,0,0,31.23,0
1209.733,52.84,0,0,31.23,0
1210.501,52.84,0,0,31.23,0
1211.25,52.84,0,0,31.23,0
1212.001,52.84,0,0,31.23,0
1212.733,52.85,0,0,31.23,0
1213.483,52.85,0,0,31.23,0
1214.25,52.85,0,0,31.23,0
1214.983,52.85,0,0,31.23,0
1215.733,52.85,0,0,31.23,0
1216.501,52.85,0,0,31.23,0
1217.233,52.85,0,0,31.23,0
1218.001,52.85,0,0,31.23,0
1218.733,52.85,0,0,31.23,0
1219.483,52.86,0,0,31.23,0
1220.25,52.86,0,0,31.23,0
1221.001,52.86,0,0,31.23,0
1221.733,52.86,0,0,31.23,0
1222.501,52.86,0,0,31.23,0
1223.25,52.86,0,0,31.23,0
1223.983,52.86,0,0,31.23,0
1224.75,52.86,0,0,31.23,0
1225.483,52.86,0,0,31.23,0
1226.233,52.86,0,0,31.23,0
1227.001,52.86,0,0,31.23,0
1227.75,52.86,0,0,31.23,0
1228.483,52.86,0,0,31.23,0
1229.25,52.86,0,0,31.23,0
1230.001,52.86,0,0,31.23,0
1230.75,52.86,0,0,31.23,0
1231.501,52.87,0,0,31.23,0
1232.233,52.87,0,0,31.23,0
1233.001,52.87,0,0,31.23,0
1233.75,52.87,0,0,31.23,0
1234.501,52.87,0,0,31.23,0
1235.25,52.87,0,0,31.23,0
1236.001,52.87,0,0,31.23,0
1236.75,52.87,0,0,31.23,0
1237.501,52.87,0,0,31.23,0
1238.233,52.87,0,0,31.23,0
1238.983,52.87,0,0,31.23,0
1239.75,52.87,0,0,31.23,0
1240.483,52.87,0,0,31.23,0
1241.25,52.87,0,0,31.23,0
1242.001,52.87,0,0,31.23,0
1242.75,52.87,0,0,31.23,0
1243.483,52.27,2.67,139.72,31.26,1
1244.233,50.26,11.67,586.41,31.71,1
1244.983,51.07,7.46,381.12,32.06,1
1245.75,51.77,4.18,216.34,32.29,1
1246.501,52.67,0,0,32.35,0
1247.25,52.71,0,0,32.35,0
1248.001,52.73,0,0,32.35,0
1248.75,52.75,0,0,32.35,0
1249.501,52.77,0,0,32.35,0
1250.25,52.78,0,0,32.35,0
1251.001,52.78,0,0,32.35,0
1251.733,52.79,0,0,32.35,0
1252.501,52.8,0,0,32.35,0
1253.25,52.8,0,0,32.35,0
1253.983,52.81,0,0,32.35,0
1254.733,52.81,0,0,32.35,0
1255.501,52.81,0,0,32.35,0
1256.25,52.82,0,0,32.35,0
1257.001,52.82,0,0,32.35,0
1257.75,52.82,0,0,32.35,0
1258.501,52.83,0,0,32.35,0
1259.25,52.83,0,0,32.35,0
1260.001,52.83,0,0,32.35,0
1260.733,52.83,0,0,32.35,0
1261.483,52.83,0,0,32.35,0
1262.233,52.84,0,0,32.35,0
1262.983,52.84,0,0,32.35,0
1263.75,52.84,0,0,32.35,0
1264.501,52.84,0,0,32.35,0
1265.233,52.84,0,0,32.35,0
1266.001,52.84,0,0,32.35,0
1266.75,52.84,0,0,32.35,0
1267.501,52.85,0,0,32.35,0
1268.25,52.85,0,0,32.35,0
1269.001,52.85,0,0,32.35,0
1269.75,52.85,0,0,32.35,0
1270.501,52.85,0,0,32.35,0
1271.25,52.85,0,0,32.35,0
1271.983,52.85,0,0,32.35,0
1272.75,52.85,0,0,32.35,0
1273.501,52.85,0,0,32.35,0
1274.25,52.85,0,0,32.35,0
1274.983,52.85,0,0,32.35,0
1275.733,52.86,0,0,32.35,0
1276.501,52.86,0,0,32.35,0
1277.233,52.86,0,0,32.35,0
1277.983,52.86,0,0,32.35,0
1278.75,52.86,0,0,32.35,0
1279.483,52.86,0,0,32.35,0
1280.233,52.86,0,0,32.35,0
1281.001,52.86,0,0,32.35,0
1281.733,52.86,0,0,32.35,0
1282.501,52.86,0,0,32.35,0
1283.233,52.86,0,0,32.35,0
1284.001,52.86,0,0,32.35,0
1284.733,52.86,0,0,32.35,0
1285.483,52.86,0,0,32.35,0
1286.233,52.86,0,0,32.35,0
1286.983,52.86,0,0,32.35,0
1287.75,52.86,0,0,32.35,0
1288.501,52.86,0,0,32.35,0
1289.233,52.86,0,0,32.35,0
1290.001,52.86,0,0,32.35,0
1290.733,52.86,0,0,32.35,0
1291.483,52.86,0,0,32.35,0
1292.25,52.86,0,0,32.35,0
1292.983,52.87,0,0,32.35,0
1293.75,52.87,0,0,32.35,0
1294.483,52.87,0,0,32.35,0
1295.25,52.22,3,156.54,32.37,1
1296.001,48.71,19.41,945.49,32.92,1
1296.733,50.19,11.23,563.41,33.45,1
1297.483,52.55,0,0,33.65,0
1298.25,52.64,0,0,33.65,0
1298.983,52.68,0,0,33.65,0
1299.75,52.71,0,0,33.65,0
1300.501,52.72,0,0,33.65,0
1301.25,52.74,0,0,33.65,0
1302.001,52.75,0,0,33.65,0
1302.75,52.76,0,0,33.65,0
1303.483,52.77,0,0,33.65,0
1304.25,52.77,0,0,33.65,0
1305.001,52.78,0,0,33.65,0
1305.75,52.79,0,0,33.65,0
1306.501,52.79,0,0,33.65,0
1307.25,52.8,0,0,33.65,0
1307.983,52.8,0,0,33.65,0
1308.75,52.8,0,0,33.65,0
1309.483,52.81,0,0,33.65,0
1310.25,52.81,0,0,33.65,0
1310.983,52.81,0,0,33.65,0
1311.75,52.81,0,0,33.65,0
1312.501,52.82,0,0,33.65,0
1313.25,52.82,0,0,33.65,0
1314.001,52.82,0,0,33.65,0
1314.75,52.82,0,0,33.65,0
1315.501,52.83,0,0,33.65,0
1316.233,52.83,0,0,33.65,0
1316.983,52.83,0,0,33.65,0
1317.75,52.83,0,0,33.65,0
1318.483,52.83,0,0,33.65,0
1319.233,52.83,0,0,33.65,0
1320.001,52.83,0,0,33.65,0
1320.733,52.84,0,0,33.65,0
1321.501,52.84,0,0,33.65,0
1322.233,52.84,0,0,33.65,0
1322.983,52.84,0,0,33.65,0
1323.733,52.84,0,0,33.65,0
1324.501,52.84,0,0,33.65,0
1325.25,52.84,0,0,33.65,0
1325.983,52.84,0,0,33.65,0
1326.75,52.84,0,0,33.65,0
1327.483,52.84,0,0,33.65,0
1328.233,52.84,0,0,33.65,0
1329.001,52.71,0.65,34.15,33.66,1
1329.733,49.6,15.38,762.81,33.86,1
1330.501,49.18,16.18,795.61,34.61,1
1331.233,50.33,10.25,515.97,35.08,1
1332.001,51.09,6.61,337.7,35.4,1
1332.733,51.46,4.92,253.35,35.6,1
1333.501,52.53,0,0,35.68,0
1334.233,52.58,0,0,35.68,0
1334.983,52.62,0,0,35.68,0
1335.75,52.64,0,0,35.68,0
1336.501,52.66,0,0,35.68,0
1337.25,52.68,0,0,35.68,0
1338.001,52.69,0,0,35.68,0
1338.751,52.7,0,0,35.68,0
1339.501,52.71,0,0,35.68,0
1340.25,52.72,0,0,35.68,0
1340.983,52.73,0,0,35.68,0
1341.751,52.74,0,0,35.68,0
1342.483,52.74,0,0,35.68,0
1343.233,52.75,0,0,35.68,0
1344.001,52.75,0,0,35.68,0
1344.733,52.76,0,0,35.68,0
1345.501,52.76,0,0,35.68,0
1346.251,52.77,0,0,35.68,0
1347.001,52.77,0,0,35.68,0
1347.733,52.77,0,0,35.68,0
1348.501,52.78,0,0,35.68,0
1349.25,52.78,0,0,35.68,0
1349.983,52.79,0,0,35.68,0
1350.751,52.79,0,0,35.68,0
1351.501,52.79,0,0,35.68,0
1352.25,52.79,0,0,35.68,0
1353.001,52.8,0,0,35.68,0
1353.75,52.8,0,0,35.68,0
1354.483,52.8,0,0,35.68,0
1355.25,52.8,0,0,35.68,0
1355.983,52.8,0,0,35.68,0
1356.733,52.81,0,0,35.68,0
1357.501,52.81,0,0,35.68,0
1358.25,52.81,0,0,35.68,0
1359.001,52.81,0,0,35.68,0
1359.751,52.81,0,0,35.68,0
1360.483,52.81,0,0,35.68,0
1361.233,52.82,0,0,35.68,0
1362.001,52.82,0,0,35.68,0
1362.75,52.82,0,0,35.68,0
1363.501,52.82,0,0,35.68,0
1364.25,52.82,0,0,35.68,0
1364.983,52.82,0,0,35.68,0
1365.75,52.82,0,0,35.68,0
1366.501,52.82,0,0,35.68,0
1367.233,52.82,0,0,35.68,0
1368.001,52.83,0,0,35.68,0
1368.75,52.83,0,0,35.68,0
1369.501,52.83,0,0,35.68,0
1370.25,52.83,0,0,35.68,0
1370.983,52.83,0,0,35.68,0
1371.75,52.83,0,0,35.68,0
1372.501,52.83,0,0,35.68,0
1373.233,52.83,0,0,35.68,0
1373.983,52.83,0,0,35.68,0
1374.75,52.83,0,0,35.68,0
1375.483,52.83,0,0,35.68,0
1376.233,52.83,0,0,35.68,0
1376.983,52.83,0,0,35.68,0
1377.733,52.83,0,0,35.68,0
1378.501,52.83,0,0,35.68,0
1379.25,52.84,0,0,35.68,0
1379.983,52.84,0,0,35.68,0
1380.733,52.84,0,0,35.68,0
1381.501,52.84,0,0,35.68,0
1382.251,52.84,0,0,35.68,0
1382.983,52.84,0,0,35.68,0
1383.75,52.84,0,0,35.68,0
1384.483,52.84,0,0,35.68,0
1385.233,52.84,0,0,35.68,0
1386.001,52.84,0,0,35.68,0
1386.75,52.84,0,0,35.68,0
1387.501,52.84,0,0,35.68,0
1388.25,52.84,0,0,35.68,0
1388.983,52.84,0,0,35.68,0
1389.75,52.84,0,0,35.68,0
1390.483,52.84,0,0,35.68,0
1391.233,52.84,0,0,35.68,0
1392.001,52.84,0,0,35.68,0
1392.733,52.84,0,0,35.68,0
1393.483,52.84,0,0,35.68,0
1394.233,52.84,0,0,35.68,0
1394.983,52.84,0,0,35.68,0
1395.751,52.84,0,0,35.68,0
1396.501,52.84,0,0,35.68,0
1397.25,52.85,0,0,35.68,0
1397.983,52.85,0,0,35.68,0
1398.733,52.85,0,0,35.68,0
1399.501,52.85,0,0,35.68,0
1400.233,52.85,0,0,35.68,0
1401.001,52.85,0,0,35.68,0
1401.75,52.85,0,0,35.68,0
1402.501,52.85,0,0,35.68,0
1403.25,52.85,0,0,35.68,0
1403.983,52.85,0,0,35.68,0
1404.733,52.85,0,0,35.68,0
1405.501,52.85,0,0,35.68,0
1406.25,52.85,0,0,35.68,0
1407.001,52.85,0,0,35.68,0
1407.733,52.85,0,0,35.68,0
1408.483,52.85,0,0,35.68,0
1409.25,52.85,0,0,35.68,0
1409.983,52.85,0,0,35.68,0
1410.733,52.85,0,0,35.68,0
1411.483,52.85,0,0,35.68,0
1412.233,52.85,0,0,35.68,0
1412.983,52.85,0,0,35.68,0
1413.75,52.85,0,0,35.68,0
1414.483,52.85,0,0,35.68,0
1415.233,52.85,0,0,35.68,0
1415.983,52.85,0,0,35.68,0
1416.751,52.85,0,0,35.68,0
1417.501,52.85,0,0,35.68,0
1418.25,52.85,0,0,35.68,0
1419.001,52.85,0,0,35.68,0
1419.75,52.85,0,0,35.68,0
1420.483,52.85,0,0,35.68,0
1421.251,52.85,0,0,35.68,0
1422.001,52.85,0,0,35.68,0
1422.75,52.85,0,0,35.68,0
1423.501,52.85,0,0,35.68,0
1424.25,52.85,0,0,35.68,0
1425.001,52.85,0,0,35.68,0
1425.75,52.85,0,0,35.68,0
1426.483,52.85,0,0,35.68,0
1427.251,52.85,0,0,35.68,0
1428.001,52.85,0,0,35.68,0
1428.751,52.85,0,0,35.68,0
1429.501,52.85,0,0,35.68,0
1430.233,52.85,0,0,35.68,0
1431.001,52.85,0,0,35.68,0
1431.733,52.85,0,0,35.68,0
1432.501,52.85,0,0,35.68,0
1433.25,52.85,0,0,35.68,0
1434.001,52.86,0,0,35.68,0
1434.75,52.85,0,0,35.68,0
1435.501,52.85,0,0,35.68,0
1436.233,52.85,0,0,35.68,0
1437.001,52.86,0,0,35.68,0
1437.733,52.86,0,0,35.68,0
1438.501,52.85,0,0,35.68,0
1439.25,52.86,0,0,35.68,0
1439.983,52.86,0,0,35.68,0
1440.751,52.86,0,0,35.68,0
1441.501,52.86,0,0,35.68,0
1442.233,52.86,0,0,35.68,0
1442.983,52.86,0,0,35.68,0
1443.733,52.86,0,0,35.68,0
1444.483,52.86,0,0,35.68,0
1445.25,52.86,0,0,35.68,0
1445.983,52.86,0,0,35.68,0
1446.733,52.86,0,0,35.68,0
1447.483,52.86,0,0,35.68,0
1448.233,52.86,0,0,35.68,0
1449.001,52.86,0,0,35.68,0
1449.75,52.86,0,0,35.68,0
1450.501,52.86,0,0,35.68,0
1451.25,52.86,0,0,35.68,0
1452.001,52.86,0,0,35.68,0
1452.733,52.86,0,0,35.68,0
1453.501,52.86,0,0,35.68,0
1454.25,52.86,0,0,35.68,0
1454.983,52.86,0,0,35.68,0
1455.751,52.86,0,0,35.68,0
1456.501,52.86,0,0,35.68,0
1457.25,52.86,0,0,35.68,0
1457.983,52.86,0,0,35.68,0
1458.733,52.86,0,0,35.68,0
1459.501,52.86,0,0,35.68,0
1460.233,52.86,0,0,35.68,0
1460.983,52.86,0,0,35.68,0
1461.733,52.86,0,0,35.68,0
1462.501,52.86,0,0,35.68,0
1463.233,52.86,0,0,35.68,0
1464.001,52.86,0,0,35.68,0
1464.75,52.86,0,0,35.68,0
1465.483,52.86,0,0,35.68,0
1466.25,52.86,0,0,35.68,0
1466.983,52.86,0,0,35.68,0
1467.733,52.86,0,0,35.68,0
1468.501,52.86,0,0,35.68,0
1469.251,52.86,0,0,35.68,0
1470.001,52.86,0,0,35.68,0
1470.733,52.86,0,0,35.68,0
1471.483,52.86,0,0,35.68,0
1472.25,52.86,0,0,35.68,0
1473,52.86,0,0,35.68,0
1473.75,52.86,0,0,35.68,0
1474.5,52.86,0,0,35.68,0
1475.25,52.86,0,0,35.68,0
1475.983,52.86,0,0,35.68,0
1476.75,52.86,0,0,35.68,0
1477.5,52.86,0,0,35.68,0
1478.233,52.86,0,0,35.68,0
1479,52.86,0,0,35.68,0
1479.75,52.86,0,0,35.68,0
1480.483,52.86,0,0,35.68,0
1481.25,52.86,0,0,35.68,0
1481.983,52.86,0,0,35.68,0
1482.733,52.86,0,0,35.68,0
1483.483,52.86,0,0,35.68,0
1484.25,52.86,0,0,35.68,0
1485,52.86,0,0,35.68,0
1485.75,52.86,0,0,35.68,0
1486.483,52.86,0,0,35.68,0
1487.25,52.86,0,0,35.68,0
1487.983,52.86,0,0,35.68,0
1488.75,52.87,0,0,35.68,0
1489.5,52.87,0,0,35.68,0
1490.25,52.87,0,0,35.68,0
1491,52.87,0,0,35.68,0
1491.75,52.87,0,0,35.68,0
1492.5,52.87,0,0,35.68,0
1493.25,52.87,0,0,35.68,0
1494,52.87,0,0,35.68,0
1494.75,52.87,0,0,35.68,0
1495.483,52.87,0,0,35.68,0
1496.233,52.87,0,0,35.68,0
1497,52.87,0,0,35.68,0
1497.75,52.87,0,0,35.68,0
1498.483,52.87,0,0,35.68,0
1499.25,52.87,0,0,35.68,0
1500,52.87,0,0,35.68,0
1500.75,52.87,0,0,35.68,0
1501.5,52.87,0,0,35.68,0
1502.233,52.87,0,0,35.68,0
1502.983,52.87,0,0,35.68,0
1503.733,52.87,0,0,35.68,0
1504.5,52.87,0,0,35.68,0
1505.233,52.87,0,0,35.68,0
1505.983,52.87,0,0,35.68,0
1506.75,52.87,0,0,35.68,0
1507.5,52.87,0,0,35.68,0
1508.25,52.87,0,0,35.68,0
1509,52.87,0,0,35.68,0
1509.733,52.87,0,0,35.68,0
1510.483,52.87,0,0,35.68,0
1511.25,52.87,0,0,35.68,0
1512,52.87,0,0,35.68,0
1512.75,52.87,0,0,35.68,0
1513.483,52.87,0,0,35.68,0
1514.233,52.87,0,0,35.68,0
1514.983,52.87,0,0,35.68,0
1515.733,52.87,0,0,35.68,0
1516.5,52.87,0,0,35.68,0
1517.25,52.87,0,0,35.68,0
1518,52.87,0,0,35.68,0
1518.733,52.87,0,0,35.68,0
1519.483,52.87,0,0,35.68,0
1520.233,52.87,0,0,35.68,0
1521,52.87,0,0,35.68,0
1521.75,52.87,0,0,35.68,0
1522.5,52.87,0,0,35.68,0
1523.233,52.87,0,0,35.68,0
1524,52.87,0,0,35.68,0
1524.733,52.87,0,0,35.68,0
1525.483,52.88,0,0,35.68,0
1526.25,52.87,0,0,35.68,0
1527,52.87,0,0,35.68,0
1527.75,52.87,0,0,35.68,0
1528.5,52.88,0,0,35.68,0
1529.25,52.88,0,0,35.68,0
1529.983,52.88,0,0,35.68,0
1530.75,52.88,0,0,35.68,0
1531.483,52.87,0,0,35.68,0
1532.233,52.88,0,0,35.68,0
1532.983,52.88,0,0,35.68,0
1533.733,52.88,0,0,35.68,0
1534.5,52.88,0,0,35.68,0
1535.25,52.88,0,0,35.68,0
1536,52.88,0,0,35.68,0
1536.733,52.88,0,0,35.68,0
1537.483,52.88,0,0,35.68,0
1538.25,52.88,0,0,35.68,0
1538.983,52.88,0,0,35.68,0
1539.75,52.88,0,0,35.68,0
1540.5,52.88,0,0,35.68,0
1541.25,52.88,0,0,35.68,0
1541.983,52.88,0,0,35.68,0
1542.733,52.88,0,0,35.68,0
1543.5,52.88,0,0,35.68,0
1544.25,52.88,0,0,35.68,0
1545,52.88,0,0,35.68,0
1545.733,52.88,0,0,35.68,0
1546.5,52.88,0,0,35.68,0
1547.25,52.88,0,0,35.68,0
1547.983,52.88,0,0,35.68,0
1548.733,52.88,0,0,35.68,0
1549.5,52.88,0,0,35.68,0
1550.233,52.88,0,0,35.68,0
1550.983,52.88,0,0,35.68,0
1551.75,52.88,0,0,35.68,0
1552.5,52.88,0,0,35.68,0
1553.25,52.88,0,0,35.68,0
1554,52.88,0,0,35.68,0
1554.75,52.88,0,0,35.68,0
1555.5,52.88,0,0,35.68,0
1556.25,52.88,0,0,35.68,0
1556.983,52.88,0,0,35.68,0
1557.733,52.88,0,0,35.68,0
1558.483,52.88,0,0,35.68,0
1559.25,52.88,0,0,35.68,0
1560,52.88,0,0,35.68,0
1560.75,52.88,0,0,35.68,0
1561.5,52.88,0,0,35.68,0
1562.233,52.88,0,0,35.68,0
1563,52.88,0,0,35.68,0
1563.75,52.88,0,0,35.68,0
1564.5,52.88,0,0,35.68,0
1565.25,52.88,0,0,35.68,0
1566,52.88,0,0,35.68,0
1566.75,52.88,0,0,35.68,0
1567.483,52.88,0,0,35.68,0
1568.233,52.88,0,0,35.68,0
1568.983,52.88,0,0,35.68,0
1569.75,52.88,0,0,35.68,0
1570.5,52.88,0,0,35.68,0
1571.25,52.88,0,0,35.68,0
1571.983,52.88,0,0,35.68,0
1572.75,52.88,0,0,35.68,0
1573.483,52.88,0,0,35.68,0
1574.25,52.88,0,0,35.68,0
1574.983,52.88,0,0,35.68,0
1575.75,52.88,0,0,35.68,0
1576.483,52.88,0,0,35.68,0
1577.25,52.88,0,0,35.68,0
1577.983,52.88,0,0,35.68,0
1578.733,52.88,0,0,35.68,0
1579.5,52.88,0,0,35.68,0
1580.233,52.88,0,0,35.68,0
1581,52.88,0,0,35.68,0
1581.75,52.88,0,0,35.68,0
1582.501,52.88,0,0,35.68,0
1583.25,52.88,0,0,35.68,0
1584.001,52.88,0,0,35.68,0
1584.75,52.88,0,0,35.68,0
1585.483,52.88,0,0,35.68,0
1586.233,52.88,0,0,35.68,0
1586.983,52.88,0,0,35.68,0
1587.75,52.88,0,0,35.68,0
1588.483,52.88,0,0,35.68,0
1589.233,52.88,0,0,35.68,0
1589.983,52.88,0,0,35.68,0
1590.733,52.88,0,0,35.68,0
1591.483,52.88,0,0,35.68,0
1592.25,52.88,0,0,35.68,0
1592.983,52.88,0,0,35.68,0
1593.75,52.88,0,0,35.68,0
1594.501,52.88,0,0,35.68,0
1595.25,52.88,0,0,35.68,0
1596.001,52.88,0,0,35.68,0
1596.75,52.88,0,0,35.68,0
1597.483,52.88,0,0,35.68,0
1598.233,52.88,0,0,35.68,0
1598.983,52.88,0,0,35.68,0
1599.733,52.88,0,0,35.68,0
1600.501,52.88,0,0,35.68,0
