Timestamp,Voltage,Current,Power,Energy,Time (s),State
190,53.63,0,0,0,0.253333333,0
923,53.92,0,0,0,1.230666667,0
1689,53.94,0,0,0,2.252,0
2423,53.95,0,0,0,3.230666667,0
3173,53.97,0,0,0,4.230666667,0
3939,53.97,0,0,0,5.252,0
4689,53.97,0,0,0,6.252,0
5439,53.97,0,0,0,7.252,0
6189,53.97,0,0,0,8.252,0
6939,53.98,0,0,0,9.252,0
7673,53.98,0,0,0,10.23066667,0
8439,53.98,0,0,0,11.252,0
9189,53.98,0,0,0,12.252,0
9939,53.98,0,0,0,13.252,0
10689,53.98,0,0,0,14.252,0
11439,53.98,0,0,0,15.252,0
12189,53.98,0,0,0,16.252,0
12939,53.98,0,0,0,17.252,0
13689,53.98,0,0,0,18.252,0
14439,53.98,0,0,0,19.252,0
15189,53.98,0,0,0,20.252,0
15939,53.98,0,0,0,21.252,0
16689,53.98,0,0,0,22.252,0
17439,53.98,0,0,0,23.252,0
18173,53.98,0,0,0,24.23066667,0
18939,53.98,0,0,0,25.252,0
19689,53.98,0,0,0,26.252,0
20439,53.98,0,0,0,27.252,0
21189,53.98,0,0,0,28.252,0
21939,53.98,0,0,0,29.252,0
22689,53.98,0,0,0,30.252,0
23439,53.98,0,0,0,31.252,0
24189,53.98,0,0,0,32.252,0
24923,53.98,0,0,0,33.23066667,0
25689,53.98,0,0,0,34.252,0
26439,53.98,0,0,0,35.252,0
27189,53.98,0,0,0,36.252,0
27923,53.98,0,0,0,37.23066667,0
28689,53.98,0,0,0,38.252,0
29423,53.98,0,0,0,39.23066667,0
30189,53.98,0,0,0,40.252,0
30939,53.98,0,0,0,41.252,0
31673,53.98,0,0,0,42.23066667,0
32423,53.98,0,0,0,43.23066667,0
33173,53.98,0,0,0,44.23066667,0
33939,53.98,0,0,0,45.252,0
34673,53.98,0,0,0,46.23066667,0
35423,53.98,0,0,0,47.23066667,0
36189,53.98,0,0,0,48.252,0
36923,53.98,0,0,0,49.23066667,0
37673,53.98,0,0,0,50.23066667,0
38423,53.98,0,0,0,51.23066667,0
39173,53.98,0,0,0,52.23066667,0
39923,53.98,0,0,0,53.23066667,0
40673,53.98,0,0,0,54.23066667,0
41439,53.98,0,0,0,55.252,0
42173,53.98,0,0,0,56.23066667,0
42939,53.98,0,0,0,57.252,0
43689,53.98,0,0,0,58.252,0
44439,53.98,0,0,0,59.252,0
45189,53.98,0,0,0,60.252,0
45923,53.98,0,0,0,61.23066667,0
46689,53.98,0,0,0,62.252,0
47439,53.98,0,0,0,63.252,0
48189,53.98,0,0,0,64.252,0
48939,53.98,0,0,0,65.252,0
49689,53.98,0,0,0,66.252,0
50423,53.99,0,0,0,67.23066667,0
51189,53.99,0,0,0,68.252,0
51923,53.98,0,0,0,69.23066667,0
52689,53.98,0,0,0,70.252,0
53423,53.99,0,0,0,71.23066667,0
54173,53.98,0,0,0,72.23066667,0
54939,53.98,0,0,0,73.252,0
55673,53.99,0,0,0,74.23066667,0
56423,53.98,0,0,0,75.23066667,0
57189,53.98,0,0,0,76.252,0
57923,53.99,0,0,0,77.23066667,0
58673,53.98,0,0,0,78.23066667,0
59439,53.98,0,0,0,79.252,0
60189,53.98,0,0,0,80.252,0
60939,53.99,0,0,0,81.252,0
61689,53.99,0,0,0,82.252,0
62439,53.99,0,0,0,83.252,0
63173,53.99,0,0,0,84.23066667,0
63939,53.99,0,0,0,85.252,0
64689,53.99,0,0,0,86.252,0
65439,53.99,0,0,0,87.252,0
66173,53.99,0,0,0,88.23066667,0
66923,53.99,0,0,0,89.23066667,0
67673,53.99,0,0,0,90.23066667,0
68439,53.98,0,0,0,91.252,0
69189,53.99,0,0,0,92.252,0
69939,53.99,0,0,0,93.252,0
70689,53.99,0,0,0,94.252,0
71423,53.99,0,0,0,95.23066667,0
72173,53.99,0,0,0,96.23066667,0
72939,53.99,0,0,0,97.252,0
73689,53.99,0,0,0,98.252,0
74439,53.99,0,0,0,99.252,0
75189,53.99,0,0,0,100.252,0
75939,53.99,0,0,0,101.252,0
76673,53.99,0,0,0,102.2306667,0
77439,53.99,0,0,0,103.252,0
78173,53.99,0,0,0,104.2306667,0
78923,53.99,0,0,0,105.2306667,0
79673,53.99,0,0,0,106.2306667,0
80423,53.99,0,0,0,107.2306667,0
81173,53.99,0,0,0,108.2306667,0
81939,53.99,0,0,0,109.252,0
82689,53.99,0,0,0,110.252,0
83439,53.99,0,0,0,111.252,0
84189,53.99,0,0,0,112.252,0
84939,53.99,0,0,0,113.252,0
85689,53.99,0,0,0,114.252,0
86439,53.99,0,0,0,115.252,0
87189,53.99,0,0,0,116.252,0
87923,53.99,0,0,0,117.2306667,0
88673,53.99,0,0,0,118.2306667,0
89439,53.99,0,0,0,119.252,0
90189,53.99,0,0,0,120.252,0
90939,53.99,0,0,0,121.252,0
91689,53.99,0,0,0,122.252,0
92423,53.99,0,0,0,123.2306667,0
93189,53.99,0,0,0,124.252,0
93923,53.99,0,0,0,125.2306667,0
94689,53.99,0,0,0,126.252,0
95423,53.99,0,0,0,127.2306667,0
96189,53.99,0,0,0,128.252,0
96939,53.99,0,0,0,129.252,0
97689,53.99,0,0,0,130.252,0
98439,53.99,0,0,0,131.252,0
99173,53.99,0,0,0,132.2306667,0
99939,53.99,0,0,0,133.252,0
100689,53.99,0,0,0,134.252,0
101439,53.99,0,0,0,135.252,0
102173,53.99,0,0,0,136.2306667,0
102939,53.99,0,0,0,137.252,0
103673,53.99,0,0,0,138.2306667,0
104439,53.99,0,0,0,139.252,0
105189,53.99,0,0,0,140.252,0
105939,53.99,0,0,0,141.252,0
106689,53.99,0,0,0,142.252,0
107423,53.99,0,0,0,143.2306667,0
108189,53.99,0,0,0,144.252,0
108939,53.99,0,0,0,145.252,0
109689,53.99,0,0,0,146.252,0
110439,53.99,0,0,0,147.252,0
111173,53.99,0,0,0,148.2306667,0
111939,53.99,0,0,0,149.252,0
112689,53.99,0,0,0,150.252,0
113423,53.99,0,0,0,151.2306667,0
114189,53.99,0,0,0,152.252,0
114939,53.99,0,0,0,153.252,0
115689,53.99,0,0,0,154.252,0
116423,53.99,0,0,0,155.2306667,0
117189,53.99,0,0,0,156.252,0
117939,53.99,0,0,0,157.252,0
118689,53.99,0,0,0,158.252,0
119439,53.99,0,0,0,159.252,0
120189,53.99,0,0,0,160.252,0
120923,53.99,0,0,0,161.2306667,0
121689,53.99,0,0,0,162.252,0
122439,53.99,0,0,0,163.252,0
123173,53.99,0,0,0,164.2306667,0
123939,53.99,0,0,0,165.252,0
124689,53.99,0,0,0,166.252,0
125423,53.99,0,0,0,167.2306667,0
126189,53.99,0,0,0,168.252,0
126939,53.99,0,0,0,169.252,0
127689,53.99,0,0,0,170.252,0
128439,53.99,0,0,0,171.252,0
129173,53.99,0,0,0,172.2306667,0
129923,53.99,0,0,0,173.2306667,0
130673,53.99,0,0,0,174.2306667,0
131439,53.99,0,0,0,175.252,0
132189,53.99,0,0,0,176.252,0
132939,53.99,0,0,0,177.252,0
133673,53.99,0,0,0,178.2306667,0
134439,53.99,0,0,0,179.252,0
135189,53.99,0,0,0,180.252,0
135923,53.99,0,0,0,181.2306667,0
136673,53.99,0,0,0,182.2306667,0
137423,53.99,0,0,0,183.2306667,0
138189,53.99,0,0,0,184.252,0
138939,53.99,0,0,0,185.252,0
139689,53.99,0,0,0,186.252,0
140423,53.99,0,0,0,187.2306667,0
141189,53.99,0,0,0,188.252,0
141939,53.99,0,0,0,189.252,0
142673,53.99,0,0,0,190.2306667,0
143439,53.99,0,0,0,191.252,0
144189,53.99,0,0,0,192.252,0
144923,53.99,0,0,0,193.2306667,0
145689,53.99,0,0,0,194.252,0
146439,53.99,0,0,0,195.252,0
147173,53.99,0,0,0,196.2306667,0
147939,53.99,0,0,0,197.252,0
148673,53.99,0,0,0,198.2306667,0
149439,53.99,0,0,0,199.252,0
150173,53.99,0,0,0,200.2306667,0
150939,53.99,0,0,0,201.252,0
151673,53.99,0,0,0,202.2306667,0
152439,53.99,0,0,0,203.252,0
153173,53.99,0,0,0,204.2306667,0
153923,53.99,0,0,0,205.2306667,0
154673,53.99,0,0,0,206.2306667,0
155439,53.99,0,0,0,207.252,0
156189,53.99,0,0,0,208.252,0
156939,53.99,0,0,0,209.252,0
157673,53.99,0,0,0,210.2306667,0
158423,53.99,0,0,0,211.2306667,0
159173,53.99,0,0,0,212.2306667,0
159923,53.99,0,0,0,213.2306667,0
160689,53.99,0,0,0,214.252,0
161439,53.99,0,0,0,215.252,0
162173,53.99,0,0,0,216.2306667,0
162939,53.99,0,0,0,217.252,0
163689,53.99,0,0,0,218.252,0
164423,53.99,0,0,0,219.2306667,0
165189,53.99,0,0,0,220.252,0
165923,53.99,0,0,0,221.2306667,0
166673,53.99,0,0,0,222.2306667,0
167439,53.99,0,0,0,223.252,0
168173,53.99,0,0,0,224.2306667,0
168939,53.99,0,0,0,225.252,0
169673,53.99,0,0,0,226.2306667,0
170439,53.99,0,0,0,227.252,0
171173,53.99,0,0,0,228.2306667,0
171923,53.99,0,0,0,229.2306667,0
172689,53.99,0,0,0,230.252,0
173423,53.99,0,0,0,231.2306667,0
174173,53.99,0,0,0,232.2306667,0
174923,53.99,0,0,0,233.2306667,0
175689,53.99,0,0,0,234.252,0
176423,53.99,0,0,0,235.2306667,0
177189,53.99,0,0,0,236.252,0
177923,53.99,0,0,0,237.2306667,0
178689,53.99,0,0,0,238.252,0
179439,53.99,0,0,0,239.252,0
180189,53.99,0,0,0,240.252,0
180939,53.99,0,0,0,241.252,0
181673,53.99,0,0,0,242.2306667,0
182423,53.99,0,0,0,243.2306667,0
183189,53.99,0,0,0,244.252,0
183939,53.99,0,0,0,245.252,0
184673,53.99,0,0,0,246.2306667,0
185439,53.99,0,0,0,247.252,0
186173,53.99,0,0,0,248.2306667,0
186923,53.99,0,0,0,249.2306667,0
187673,53.99,0,0,0,250.2306667,0
188423,53.99,0,0,0,251.2306667,0
189189,53.99,0,0,0,252.252,0
189923,53.99,0,0,0,253.2306667,0
190689,53.99,0,0,0,254.252,0
191439,53.99,0,0,0,255.252,0
192173,53.99,0,0,0,256.2306667,0
192923,53.99,0,0,0,257.2306667,0
193689,53.99,0,0,0,258.252,0
194423,53.99,0,0,0,259.2306667,0
195189,53.99,0,0,0,260.252,0
195939,53.99,0,0,0,261.252,0
196689,53.99,0,0,0,262.252,0
197423,53.99,0,0,0,263.2306667,0
198189,53.99,0,0,0,264.252,0
198939,53.99,0,0,0,265.252,0
199689,53.99,0,0,0,266.252,0
200439,53.99,0,0,0,267.252,0
201189,53.99,0,0,0,268.252,0
201939,53.99,0,0,0,269.252,0
202689,53.99,0,0,0,270.252,0
203423,53.99,0,0,0,271.2306667,0
204173,53.99,0,0,0,272.2306667,0
204923,53.99,0,0,0,273.2306667,0
205673,53.99,0,0,0,274.2306667,0
206439,53.99,0,0,0,275.252,0
207173,53.99,0,0,0,276.2306667,0
207939,53.99,0,0,0,277.252,0
208689,53.99,0,0,0,278.252,0
209439,53.99,0,0,0,279.252,0
210189,53.99,0,0,0,280.252,0
210923,53.99,0,0,0,281.2306667,0
211673,53.99,0,0,0,282.2306667,0
212423,53.99,0,0,0,283.2306667,0
213173,53.99,0,0,0,284.2306667,0
213939,53.99,0,0,0,285.252,0
214689,53.99,0,0,0,286.252,0
215439,53.99,0,0,0,287.252,0
216173,53.99,0,0,0,288.2306667,0
216939,53.99,0,0,0,289.252,0
217673,53.99,0,0,0,290.2306667,0
218423,53.99,0,0,0,291.2306667,0
219173,53.99,0,0,0,292.2306667,0
219939,53.99,0,0,0,293.252,0
220689,53.99,0,0,0,294.252,0
221439,53.99,0,0,0,295.252,0
222173,53.99,0,0,0,296.2306667,0
222923,53.99,0,0,0,297.2306667,0
223673,53.99,0,0,0,298.2306667,0
224423,53.99,0,0,0,299.2306667,0
225173,53.99,0,0,0,300.2306667,0
225939,53.99,0,0,0,301.252,0
226689,53.99,0,0,0,302.252,0
227439,53.99,0,0,0,303.252,0
228189,53.99,0,0,0,304.252,0
228939,53.99,0,0,0,305.252,0
229689,53.99,0,0,0,306.252,0
230439,53.99,0,0,0,307.252,0
231189,53.99,0,0,0,308.252,0
231939,53.99,0,0,0,309.252,0
232673,53.99,0,0,0,310.2306667,0
233423,53.99,0,0,0,311.2306667,0
234189,53.99,0,0,0,312.252,0
234923,53.99,0,0,0,313.2306667,0
235689,53.99,0,0,0,314.252,0
236423,53.99,0,0,0,315.2306667,0
237189,53.99,0,0,0,316.252,0
237923,53.99,0,0,0,317.2306667,0
238689,53.99,0,0,0,318.252,0
239439,53.99,0,0,0,319.252,0
240189,53.99,0,0,0,320.252,0
240939,53.99,0,0,0,321.252,0
241689,53.99,0,0,0,322.252,0
242439,53.99,0,0,0,323.252,0
243189,53.99,0,0,0,324.252,0
243923,53.99,0,0,0,325.2306667,0
244689,53.99,0,0,0,326.252,0
245423,53.99,0,0,0,327.2306667,0
246189,53.99,0,0,0,328.252,0
246939,53.99,0,0,0,329.252,0
247673,53.99,0,0,0,330.2306667,0
248423,53.99,0,0,0,331.2306667,0
249189,53.99,0,0,0,332.252,0
249939,53.99,0,0,0,333.252,0
250689,53.99,0,0,0,334.252,0
251439,53.99,0,0,0,335.252,0
252189,53.99,0,0,0,336.252,0
252923,53.99,0,0,0,337.2306667,0
253673,53.99,0,0,0,338.2306667,0
254423,53.99,0,0,0,339.2306667,0
255173,53.99,0,0,0,340.2306667,0
255939,53.99,0,0,0,341.252,0
256673,53.99,0,0,0,342.2306667,0
257439,53.99,0,0,0,343.252,0
258189,53.99,0,0,0,344.252,0
258939,53.99,0,0,0,345.252,0
259673,53.99,0,0,0,346.2306667,0
260439,53.99,0,0,0,347.252,0
261173,53.99,0,0,0,348.2306667,0
261939,53.99,0,0,0,349.252,0
262689,53.99,0,0,0,350.252,0
263439,53.99,0,0,0,351.252,0
264173,53.99,0,0,0,352.2306667,0
264939,53.99,0,0,0,353.252,0
265689,53.99,0,0,0,354.252,0
266439,53.99,0,0,0,355.252,0
267189,53.99,0,0,0,356.252,0
267939,53.99,0,0,0,357.252,0
268673,53.99,0,0,0,358.2306667,0
269439,53.99,0,0,0,359.252,0
270173,53.99,0,0,0,360.2306667,0
270939,53.99,0,0,0,361.252,0
271673,53.99,0,0,0,362.2306667,0
272439,53.99,0,0,0,363.252,0
273173,53.99,0,0,0,364.2306667,0
273923,53.99,0,0,0,365.2306667,0
274673,53.99,0,0,0,366.2306667,0
275439,53.99,0,0,0,367.252,0
276173,53.99,0,0,0,368.2306667,0
276939,53.99,0,0,0,369.252,0
277689,53.99,0,0,0,370.252,0
278439,53.99,0,0,0,371.252,0
279189,53.99,0,0,0,372.252,0
279939,53.99,0,0,0,373.252,0
280689,53.99,0,0,0,374.252,0
281439,53.99,0,0,0,375.252,0
282173,53.99,0,0,0,376.2306667,0
282939,53.99,0,0,0,377.252,0
283689,53.99,0,0,0,378.252,0
284439,53.99,0,0,0,379.252,0
285189,53.99,0,0,0,380.252,0
285939,53.99,0,0,0,381.252,0
286689,53.99,0,0,0,382.252,0
287423,53.99,0,0,0,383.2306667,0
288189,53.99,0,0,0,384.252,0
288923,53.99,0,0,0,385.2306667,0
289673,53.99,0,0,0,386.2306667,0
290439,53.99,0,0,0,387.252,0
291189,53.99,0,0,0,388.252,0
291939,53.99,0,0,0,389.252,0
292673,53.99,0,0,0,390.2306667,0
293423,53.99,0,0,0,391.2306667,0
294173,53.99,0,0,0,392.2306667,0
294939,53.99,0,0,0,393.252,0
295689,53.99,0,0,0,394.252,0
296439,53.99,0,0,0,395.252,0
297189,53.99,0,0,0,396.252,0
297939,53.99,0,0,0,397.252,0
298689,53.99,0,0,0,398.252,0
299423,53.99,0,0,0,399.2306667,0
300189,53.99,0,0,0,400.252,0
300939,53.99,0,0,0,401.252,0
301689,53.99,0,0,0,402.252,0
302439,53.99,0,0,0,403.252,0
303189,53.99,0,0,0,404.252,0
303939,53.99,0,0,0,405.252,0
304673,53.99,0,0,0,406.2306667,0
305439,53.99,0,0,0,407.252,0
306173,53.99,0,0,0,408.2306667,0
306939,53.99,0,0,0,409.252,0
307673,53.99,0,0,0,410.2306667,0
308423,53.99,0,0,0,411.2306667,0
309189,53.99,0,0,0,412.252,0
309923,53.99,0,0,0,413.2306667,0
310689,53.99,0,0,0,414.252,0
311423,53.99,0,0,0,415.2306667,0
312173,53.99,0,0,0,416.2306667,0
312939,53.99,0,0,0,417.252,0
313689,53.99,0,0,0,418.252,0
314423,53.99,0,0,0,419.2306667,0
315173,53.99,0,0,0,420.2306667,0
315939,53.99,0,0,0,421.252,0
316689,53.99,0,0,0,422.252,0
317423,53.99,0,0,0,423.2306667,0
318173,53.99,0,0,0,424.2306667,0
318923,53.99,0,0,0,425.2306667,0
319673,53.99,0,0,0,426.2306667,0
320423,53.99,0,0,0,427.2306667,0
321173,53.99,0,0,0,428.2306667,0
321923,53.99,0,0,0,429.2306667,0
322689,53.99,0,0,0,430.252,0
323439,53.99,0,0,0,431.252,0
324173,53.99,0,0,0,432.2306667,0
324923,53.99,0,0,0,433.2306667,0
325673,53.99,0,0,0,434.2306667,0
326439,53.99,0,0,0,435.252,0
327173,53.99,0,0,0,436.2306667,0
327923,53.99,0,0,0,437.2306667,0
328689,53.99,0,0,0,438.252,0
329439,53.99,0,0,0,439.252,0
330173,53.99,0,0,0,440.2306667,0
330939,53.99,0,0,0,441.252,0
331673,53.99,0,0,0,442.2306667,0
332439,53.99,0,0,0,443.252,0
333189,53.99,0,0,0,444.252,0
333939,53.99,0,0,0,445.252,0
334673,53.99,0,0,0,446.2306667,0
335423,53.99,0,0,0,447.2306667,0
336173,53.99,0,0,0,448.2306667,0
336923,53.99,0,0,0,449.2306667,0
337673,53.99,0,0,0,450.2306667,0
338439,53.99,0,0,0,451.252,0
339173,53.99,0,0,0,452.2306667,0
339923,53.99,0,0,0,453.2306667,0
340673,53.99,0,0,0,454.2306667,0
341439,53.99,0,0,0,455.252,0
342173,53.99,0,0,0,456.2306667,0
342923,53.99,0,0,0,457.2306667,0
343689,53.99,0,0,0,458.252,0
344423,53.99,0,0,0,459.2306667,0
345173,53.99,0,0,0,460.2306667,0
345923,53.99,0,0,0,461.2306667,0
346689,53.99,0,0,0,462.252,0
347439,53.99,0,0,0,463.252,0
348173,53.99,0,0,0,464.2306667,0
348939,53.99,0,0,0,465.252,0
349673,53.99,0,0,0,466.2306667,0
350439,53.99,0,0,0,467.252,0
351189,53.99,0,0,0,468.252,0
351923,53.99,0,0,0,469.2306667,0
352673,53.99,0,0,0,470.2306667,0
353439,53.99,0,0,0,471.252,0
354173,53.99,0,0,0,472.2306667,0
354939,53.99,0,0,0,473.252,0
355673,53.99,0,0,0,474.2306667,0
356423,53.99,0,0,0,475.2306667,0
357189,53.99,0,0,0,476.252,0
357923,53.99,0,0,0,477.2306667,0
358673,53.99,0,0,0,478.2306667,0
359439,53.99,0,0,0,479.252,0
360189,53.99,0,0,0,480.252,0
360923,53.99,0,0,0,481.2306667,0
361673,53.99,0,0,0,482.2306667,0
362439,53.99,0,0,0,483.252,0
363173,53.99,0,0,0,484.2306667,0
363939,53.99,0,0,0,485.252,0
364673,53.99,0,0,0,486.2306667,0
365439,53.99,0,0,0,487.252,0
366189,53.99,0,0,0,488.252,0
366939,53.99,0,0,0,489.252,0
367673,53.99,0,0,0,490.2306667,0
368439,53.99,0,0,0,491.252,0
369173,53.99,0,0,0,492.2306667,0
369923,53.99,0,0,0,493.2306667,0
370689,53.99,0,0,0,494.252,0
371423,53.99,0,0,0,495.2306667,0
372173,53.99,0,0,0,496.2306667,0
372939,53.99,0,0,0,497.252,0
373673,53.99,0,0,0,498.2306667,0
374439,53.99,0,0,0,499.252,0
375173,53.99,0,0,0,500.2306667,0
375939,53.99,0,0,0,501.252,0
376689,53.99,0,0,0,502.252,0
377439,53.99,0,0,0,503.252,0
378173,53.99,0,0,0,504.2306667,0
378923,53.99,0,0,0,505.2306667,0
379689,53.99,0,0,0,506.252,0
380439,53.99,0,0,0,507.252,0
381173,53.99,0,0,0,508.2306667,0
381939,53.99,0,0,0,509.252,0
382689,53.99,0,0,0,510.252,0
383423,53.99,0,0,0,511.2306667,0
384189,53.99,0,0,0,512.252,0
384939,53.99,0,0,0,513.252,0
385689,53.99,0,0,0,514.252,0
386423,53.99,0,0,0,515.2306667,0
387173,53.99,0,0,0,516.2306667,0
387923,53.99,0,0,0,517.2306667,0
388689,53.99,0,0,0,518.252,0
389439,53.99,0,0,0,519.252,0
390189,53.99,0,0,0,520.252,0
390939,53.99,0,0,0,521.252,0
391689,53.99,0,0,0,522.252,0
392439,53.99,0,0,0,523.252,0
393189,53.99,0,0,0,524.252,0
393923,53.99,0,0,0,525.2306667,0
394689,53.99,0,0,0,526.252,0
395423,53.99,0,0,0,527.2306667,0
396189,53.99,0,0,0,528.252,0
396939,53.99,0,0,0,529.252,0
397673,53.99,0,0,0,530.2306667,0
398423,53.99,0,0,0,531.2306667,0
399173,53.99,0,0,0,532.2306667,0
399923,53.99,0,0,0,533.2306667,0
400673,53.99,0,0,0,534.2306667,0
401439,53.99,0,0,0,535.252,0
402173,53.99,0,0,0,536.2306667,0
402939,53.99,0,0,0,537.252,0
403689,53.99,0,0,0,538.252,0
404423,53.99,0,0,0,539.2306667,0
405189,53.99,0,0,0,540.252,0
405939,53.99,0,0,0,541.252,0
406673,53.99,0,0,0,542.2306667,0
407439,53.99,0,0,0,543.252,0
408189,53.99,0,0,0,544.252,0
408939,53.99,0,0,0,545.252,0
409673,53.99,0,0,0,546.2306667,0
410423,53.99,0,0,0,547.2306667,0
411189,53.99,0,0,0,548.252,0
411923,53.99,0,0,0,549.2306667,0
412689,53.99,0,0,0,550.252,0
413423,53.99,0,0,0,551.2306667,0
414173,53.99,0,0,0,552.2306667,0
414923,53.99,0,0,0,553.2306667,0
415673,53.99,0,0,0,554.2306667,0
416423,53.99,0,0,0,555.2306667,0
417189,53.99,0,0,0,556.252,0
417923,53.99,0,0,0,557.2306667,0
418689,53.99,0,0,0,558.252,0
419439,53.99,0,0,0,559.252,0
420189,53.99,0,0,0,560.252,0
420939,53.99,0,0,0,561.252,0
421673,53.99,0,0,0,562.2306667,0
422423,53.99,0,0,0,563.2306667,0
423189,53.99,0,0,0,564.252,0
423939,53.99,0,0,0,565.252,0
424689,53.99,0,0,0,566.252,0
425439,53.99,0,0,0,567.252,0
426189,53.99,0,0,0,568.252,0
426939,53.99,0,0,0,569.252,0
427673,53.99,0,0,0,570.2306667,0
428423,53.99,0,0,0,571.2306667,0
429173,53.99,0,0,0,572.2306667,0
429923,53.99,0,0,0,573.2306667,0
430689,53.99,0,0,0,574.252,0
431439,53.99,0,0,0,575.252,0
432173,53.99,0,0,0,576.2306667,0
432939,53.99,0,0,0,577.252,0
433689,53.99,0,0,0,578.252,0
434439,53.99,0,0,0,579.252,0
435189,53.99,0,0,0,580.252,0
435923,53.99,0,0,0,581.2306667,0
436673,53.99,0,0,0,582.2306667,0
437423,53.99,0,0,0,583.2306667,0
438189,53.99,0,0,0,584.252,0
438939,53.99,0,0,0,585.252,0
439673,53.99,0,0,0,586.2306667,0
440439,53.99,0,0,0,587.252,0
441173,53.99,0,0,0,588.2306667,0
441939,53.99,0,0,0,589.252,0
442689,53.99,0,0,0,590.252,0
443423,53.97,0,0,0.01,591.2306667,0
444189,53.97,0,0,0.01,592.252,0
444923,53.97,0,0,0.01,593.2306667,0
445689,53.97,0,0,0.01,594.252,0
446439,53.97,0,0,0.01,595.252,0
447189,53.97,0,0,0.01,596.252,0
447939,53.97,0,0,0.01,597.252,0
448673,53.97,0,0,0.01,598.2306667,0
449439,53.97,0,0,0.01,599.252,0
450189,53.97,0,0,0.01,600.252,0
450939,53.97,0,0,0.01,601.252,0
451673,53.97,0,0,0.01,602.2306667,0
452439,53.97,0,0,0.01,603.252,0
453189,53.97,0,0,0.01,604.252,0
453939,53.97,0,0,0.01,605.252,0
454673,53.97,0,0,0.01,606.2306667,0
455423,53.97,0,0,0.01,607.2306667,0
456173,53.97,0,0,0.01,608.2306667,0
456939,53.97,0,0,0.01,609.252,0
457689,53.97,0,0,0.01,610.252,0
458439,53.97,0,0,0.01,611.252,0
459173,53.97,0,0,0.01,612.2306667,0
459939,53.97,0,0,0.01,613.252,0
460689,53.97,0,0,0.01,614.252,0
461439,53.97,0,0,0.01,615.252,0
462189,53.97,0,0,0.01,616.252,0
462939,53.97,0,0,0.01,617.252,0
463673,53.97,0,0,0.01,618.2306667,0
464439,53.97,0,0,0.01,619.252,0
465189,53.97,0,0,0.01,620.252,0
465923,53.97,0,0,0.01,621.2306667,0
466673,53.97,0,0,0.01,622.2306667,0
467439,53.97,0,0,0.01,623.252,0
468189,53.97,0,0,0.01,624.252,0
468939,53.97,0,0,0.01,625.252,0
469673,53.97,0,0,0.01,626.2306667,0
470439,53.97,0,0,0.01,627.252,0
471189,53.97,0,0,0.01,628.252,0
471939,53.37,2.27,121.09,0.02,629.252,1
472689,52.22,6.27,327.54,0.19,630.252,1
473423,43.57,45.04,1962.41,0.57,631.2306667,1
474189,44.98,34.47,1550.51,1.84,632.252,1
474939,47.57,22.23,1057.63,2.79,633.252,1
475673,50.74,8.96,454.44,3.41,634.2306667,1
476439,50.49,9.92,501.04,3.88,635.252,1
477189,51.29,6.89,353.49,4.2,636.252,1
477923,53.18,0,0,4.27,637.2306667,0
478689,53.3,0,0,4.27,638.252,0
479423,53.36,0,0,4.27,639.2306667,0
480173,53.41,0,0,4.27,640.2306667,0
480939,53.45,0,0,4.27,641.252,0
481689,53.48,0,0,4.27,642.252,0
482439,53.51,0,0,4.27,643.252,0
483173,53.53,0,0,4.27,644.2306667,0
483923,53.54,0,0,4.27,645.2306667,0
484673,53.56,0,0,4.27,646.2306667,0
485439,53.57,0,0,4.27,647.252,0
486189,53.58,0,0,4.27,648.252,0
486939,53.59,0,0,4.27,649.252,0
487673,53.6,0,0,4.27,650.2306667,0
488439,53.61,0,0,4.27,651.252,0
489173,53.62,0,0,4.27,652.2306667,0
489923,53.63,0,0,4.27,653.2306667,0
490673,53.64,0,0,4.27,654.2306667,0
491439,53.64,0,0,4.27,655.252,0
492189,53.65,0,0,4.27,656.252,0
492939,53.66,0,0,4.27,657.252,0
493689,53.66,0,0,4.27,658.252,0
494423,53.66,0,0,4.27,659.2306667,0
495189,53.67,0,0,4.27,660.252,0
495923,53.67,0,0,4.27,661.2306667,0
496689,53.68,0,0,4.27,662.252,0
497423,53.68,0,0,4.27,663.2306667,0
498189,53.68,0,0,4.27,664.252,0
498923,53.69,0,0,4.27,665.2306667,0
499689,53.69,0,0,4.27,666.252,0
500423,53.69,0,0,4.27,667.2306667,0
501173,53.69,0,0,4.27,668.2306667,0
501939,53.7,0,0,4.27,669.252,0
502689,53.7,0,0,4.27,670.252,0
503423,53.7,0,0,4.27,671.2306667,0
504189,53.7,0,0,4.27,672.252,0
504923,53.71,0,0,4.27,673.2306667,0
505689,53.71,0,0,4.27,674.252,0
506439,53.71,0,0,4.27,675.252,0
507173,53.71,0,0,4.27,676.2306667,0
507923,53.71,0,0,4.27,677.2306667,0
508673,53.71,0,0,4.27,678.2306667,0
509439,53.72,0,0,4.27,679.252,0
510189,53.72,0,0,4.27,680.252,0
510939,53.72,0,0,4.27,681.252,0
511689,53.72,0,0,4.27,682.252,0
512423,53.72,0,0,4.27,683.2306667,0
513189,53.72,0,0,4.27,684.252,0
513939,53.72,0,0,4.27,685.252,0
514689,53.73,0,0,4.27,686.252,0
515439,53.73,0,0,4.27,687.252,0
516189,53.73,0,0,4.27,688.252,0
516939,53.73,0,0,4.27,689.252,0
517689,53.73,0,0,4.27,690.252,0
518439,53.73,0,0,4.27,691.252,0
519173,53.73,0,0,4.27,692.2306667,0
519939,53.73,0,0,4.27,693.252,0
520689,53.73,0,0,4.27,694.252,0
521423,53.73,0,0,4.27,695.2306667,0
522189,53.73,0,0,4.27,696.252,0
522939,53.73,0,0,4.27,697.252,0
523689,53.74,0,0,4.27,698.252,0
524423,53.74,0,0,4.27,699.2306667,0
525173,53.74,0,0,4.27,700.2306667,0
525939,53.74,0,0,4.27,701.252,0
526689,53.74,0,0,4.27,702.252,0
527439,53.74,0,0,4.27,703.252,0
528189,53.74,0,0,4.27,704.252,0
528923,53.74,0,0,4.27,705.2306667,0
529673,53.74,0,0,4.27,706.2306667,0
530439,53.74,0,0,4.27,707.252,0
531173,49.69,16.26,808.08,4.47,708.2306667,1
531939,49.2,16.89,830.83,5.23,709.252,1
532689,53.29,0,0,5.56,710.252,0
533423,53.43,0,0,5.56,711.2306667,0
534189,53.5,0,0,5.56,712.252,0
534939,53.53,0,0,5.56,713.252,0
535689,53.56,0,0,5.56,714.252,0
536423,53.58,0,0,5.56,715.2306667,0
537173,53.59,0,0,5.56,716.2306667,0
537939,53.6,0,0,5.56,717.252,0
538673,53.61,0,0,5.56,718.2306667,0
539423,53.62,0,0,5.56,719.2306667,0
540173,53.63,0,0,5.56,720.2306667,0
540939,53.63,0,0,5.56,721.252,0
541689,53.64,0,0,5.56,722.252,0
542439,53.64,0,0,5.56,723.252,0
543173,53.64,0,0,5.56,724.2306667,0
543923,53.65,0,0,5.56,725.2306667,0
544689,53.65,0,0,5.56,726.252,0
545439,53.65,0,0,5.56,727.252,0
546189,53.66,0,0,5.56,728.252,0
546923,53.66,0,0,5.56,729.2306667,0
547689,53.66,0,0,5.56,730.252,0
548423,53.66,0,0,5.56,731.2306667,0
549189,53.67,0,0,5.56,732.252,0
549923,53.67,0,0,5.56,733.2306667,0
550689,53.67,0,0,5.56,734.252,0
551423,53.67,0,0,5.56,735.2306667,0
552189,53.67,0,0,5.56,736.252,0
552939,53.68,0,0,5.56,737.252,0
553673,53.68,0,0,5.56,738.2306667,0
554439,53.68,0,0,5.56,739.252,0
555189,53.68,0,0,5.56,740.252,0
555939,53.68,0,0,5.56,741.252,0
556689,53.68,0,0,5.56,742.252,0
557439,53.68,0,0,5.56,743.252,0
558189,53.68,0,0,5.56,744.252,0
558939,53.69,0,0,5.56,745.252,0
559673,53.69,0,0,5.56,746.2306667,0
560439,53.69,0,0,5.56,747.252,0
561173,53.69,0,0,5.56,748.2306667,0
561939,53.69,0,0,5.56,749.252,0
562689,53.69,0,0,5.56,750.252,0
563423,53.69,0,0,5.56,751.2306667,0
564189,53.69,0,0,5.56,752.252,0
564923,53.69,0,0,5.56,753.2306667,0
565673,53.69,0,0,5.56,754.2306667,0
566423,53.69,0,0,5.56,755.2306667,0
567173,53.69,0,0,5.56,756.2306667,0
567923,53.69,0,0,5.56,757.2306667,0
568689,53.69,0,0,5.56,758.252,0
569423,53.7,0,0,5.56,759.2306667,0
570189,53.7,0,0,5.56,760.252,0
570939,53.7,0,0,5.56,761.252,0
571689,53.7,0,0,5.56,762.252,0
572423,53.7,0,0,5.56,763.2306667,0
573189,53.7,0,0,5.56,764.252,0
573939,53.7,0,0,5.56,765.252,0
574673,53.7,0,0,5.56,766.2306667,0
575423,53.7,0,0,5.56,767.2306667,0
576173,53.7,0,0,5.56,768.2306667,0
576939,53.7,0,0,5.56,769.252,0
577689,53.7,0,0,5.56,770.252,0
578439,53.7,0,0,5.56,771.252,0
579189,53.7,0,0,5.56,772.252,0
579923,53.7,0,0,5.56,773.2306667,0
580689,53.7,0,0,5.56,774.252,0
581439,53.7,0,0,5.56,775.252,0
582189,53.7,0,0,5.56,776.252,0
582923,49.67,16.11,800.24,5.77,777.2306667,1
583673,49.49,15.62,773.12,6.46,778.2306667,1
584439,53.25,0,0,6.83,779.252,0
585189,53.4,0,0,6.83,780.252,0
585923,53.46,0,0,6.83,781.2306667,0
586689,53.5,0,0,6.83,782.252,0
587423,53.53,0,0,6.83,783.2306667,0
588189,53.54,0,0,6.83,784.252,0
588923,53.56,0,0,6.83,785.2306667,0
589689,53.57,0,0,6.83,786.252,0
590439,53.58,0,0,6.83,787.252,0
591173,53.58,0,0,6.83,788.2306667,0
591939,53.59,0,0,6.83,789.252,0
592673,53.6,0,0,6.83,790.2306667,0
593423,53.6,0,0,6.83,791.2306667,0
594173,53.61,0,0,6.83,792.2306667,0
594939,53.61,0,0,6.83,793.252,0
595689,53.61,0,0,6.83,794.252,0
596439,53.62,0,0,6.83,795.252,0
597173,53.62,0,0,6.83,796.2306667,0
597923,53.62,0,0,6.83,797.2306667,0
598689,53.63,0,0,6.83,798.252,0
599423,53.63,0,0,6.83,799.2306667,0
600173,53.63,0,0,6.83,800.2306667,0
600939,53.63,0,0,6.83,801.252,0
601689,53.63,0,0,6.83,802.252,0
602439,53.63,0,0,6.83,803.252,0
603173,53.64,0,0,6.83,804.2306667,0
603939,53.64,0,0,6.83,805.252,0
604673,53.64,0,0,6.83,806.2306667,0
605439,53.64,0,0,6.83,807.252,0
606173,53.64,0,0,6.83,808.2306667,0
606939,53.64,0,0,6.83,809.252,0
607689,53.64,0,0,6.83,810.252,0
608439,53.64,0,0,6.83,811.252,0
609189,53.65,0,0,6.83,812.252,0
609939,53.65,0,0,6.83,813.252,0
610673,53.65,0,0,6.83,814.2306667,0
611423,53.65,0,0,6.83,815.2306667,0
612189,53.65,0,0,6.83,816.252,0
612939,53.65,0,0,6.83,817.252,0
613689,53.65,0,0,6.83,818.252,0
614439,53.65,0,0,6.83,819.252,0
615173,53.65,0,0,6.83,820.2306667,0
615923,53.65,0,0,6.83,821.2306667,0
616689,53.66,0,0,6.83,822.252,0
617423,53.65,0,0,6.83,823.2306667,0
618189,53.65,0,0,6.83,824.252,0
618939,53.66,0,0,6.83,825.252,0
619689,53.66,0,0,6.83,826.252,0
620423,53.66,0,0,6.83,827.2306667,0
621173,53.66,0,0,6.83,828.2306667,0
621939,53.66,0,0,6.83,829.252,0
622689,53.66,0,0,6.83,830.252,0
623439,53.66,0,0,6.83,831.252,0
624189,53.66,0,0,6.83,832.252,0
624923,53.66,0,0,6.83,833.2306667,0
625673,53.66,0,0,6.83,834.2306667,0
626423,53.66,0,0,6.83,835.2306667,0
627189,53.66,0,0,6.83,836.252,0
627923,53.66,0,0,6.83,837.2306667,0
628689,53.66,0,0,6.83,838.252,0
629439,53.66,0,0,6.83,839.252,0
630173,53.66,0,0,6.83,840.2306667,0
630939,53.66,0,0,6.83,841.252,0
631689,53.66,0,0,6.83,842.252,0
632423,53.66,0,0,6.83,843.2306667,0
633189,53.66,0,0,6.83,844.252,0
633939,51.79,7.43,384.78,6.89,845.252,1
634689,48.5,20.43,990.75,7.58,846.252,1
635423,49.88,13.56,676.27,8.16,847.2306667,1
636173,52.88,0.4,21.37,8.56,848.2306667,1
636939,53.29,0,0,8.56,849.252,0
637689,53.36,0,0,8.56,850.252,0
638423,53.41,0,0,8.56,851.2306667,0
639189,53.44,0,0,8.56,852.252,0
639939,53.46,0,0,8.56,853.252,0
640673,53.48,0,0,8.56,854.2306667,0
641423,53.49,0,0,8.56,855.2306667,0
642173,53.5,0,0,8.56,856.2306667,0
642923,53.51,0,0,8.56,857.2306667,0
643673,53.52,0,0,8.56,858.2306667,0
644423,53.53,0,0,8.56,859.2306667,0
645189,53.53,0,0,8.56,860.252,0
645923,53.54,0,0,8.56,861.2306667,0
646689,53.54,0,0,8.56,862.252,0
647423,53.55,0,0,8.56,863.2306667,0
648189,53.55,0,0,8.56,864.252,0
648923,53.55,0,0,8.56,865.2306667,0
649673,53.56,0,0,8.56,866.2306667,0
650439,53.56,0,0,8.56,867.252,0
651173,53.56,0,0,8.56,868.2306667,0
651939,53.57,0,0,8.56,869.252,0
652673,53.57,0,0,8.56,870.2306667,0
653439,53.57,0,0,8.56,871.252,0
654173,53.57,0,0,8.56,872.2306667,0
654939,53.58,0,0,8.56,873.252,0
655689,53.58,0,0,8.56,874.252,0
656423,53.58,0,0,8.56,875.2306667,0
657173,53.58,0,0,8.56,876.2306667,0
657939,53.58,0,0,8.56,877.252,0
658689,53.58,0,0,8.56,878.252,0
659423,53.58,0,0,8.56,879.2306667,0
660173,53.58,0,0,8.56,880.2306667,0
660939,53.59,0,0,8.56,881.252,0
661689,53.59,0,0,8.56,882.252,0
662439,53.59,0,0,8.56,883.252,0
663173,53.59,0,0,8.56,884.2306667,0
663939,53.59,0,0,8.56,885.252,0
664689,53.59,0,0,8.56,886.252,0
665423,53.59,0,0,8.56,887.2306667,0
666173,48.69,20.1,978.52,8.85,888.2306667,1
666923,49.31,16.05,791.16,9.57,889.2306667,1
667689,53.11,0,0,9.96,890.252,0
668439,53.28,0,0,9.96,891.252,0
669173,53.35,0,0,9.96,892.2306667,0
669923,53.38,0,0,9.96,893.2306667,0
670689,53.42,0,0,9.96,894.252,0
671439,53.43,0,0,9.96,895.252,0
672173,53.45,0,0,9.96,896.2306667,0
672939,53.46,0,0,9.96,897.252,0
673673,53.47,0,0,9.96,898.2306667,0
674423,53.48,0,0,9.96,899.2306667,0
675189,53.49,0,0,9.96,900.252,0
675939,53.49,0,0,9.96,901.252,0
676673,53.5,0,0,9.96,902.2306667,0
677423,53.5,0,0,9.96,903.2306667,0
678189,53.51,0,0,9.96,904.252,0
678923,53.51,0,0,9.96,905.2306667,0
679689,53.52,0,0,9.96,906.252,0
680439,53.52,0,0,9.96,907.252,0
681173,53.52,0,0,9.96,908.2306667,0
681923,53.52,0,0,9.96,909.2306667,0
682673,53.53,0,0,9.96,910.2306667,0
683439,53.53,0,0,9.96,911.252,0
684173,53.53,0,0,9.96,912.2306667,0
684939,53.53,0,0,9.96,913.252,0
685689,53.53,0,0,9.96,914.252,0
686423,53.54,0,0,9.96,915.2306667,0
687173,53.54,0,0,9.96,916.2306667,0
687939,53.54,0,0,9.96,917.252,0
688673,53.54,0,0,9.96,918.2306667,0
689439,53.54,0,0,9.96,919.252,0
690189,53.54,0,0,9.96,920.252,0
690923,53.55,0,0,9.96,921.2306667,0
691689,53.55,0,0,9.96,922.252,0
692439,53.55,0,0,9.96,923.252,0
693189,53.55,0,0,9.96,924.252,0
693923,53.55,0,0,9.96,925.2306667,0
694689,53.55,0,0,9.96,926.252,0
695423,53.55,0,0,9.96,927.2306667,0
696189,53.55,0,0,9.96,928.252,0
696923,53.55,0,0,9.96,929.2306667,0
697689,53.56,0,0,9.96,930.252,0
698423,53.56,0,0,9.96,931.2306667,0
699173,53.56,0,0,9.96,932.2306667,0
699939,53.56,0,0,9.96,933.252,0
700689,53.56,0,0,9.96,934.252,0
701423,53.56,0,0,9.96,935.2306667,0
702189,53.56,0,0,9.96,936.252,0
702923,53.56,0,0,9.96,937.2306667,0
703689,53.56,0,0,9.96,938.252,0
704439,53.56,0,0,9.96,939.252,0
705189,53.56,0,0,9.96,940.252,0
705939,53.56,0,0,9.96,941.252,0
706689,53.56,0,0,9.96,942.252,0
707423,53.56,0,0,9.96,943.2306667,0
708189,53.56,0,0,9.96,944.252,0
708939,53.57,0,0,9.96,945.252,0
709689,53.57,0,0,9.96,946.252,0
710439,53.57,0,0,9.96,947.252,0
711189,53.57,0,0,9.96,948.252,0
711923,53.57,0,0,9.96,949.2306667,0
712673,53.57,0,0,9.96,950.2306667,0
713423,53.57,0,0,9.96,951.2306667,0
714173,53.57,0,0,9.96,952.2306667,0
714939,53.57,0,0,9.96,953.252,0
715673,53.57,0,0,9.96,954.2306667,0
716423,53.57,0,0,9.96,955.2306667,0
717173,53.57,0,0,9.96,956.2306667,0
717923,53.57,0,0,9.96,957.2306667,0
718689,53.57,0,0,9.96,958.252,0
719439,53.57,0,0,9.96,959.252,0
720189,53.57,0,0,9.96,960.252,0
720923,53.57,0,0,9.96,961.2306667,0
721689,53.57,0,0,9.96,962.252,0
722423,53.57,0,0,9.96,963.2306667,0
723173,53.57,0,0,9.96,964.2306667,0
723939,53.57,0,0,9.96,965.252,0
724673,53.57,0,0,9.96,966.2306667,0
725439,53.57,0,0,9.96,967.252,0
726173,53.58,0,0,9.96,968.2306667,0
726923,48.98,18.98,929.54,10.23,969.2306667,1
727673,48.38,20.14,974.37,11.06,970.2306667,1
728423,49.98,12.62,630.63,11.65,971.2306667,1
729189,50.98,8.33,424.39,12.06,972.252,1
729939,53.07,0,0,12.23,973.252,0
730689,53.19,0,0,12.23,974.252,0
731439,53.25,0,0,12.23,975.252,0
732189,53.29,0,0,12.23,976.252,0
732923,53.32,0,0,12.23,977.2306667,0
733689,53.34,0,0,12.23,978.252,0
734439,53.36,0,0,12.23,979.252,0
735173,53.37,0,0,12.23,980.2306667,0
735939,53.38,0,0,12.23,981.252,0
736689,53.4,0,0,12.23,982.252,0
737423,53.4,0,0,12.23,983.2306667,0
738173,53.41,0,0,12.23,984.2306667,0
738923,53.42,0,0,12.23,985.2306667,0
739673,53.42,0,0,12.23,986.2306667,0
740439,53.43,0,0,12.23,987.252,0
741173,53.44,0,0,12.23,988.2306667,0
741923,53.44,0,0,12.23,989.2306667,0
742673,53.44,0,0,12.23,990.2306667,0
743439,53.45,0,0,12.23,991.252,0
744189,53.45,0,0,12.23,992.252,0
744939,53.46,0,0,12.23,993.252,0
745689,53.46,0,0,12.23,994.252,0
746439,53.46,0,0,12.23,995.252,0
747189,53.47,0,0,12.23,996.252,0
747923,53.47,0,0,12.23,997.2306667,0
748689,53.47,0,0,12.23,998.252,0
749439,53.47,0,0,12.23,999.252,0
750189,53.48,0,0,12.23,1000.252,0
750923,53.48,0,0,12.23,1001.230667,0
751673,53.48,0,0,12.23,1002.230667,0
752439,53.48,0,0,12.23,1003.252,0
753189,53.48,0,0,12.23,1004.252,0
753939,53.48,0,0,12.23,1005.252,0
754689,53.49,0,0,12.23,1006.252,0
755439,53.49,0,0,12.23,1007.252,0
756173,53.49,0,0,12.23,1008.230667,0
756939,53.49,0,0,12.23,1009.252,0
757673,53.49,0,0,12.23,1010.230667,0
758439,53.49,0,0,12.23,1011.252,0
759189,53.49,0,0,12.23,1012.252,0
759923,53.49,0,0,12.23,1013.230667,0
760689,53.49,0,0,12.23,1014.252,0
761423,53.5,0,0,12.23,1015.230667,0
762173,53.5,0,0,12.23,1016.230667,0
762939,53.5,0,0,12.23,1017.252,0
763689,53.5,0,0,12.23,1018.252,0
764439,53.5,0,0,12.23,1019.252,0
765189,53.5,0,0,12.23,1020.252,0
765939,53.5,0,0,12.23,1021.252,0
766673,53.5,0,0,12.23,1022.230667,0
767423,53.5,0,0,12.23,1023.230667,0
768189,53.5,0,0,12.23,1024.252,0
768923,53.5,0,0,12.23,1025.230667,0
769673,53.51,0,0,12.23,1026.230667,0
770439,53.5,0,0,12.23,1027.252,0
771189,53.5,0,0,12.23,1028.252,0
771923,53.51,0,0,12.23,1029.230667,0
772689,53.51,0,0,12.23,1030.252,0
773439,53.51,0,0,12.23,1031.252,0
774173,53.51,0,0,12.23,1032.230667,0
774923,53.51,0,0,12.23,1033.230667,0
775689,53.51,0,0,12.23,1034.252,0
776423,53.51,0,0,12.23,1035.230667,0
777189,53.51,0,0,12.23,1036.252,0
777923,53.51,0,0,12.23,1037.230667,0
778689,53.51,0,0,12.23,1038.252,0
779439,53.51,0,0,12.23,1039.252,0
780173,53.51,0,0,12.23,1040.230667,0
780939,53.51,0,0,12.23,1041.252,0
781689,53.51,0,0,12.23,1042.252,0
782439,53.51,0,0,12.23,1043.252,0
783173,53.51,0,0,12.23,1044.230667,0
783939,53.51,0,0,12.23,1045.252,0
784689,53.51,0,0,12.23,1046.252,0
785439,53.51,0,0,12.23,1047.252,0
786173,53.51,0,0,12.23,1048.230667,0
786939,53.52,0,0,12.23,1049.252,0
787673,53.52,0,0,12.23,1050.230667,0
788439,53.52,0,0,12.23,1051.252,0
789189,53.52,0,0,12.23,1052.252,0
789923,53.52,0,0,12.23,1053.230667,0
790673,53.52,0,0,12.23,1054.230667,0
791439,53.52,0,0,12.23,1055.252,0
792189,53.52,0,0,12.23,1056.252,0
792923,53.52,0,0,12.23,1057.230667,0
793689,53.52,0,0,12.23,1058.252,0
794423,53.52,0,0,12.23,1059.230667,0
795189,53.52,0,0,12.23,1060.252,0
795923,53.52,0,0,12.23,1061.230667,0
796689,53.52,0,0,12.23,1062.252,0
797423,53.52,0,0,12.23,1063.230667,0
798173,53.52,0,0,12.23,1064.230667,0
798923,53.52,0,0,12.23,1065.230667,0
799689,53.52,0,0,12.23,1066.252,0
800439,53.52,0,0,12.23,1067.252,0
801189,53.52,0,0,12.23,1068.252,0
801939,53.52,0,0,12.23,1069.252,0
802673,53.52,0,0,12.23,1070.230667,0
803423,53.52,0,0,12.23,1071.230667,0
804173,53.52,0,0,12.23,1072.230667,0
804923,49.06,19.02,932.91,12.6,1073.230667,1
805689,50.28,12.05,605.7,13.19,1074.252,1
806423,51.13,8.37,427.78,13.56,1075.230667,1
807173,51.83,5.43,281.16,13.81,1076.230667,1
807939,53.21,0,0,13.83,1077.252,0
808673,53.27,0,0,13.83,1078.230667,0
809423,53.31,0,0,13.83,1079.230667,0
810173,53.33,0,0,13.83,1080.230667,0
810923,53.35,0,0,13.83,1081.230667,0
811673,53.37,0,0,13.83,1082.230667,0
812439,53.38,0,0,13.83,1083.252,0
813189,53.39,0,0,13.83,1084.252,0
813939,53.39,0,0,13.83,1085.252,0
814673,53.4,0,0,13.83,1086.230667,0
815423,53.41,0,0,13.83,1087.230667,0
816173,53.41,0,0,13.83,1088.230667,0
816939,53.42,0,0,13.83,1089.252,0
817689,53.42,0,0,13.83,1090.252,0
818439,53.43,0,0,13.83,1091.252,0
819173,53.43,0,0,13.83,1092.230667,0
819923,53.43,0,0,13.83,1093.230667,0
820673,53.44,0,0,13.83,1094.230667,0
821423,53.44,0,0,13.83,1095.230667,0
822189,53.44,0,0,13.83,1096.252,0
822939,53.44,0,0,13.83,1097.252,0
823673,53.45,0,0,13.83,1098.230667,0
824439,53.45,0,0,13.83,1099.252,0
825173,53.45,0,0,13.83,1100.230667,0
825939,53.45,0,0,13.83,1101.252,0
826673,53.45,0,0,13.83,1102.230667,0
827423,53.45,0,0,13.83,1103.230667,0
828189,53.46,0,0,13.83,1104.252,0
828939,53.46,0,0,13.83,1105.252,0
829689,53.46,0,0,13.83,1106.252,0
830439,53.46,0,0,13.83,1107.252,0
831189,53.46,0,0,13.83,1108.252,0
831939,53.46,0,0,13.83,1109.252,0
832673,53.46,0,0,13.83,1110.230667,0
833439,53.47,0,0,13.83,1111.252,0
834173,53.47,0,0,13.83,1112.230667,0
834923,53.47,0,0,13.83,1113.230667,0
835673,53.47,0,0,13.83,1114.230667,0
836439,53.47,0,0,13.83,1115.252,0
837173,53.47,0,0,13.83,1116.230667,0
837923,53.47,0,0,13.83,1117.230667,0
838689,53.47,0,0,13.83,1118.252,0
839439,53.47,0,0,13.83,1119.252,0
840173,53.47,0,0,13.83,1120.230667,0
840939,53.47,0,0,13.83,1121.252,0
841689,53.47,0,0,13.83,1122.252,0
842439,53.47,0,0,13.83,1123.252,0
843189,53.47,0,0,13.83,1124.252,0
843939,53.47,0,0,13.83,1125.252,0
844689,53.48,0,0,13.83,1126.252,0
845423,53.48,0,0,13.83,1127.230667,0
846189,53.48,0,0,13.83,1128.252,0
846923,53.48,0,0,13.83,1129.230667,0
847689,53.48,0,0,13.83,1130.252,0
848439,53.48,0,0,13.83,1131.252,0
849173,53.48,0,0,13.83,1132.230667,0
849939,53.48,0,0,13.83,1133.252,0
850689,53.48,0,0,13.83,1134.252,0
851423,53.48,0,0,13.83,1135.230667,0
852189,53.48,0,0,13.83,1136.252,0
852923,53.48,0,0,13.83,1137.230667,0
853689,53.48,0,0,13.83,1138.252,0
854423,53.48,0,0,13.83,1139.230667,0
855173,53.48,0,0,13.83,1140.230667,0
855939,53.48,0,0,13.83,1141.252,0
856689,53.48,0,0,13.83,1142.252,0
857439,53.48,0,0,13.83,1143.252,0
858189,53.48,0,0,13.83,1144.252,0
858923,53.48,0,0,13.83,1145.230667,0
859689,53.48,0,0,13.83,1146.252,0
860423,53.48,0,0,13.83,1147.230667,0
861173,53.48,0,0,13.83,1148.230667,0
861939,53.48,0,0,13.83,1149.252,0
862689,53.48,0,0,13.83,1150.252,0
863439,53.48,0,0,13.83,1151.252,0
864189,53.48,0,0,13.83,1152.252,0
864939,53.48,0,0,13.83,1153.252,0
865673,53.49,0,0,13.83,1154.230667,0
866423,53.49,0,0,13.83,1155.230667,0
867173,53.49,0,0,13.83,1156.230667,0
867939,53.49,0,0,13.83,1157.252,0
868673,53.49,0,0,13.83,1158.230667,0
869439,53.49,0,0,13.83,1159.252,0
870173,53.49,0,0,13.83,1160.230667,0
870923,53.49,0,0,13.83,1161.230667,0
871689,53.49,0,0,13.83,1162.252,0
872439,53.49,0,0,13.83,1163.252,0
873189,53.49,0,0,13.83,1164.252,0
873939,53.49,0,0,13.83,1165.252,0
874689,53.49,0,0,13.83,1166.252,0
875423,53.49,0,0,13.83,1167.230667,0
876173,53.49,0,0,13.83,1168.230667,0
876923,53.49,0,0,13.83,1169.230667,0
877673,53.49,0,0,13.83,1170.230667,0
878423,53.49,0,0,13.83,1171.230667,0
879173,53.49,0,0,13.83,1172.230667,0
879939,53.49,0,0,13.83,1173.252,0
880689,53.49,0,0,13.83,1174.252,0
881423,53.49,0,0,13.83,1175.230667,0
882189,53.49,0,0,13.83,1176.252,0
882923,53.49,0,0,13.83,1177.230667,0
883689,53.49,0,0,13.83,1178.252,0
884423,53.49,0,0,13.83,1179.230667,0
885189,53.49,0,0,13.83,1180.252,0
885923,53.49,0,0,13.83,1181.230667,0
886689,53.49,0,0,13.83,1182.252,0
887439,53.49,0,0,13.83,1183.252,0
888189,53.49,0,0,13.83,1184.252,0
888939,53.49,0,0,13.83,1185.252,0
889673,53.49,0,0,13.83,1186.230667,0
890439,53.49,0,0,13.83,1187.252,0
891173,53.49,0,0,13.83,1188.230667,0
891923,53.49,0,0,13.83,1189.230667,0
892673,53.49,0,0,13.83,1190.230667,0
893439,48.7,20.07,977.19,14.14,1191.252,1
894173,48.46,19.67,952.98,14.93,1192.230667,1
894923,49.91,13.05,651.39,15.51,1193.230667,1
895689,52.36,2.55,133.64,15.91,1194.252,1
896423,53.09,0,0,15.91,1195.230667,0
897173,53.17,0,0,15.91,1196.230667,0
897939,53.22,0,0,15.91,1197.252,0
898689,53.25,0,0,15.91,1198.252,0
899423,53.27,0,0,15.91,1199.230667,0
900189,53.29,0,0,15.91,1200.252,0
900939,53.31,0,0,15.91,1201.252,0
901673,53.32,0,0,15.91,1202.230667,0
902439,53.33,0,0,15.91,1203.252,0
903173,53.34,0,0,15.91,1204.230667,0
903939,53.35,0,0,15.91,1205.252,0
904689,53.35,0,0,15.91,1206.252,0
905423,53.36,0,0,15.91,1207.230667,0
906189,53.37,0,0,15.91,1208.252,0
906939,53.37,0,0,15.91,1209.252,0
907673,53.37,0,0,15.91,1210.230667,0
908423,53.38,0,0,15.91,1211.230667,0
909173,53.38,0,0,15.91,1212.230667,0
909939,53.39,0,0,15.91,1213.252,0
910689,53.39,0,0,15.91,1214.252,0
911439,53.39,0,0,15.91,1215.252,0
912189,53.4,0,0,15.91,1216.252,0
912939,53.4,0,0,15.91,1217.252,0
913673,53.4,0,0,15.91,1218.230667,0
914439,53.4,0,0,15.91,1219.252,0
915189,53.4,0,0,15.91,1220.252,0
915923,53.41,0,0,15.91,1221.230667,0
916673,53.41,0,0,15.91,1222.230667,0
917423,53.41,0,0,15.91,1223.230667,0
918189,53.41,0,0,15.91,1224.252,0
918923,53.41,0,0,15.91,1225.230667,0
919673,53.42,0,0,15.91,1226.230667,0
920439,53.42,0,0,15.91,1227.252,0
921173,53.42,0,0,15.91,1228.230667,0
921939,53.42,0,0,15.91,1229.252,0
922689,53.42,0,0,15.91,1230.252,0
923423,53.42,0,0,15.91,1231.230667,0
924173,53.42,0,0,15.91,1232.230667,0
924939,53.42,0,0,15.91,1233.252,0
925689,53.42,0,0,15.91,1234.252,0
926439,53.42,0,0,15.91,1235.252,0
927189,53.42,0,0,15.91,1236.252,0
927939,53.43,0,0,15.91,1237.252,0
928689,53.43,0,0,15.91,1238.252,0
929439,53.43,0,0,15.91,1239.252,0
930173,53.43,0,0,15.91,1240.230667,0
930923,53.43,0,0,15.91,1241.230667,0
931673,53.43,0,0,15.91,1242.230667,0
932439,53.43,0,0,15.91,1243.252,0
933189,53.43,0,0,15.91,1244.252,0
933923,53.43,0,0,15.91,1245.230667,0
934673,53.43,0,0,15.91,1246.230667,0
935439,53.43,0,0,15.91,1247.252,0
936189,53.43,0,0,15.91,1248.252,0
936939,53.43,0,0,15.91,1249.252,0
937689,53.43,0,0,15.91,1250.252,0
938423,53.43,0,0,15.91,1251.230667,0
939173,53.44,0,0,15.91,1252.230667,0
939939,53.43,0,0,15.91,1253.252,0
940689,53.44,0,0,15.91,1254.252,0
941439,53.44,0,0,15.91,1255.252,0
942189,53.44,0,0,15.91,1256.252,0
942939,53.44,0,0,15.91,1257.252,0
943673,53.44,0,0,15.91,1258.230667,0
944439,53.44,0,0,15.91,1259.252,0
945173,53.44,0,0,15.91,1260.230667,0
945939,53.44,0,0,15.91,1261.252,0
946673,53.44,0,0,15.91,1262.230667,0
947439,53.44,0,0,15.91,1263.252,0
948189,53.44,0,0,15.91,1264.252,0
948939,53.44,0,0,15.91,1265.252,0
949673,53.44,0,0,15.91,1266.230667,0
950439,53.44,0,0,15.91,1267.252,0
951173,53.44,0,0,15.91,1268.230667,0
951923,53.44,0,0,15.91,1269.230667,0
952673,53.44,0,0,15.91,1270.230667,0
953439,53.44,0,0,15.91,1271.252,0
954173,53.44,0,0,15.91,1272.230667,0
954923,53.44,0,0,15.91,1273.230667,0
955689,53.44,0,0,15.91,1274.252,0
956423,53.44,0,0,15.91,1275.230667,0
957189,53.44,0,0,15.91,1276.252,0
957939,53.44,0,0,15.91,1277.252,0
958689,53.44,0,0,15.91,1278.252,0
959423,53.44,0,0,15.91,1279.230667,0
960173,53.44,0,0,15.91,1280.230667,0
960923,53.45,0,0,15.91,1281.230667,0
961689,53.45,0,0,15.91,1282.252,0
962423,53.45,0,0,15.91,1283.230667,0
963189,53.45,0,0,15.91,1284.252,0
963923,53.45,0,0,15.91,1285.230667,0
964689,53.45,0,0,15.91,1286.252,0
965423,53.45,0,0,15.91,1287.230667,0
966189,53.45,0,0,15.91,1288.252,0
966923,53.45,0,0,15.91,1289.230667,0
967673,53.45,0,0,15.91,1290.230667,0
968439,50.61,11.85,599.71,16.02,1291.252,1
969189,49.33,16.28,802.83,16.68,1292.252,1
969939,53.02,0,0,17.09,1293.252,0
970689,53.18,0,0,17.09,1294.252,0
971439,53.24,0,0,17.09,1295.252,0
972173,53.27,0,0,17.09,1296.230667,0
972939,53.3,0,0,17.09,1297.252,0
973673,53.32,0,0,17.09,1298.230667,0
974439,53.33,0,0,17.09,1299.252,0
975173,53.34,0,0,17.09,1300.230667,0
975923,53.35,0,0,17.09,1301.230667,0
976689,53.35,0,0,17.09,1302.252,0
977423,53.36,0,0,17.09,1303.230667,0
978173,53.36,0,0,17.09,1304.230667,0
978939,53.37,0,0,17.09,1305.252,0
979689,53.37,0,0,17.09,1306.252,0
980439,53.37,0,0,17.09,1307.252,0
981189,53.38,0,0,17.09,1308.252,0
981939,53.38,0,0,17.09,1309.252,0
982689,53.38,0,0,17.09,1310.252,0
983439,53.39,0,0,17.09,1311.252,0
984189,53.39,0,0,17.09,1312.252,0
984939,53.39,0,0,17.09,1313.252,0
985689,53.39,0,0,17.09,1314.252,0
986439,53.39,0,0,17.09,1315.252,0
987189,53.4,0,0,17.09,1316.252,0
987939,53.4,0,0,17.09,1317.252,0
988689,53.4,0,0,17.09,1318.252,0
989439,53.4,0,0,17.09,1319.252,0
990189,53.4,0,0,17.09,1320.252,0
990923,53.4,0,0,17.09,1321.230667,0
991689,53.4,0,0,17.09,1322.252,0
992439,53.41,0,0,17.09,1323.252,0
993189,53.41,0,0,17.09,1324.252,0
993923,53.41,0,0,17.09,1325.230667,0
994689,53.41,0,0,17.09,1326.252,0
995423,53.41,0,0,17.09,1327.230667,0
996189,53.41,0,0,17.09,1328.252,0
996923,53.41,0,0,17.09,1329.230667,0
997673,53.41,0,0,17.09,1330.230667,0
998423,53.41,0,0,17.09,1331.230667,0
999189,53.41,0,0,17.09,1332.252,0
999939,53.41,0,0,17.09,1333.252,0
1000689,53.41,0,0,17.09,1334.252,0
1001439,48.97,18.77,919.29,17.35,1335.252,1
1002173,49.37,15.86,783.26,18.02,1336.230667,1
1002939,50.57,10.19,515.04,18.51,1337.252,1
1003673,51.28,7.17,367.74,18.83,1338.230667,1
1004423,53.06,0,0,18.89,1339.230667,0
1005189,53.14,0,0,18.89,1340.252,0
1005923,53.18,0,0,18.89,1341.230667,0
1006689,53.21,0,0,18.89,1342.252,0
1007423,53.23,0,0,18.89,1343.230667,0
1008189,53.25,0,0,18.89,1344.252,0
1008923,53.26,0,0,18.89,1345.230667,0
1009673,53.27,0,0,18.89,1346.230667,0
1010439,53.28,0,0,18.89,1347.252,0
1011189,53.29,0,0,18.89,1348.252,0
1011939,53.3,0,0,18.89,1349.252,0
1012673,53.31,0,0,18.89,1350.230667,0
1013439,53.31,0,0,18.89,1351.252,0
1014189,53.32,0,0,18.89,1352.252,0
1014939,53.32,0,0,18.89,1353.252,0
1015673,53.32,0,0,18.89,1354.230667,0
1016423,53.33,0,0,18.89,1355.230667,0
1017189,53.33,0,0,18.89,1356.252,0
1017923,53.34,0,0,18.89,1357.230667,0
1018673,53.34,0,0,18.89,1358.230667,0
1019423,53.34,0,0,18.89,1359.230667,0
1020189,53.34,0,0,18.89,1360.252,0
1020923,53.35,0,0,18.89,1361.230667,0
1021673,53.35,0,0,18.89,1362.230667,0
1022439,53.35,0,0,18.89,1363.252,0
1023173,53.35,0,0,18.89,1364.230667,0
1023939,53.35,0,0,18.89,1365.252,0
1024689,53.36,0,0,18.89,1366.252,0
1025439,53.36,0,0,18.89,1367.252,0
1026189,53.36,0,0,18.89,1368.252,0
1026923,53.36,0,0,18.89,1369.230667,0
1027673,53.36,0,0,18.89,1370.230667,0
1028423,53.36,0,0,18.89,1371.230667,0
1029189,53.36,0,0,18.89,1372.252,0
1029939,53.37,0,0,18.89,1373.252,0
1030689,53.37,0,0,18.89,1374.252,0
1031423,53.37,0,0,18.89,1375.230667,0
1032189,53.37,0,0,18.89,1376.252,0
1032939,53.37,0,0,18.89,1377.252,0
1033689,53.37,0,0,18.89,1378.252,0
1034423,53.37,0,0,18.89,1379.230667,0
1035189,48.17,22.11,1065.21,19.3,1380.252,1
1035923,49.6,14.69,728.38,19.93,1381.230667,1
1036689,53,0,0,20.19,1382.252,0
1037439,53.11,0,0,20.19,1383.252,0
1038189,53.17,0,0,20.19,1384.252,0
1038939,53.2,0,0,20.19,1385.252,0
1039689,53.22,0,0,20.19,1386.252,0
1040423,53.24,0,0,20.19,1387.230667,0
1041189,53.26,0,0,20.19,1388.252,0
1041939,53.27,0,0,20.19,1389.252,0
1042689,53.27,0,0,20.19,1390.252,0
1043439,53.28,0,0,20.19,1391.252,0
1044173,53.29,0,0,20.19,1392.230667,0
1044923,53.29,0,0,20.19,1393.230667,0
1045673,53.3,0,0,20.19,1394.230667,0
1046423,53.3,0,0,20.19,1395.230667,0
1047189,53.31,0,0,20.19,1396.252,0
1047939,53.31,0,0,20.19,1397.252,0
1048689,53.31,0,0,20.19,1398.252,0
1049423,53.32,0,0,20.19,1399.230667,0
1050189,53.32,0,0,20.19,1400.252,0
1050939,53.32,0,0,20.19,1401.252,0
1051673,53.32,0,0,20.19,1402.230667,0
1052439,53.33,0,0,20.19,1403.252,0
1053189,53.33,0,0,20.19,1404.252,0
1053923,53.33,0,0,20.19,1405.230667,0
1054689,53.33,0,0,20.19,1406.252,0
1055423,53.33,0,0,20.19,1407.230667,0
1056173,53.34,0,0,20.19,1408.230667,0
1056923,53.34,0,0,20.19,1409.230667,0
1057689,53.34,0,0,20.19,1410.252,0
1058439,53.34,0,0,20.19,1411.252,0
1059173,53.34,0,0,20.19,1412.230667,0
1059939,53.34,0,0,20.19,1413.252,0
1060673,53.34,0,0,20.19,1414.230667,0
1061423,53.34,0,0,20.19,1415.230667,0
1062173,53.35,0,0,20.19,1416.230667,0
1062939,53.35,0,0,20.19,1417.252,0
1063689,53.35,0,0,20.19,1418.252,0
1064423,53.35,0,0,20.19,1419.230667,0
1065189,53.35,0,0,20.19,1420.252,0
1065939,53.35,0,0,20.19,1421.252,0
1066689,53.35,0,0,20.19,1422.252,0
1067423,53.35,0,0,20.19,1423.230667,0
1068173,53.35,0,0,20.19,1424.230667,0
1068939,53.35,0,0,20.19,1425.252,0
1069673,53.35,0,0,20.19,1426.230667,0
1070439,53.35,0,0,20.19,1427.252,0
1071173,53.36,0,0,20.19,1428.230667,0
1071923,53.36,0,0,20.19,1429.230667,0
1072689,53.36,0,0,20.19,1430.252,0
1073439,53.36,0,0,20.19,1431.252,0
1074173,53.36,0,0,20.19,1432.230667,0
1074939,53.36,0,0,20.19,1433.252,0
1075673,53.36,0,0,20.19,1434.230667,0
1076423,53.36,0,0,20.19,1435.230667,0
1077189,53.36,0,0,20.19,1436.252,0
1077923,53.36,0,0,20.19,1437.230667,0
1078673,53.36,0,0,20.19,1438.230667,0
1079423,53.36,0,0,20.19,1439.230667,0
1080173,53.36,0,0,20.19,1440.230667,0
1080923,53.36,0,0,20.19,1441.230667,0
1081689,53.36,0,0,20.19,1442.252,0
1082439,53.36,0,0,20.19,1443.252,0
1083173,53.36,0,0,20.19,1444.230667,0
1083923,53.36,0,0,20.19,1445.230667,0
1084689,53.36,0,0,20.19,1446.252,0
1085439,53.36,0,0,20.19,1447.252,0
1086189,53.37,0,0,20.19,1448.252,0
1086939,53.37,0,0,20.19,1449.252,0
1087689,53.37,0,0,20.19,1450.252,0
1088439,53.37,0,0,20.19,1451.252,0
1089173,50.8,10.85,550.96,20.29,1452.230667,1
1089939,48.48,19.94,966.8,21.05,1453.252,1
1090689,49.93,12.86,642.33,21.64,1454.252,1
1091423,53.44,-2.01,-107.33,21.98,1455.230667,0
1092189,53.03,0,0,21.98,1456.252,0
1092939,53.1,0,0,21.98,1457.252,0
1093689,53.14,0,0,21.98,1458.252,0
1094423,53.16,0,0,21.98,1459.230667,0
1095189,53.19,0,0,21.98,1460.252,0
1095939,53.2,0,0,21.98,1461.252,0
1096689,53.22,0,0,21.98,1462.252,0
1097439,53.23,0,0,21.98,1463.252,0
1098189,53.24,0,0,21.98,1464.252,0
1098923,53.25,0,0,21.98,1465.230667,0
1099673,53.25,0,0,21.98,1466.230667,0
1100423,53.26,0,0,21.98,1467.230667,0
1101189,53.26,0,0,21.98,1468.252,0
1101923,53.27,0,0,21.98,1469.230667,0
1102689,53.27,0,0,21.98,1470.252,0
1103423,53.28,0,0,21.98,1471.230667,0
1104173,53.28,0,0,21.98,1472.230667,0
1104939,53.28,0,0,21.98,1473.252,0
1105673,53.29,0,0,21.98,1474.230667,0
1106423,53.29,0,0,21.98,1475.230667,0
1107173,53.29,0,0,21.98,1476.230667,0
1107923,53.3,0,0,21.98,1477.230667,0
1108673,53.3,0,0,21.98,1478.230667,0
1109423,53.3,0,0,21.98,1479.230667,0
1110173,53.3,0,0,21.98,1480.230667,0
1110939,53.3,0,0,21.98,1481.252,0
1111673,53.31,0,0,21.98,1482.230667,0
1112439,53.31,0,0,21.98,1483.252,0
1113189,53.31,0,0,21.98,1484.252,0
1113923,53.31,0,0,21.98,1485.230667,0
1114673,53.31,0,0,21.98,1486.230667,0
1115439,53.31,0,0,21.98,1487.252,0
1116189,53.32,0,0,21.98,1488.252,0
1116923,53.32,0,0,21.98,1489.230667,0
1117673,53.32,0,0,21.98,1490.230667,0
1118423,53.32,0,0,21.98,1491.230667,0
1119189,53.32,0,0,21.98,1492.252,0
1119923,53.32,0,0,21.98,1493.230667,0
1120673,53.32,0,0,21.98,1494.230667,0
1121423,53.32,0,0,21.98,1495.230667,0
1122189,53.32,0,0,21.98,1496.252,0
1122923,53.32,0,0,21.98,1497.230667,0
1123689,53.32,0,0,21.98,1498.252,0
1124423,53.32,0,0,21.98,1499.230667,0
1125189,53.33,0,0,21.98,1500.252,0
1125939,53.33,0,0,21.98,1501.252,0
1126673,53.33,0,0,21.98,1502.230667,0
1127439,53.33,0,0,21.98,1503.252,0
1128189,53.33,0,0,21.98,1504.252,0
1128939,53.33,0,0,21.98,1505.252,0
1129673,53.33,0,0,21.98,1506.230667,0
1130423,53.33,0,0,21.98,1507.230667,0
1131173,53.33,0,0,21.98,1508.230667,0
1131923,53.33,0,0,21.98,1509.230667,0
1132689,53.33,0,0,21.98,1510.252,0
1133439,53.33,0,0,21.98,1511.252,0
1134189,53.33,0,0,21.98,1512.252,0
1134939,53.33,0,0,21.98,1513.252,0
1135689,53.33,0,0,21.98,1514.252,0
1136439,53.34,0,0,21.98,1515.252,0
1137173,53.33,0,0,21.98,1516.230667,0
1137939,53.34,0,0,21.98,1517.252,0
1138689,53.34,0,0,21.98,1518.252,0
1139439,53.34,0,0,21.98,1519.252,0
1140189,53.34,0,0,21.98,1520.252,0
1140923,53.34,0,0,21.98,1521.230667,0
1141689,53.34,0,0,21.98,1522.252,0
1142439,53.34,0,0,21.98,1523.252,0
1143189,53.34,0,0,21.98,1524.252,0
1143923,53.34,0,0,21.98,1525.230667,0
1144673,53.34,0,0,21.98,1526.230667,0
1145439,53.34,0,0,21.98,1527.252,0
1146189,53.34,0,0,21.98,1528.252,0
1146923,53.34,0,0,21.98,1529.230667,0
1147689,53.34,0,0,21.98,1530.252,0
1148423,53.34,0,0,21.98,1531.230667,0
1149189,53.34,0,0,21.98,1532.252,0
1149939,53.34,0,0,21.98,1533.252,0
1150673,53.34,0,0,21.98,1534.230667,0
1151439,53.34,0,0,21.98,1535.252,0
1152173,53.34,0,0,21.98,1536.230667,0
1152923,53.34,0,0,21.98,1537.230667,0
1153689,53.34,0,0,21.98,1538.252,0
1154439,53.34,0,0,21.98,1539.252,0
1155189,53.34,0,0,21.98,1540.252,0
1155923,53.34,0,0,21.98,1541.230667,0
1156673,53.34,0,0,21.98,1542.230667,0
1157439,53.34,0,0,21.98,1543.252,0
1158173,53.34,0,0,21.98,1544.230667,0
1158939,53.34,0,0,21.98,1545.252,0
1159673,53.34,0,0,21.98,1546.230667,0
1160423,53.34,0,0,21.98,1547.230667,0
1161189,53.34,0,0,21.98,1548.252,0
1161923,53.34,0,0,21.98,1549.230667,0
1162689,53.34,0,0,21.98,1550.252,0
1163423,53.35,0,0,21.98,1551.230667,0
1164189,53.35,0,0,21.98,1552.252,0
1164923,53.35,0,0,21.98,1553.230667,0
1165689,53.35,0,0,21.98,1554.252,0
1166439,53.35,0,0,21.98,1555.252,0
1167173,50,14.39,719.24,22.14,1556.230667,1
1167939,49.29,16.81,828.73,22.85,1557.252,1
1168689,50.54,10.82,546.83,23.33,1558.252,1
1169439,51.39,6.71,344.72,23.63,1559.252,1
1170189,52.98,0,0,23.76,1560.252,0
1170939,53.07,0,0,23.76,1561.252,0
1171673,53.11,0,0,23.76,1562.230667,0
1172423,53.15,0,0,23.76,1563.230667,0
1173189,53.17,0,0,23.76,1564.252,0
1173939,53.18,0,0,23.76,1565.252,0
1174689,53.2,0,0,23.76,1566.252,0
1175423,53.21,0,0,23.76,1567.230667,0
1176173,53.22,0,0,23.76,1568.230667,0
1176939,53.23,0,0,23.76,1569.252,0
1177673,53.23,0,0,23.76,1570.230667,0
1178439,53.24,0,0,23.76,1571.252,0
1179189,53.24,0,0,23.76,1572.252,0
1179923,53.25,0,0,23.76,1573.230667,0
1180689,53.25,0,0,23.76,1574.252,0
1181439,53.26,0,0,23.76,1575.252,0
1182189,53.26,0,0,23.76,1576.252,0
1182939,53.27,0,0,23.76,1577.252,0
1183689,53.27,0,0,23.76,1578.252,0
1184439,53.27,0,0,23.76,1579.252,0
1185189,53.27,0,0,23.76,1580.252,0
1185939,53.28,0,0,23.76,1581.252,0
1186689,53.28,0,0,23.76,1582.252,0
1187423,53.28,0,0,23.76,1583.230667,0
1188189,53.28,0,0,23.76,1584.252,0
1188939,53.28,0,0,23.76,1585.252,0
1189689,53.28,0,0,23.76,1586.252,0
1190439,53.29,0,0,23.76,1587.252,0
1191173,53.29,0,0,23.76,1588.230667,0
1191923,53.29,0,0,23.76,1589.230667,0
1192673,53.29,0,0,23.76,1590.230667,0
1193439,53.29,0,0,23.76,1591.252,0
1194173,53.29,0,0,23.76,1592.230667,0
1194923,53.3,0,0,23.76,1593.230667,0
1195689,53.3,0,0,23.76,1594.252,0
1196423,53.3,0,0,23.76,1595.230667,0
1197173,53.3,0,0,23.76,1596.230667,0
1197923,53.3,0,0,23.76,1597.230667,0
1198689,53.3,0,0,23.76,1598.252,0
1199423,53.3,0,0,23.76,1599.230667,0
1200189,53.3,0,0,23.76,1600.252,0
1200939,53.3,0,0,23.76,1601.252,0
1201689,53.3,0,0,23.76,1602.252,0
1202439,53.3,0,0,23.76,1603.252,0
1203189,53.31,0,0,23.76,1604.252,0
1203939,53.31,0,0,23.76,1605.252,0
1204689,53.31,0,0,23.76,1606.252,0
1205423,53.31,0,0,23.76,1607.230667,0
1206173,53.31,0,0,23.76,1608.230667,0
1206939,53.31,0,0,23.76,1609.252,0
1207689,53.31,0,0,23.76,1610.252,0
1208423,53.31,0,0,23.76,1611.230667,0
1209189,53.31,0,0,23.76,1612.252,0
1209939,53.31,0,0,23.76,1613.252,0
1210689,53.31,0,0,23.76,1614.252,0
1211439,53.31,0,0,23.76,1615.252,0
1212189,53.31,0,0,23.76,1616.252,0
1212923,53.31,0,0,23.76,1617.230667,0
1213673,53.31,0,0,23.76,1618.230667,0
1214439,53.31,0,0,23.76,1619.252,0
1215189,53.31,0,0,23.76,1620.252,0
1215939,53.31,0,0,23.76,1621.252,0
1216673,53.32,0,0,23.76,1622.230667,0
1217439,53.32,0,0,23.76,1623.252,0
1218173,53.32,0,0,23.76,1624.230667,0
1218923,53.32,0,0,23.76,1625.230667,0
1219689,53.32,0,0,23.76,1626.252,0
1220439,53.32,0,0,23.76,1627.252,0
1221189,53.32,0,0,23.76,1628.252,0
1221939,53.32,0,0,23.76,1629.252,0
1222673,53.32,0,0,23.76,1630.230667,0
1223423,53.32,0,0,23.76,1631.230667,0
1224173,53.32,0,0,23.76,1632.230667,0
1224939,53.32,0,0,23.76,1633.252,0
1225689,53.32,0,0,23.76,1634.252,0
1226423,53.32,0,0,23.76,1635.230667,0
1227173,53.32,0,0,23.76,1636.230667,0
1227939,53.32,0,0,23.76,1637.252,0
1228689,53.32,0,0,23.76,1638.252,0
1229423,53.32,0,0,23.76,1639.230667,0
1230173,53.32,0,0,23.76,1640.230667,0
1230923,53.32,0,0,23.76,1641.230667,0
1231689,53.32,0,0,23.76,1642.252,0
1232423,53.32,0,0,23.76,1643.230667,0
1233173,53.32,0,0,23.76,1644.230667,0
1233923,53.32,0,0,23.76,1645.230667,0
1234689,53.32,0,0,23.76,1646.252,0
1235423,53.32,0,0,23.76,1647.230667,0
1236189,53.32,0,0,23.76,1648.252,0
1236939,53.32,0,0,23.76,1649.252,0
1237673,53.32,0,0,23.76,1650.230667,0
1238439,53.32,0,0,23.76,1651.252,0
1239189,53.32,0,0,23.76,1652.252,0
1239923,53.32,0,0,23.76,1653.230667,0
1240689,53.32,0,0,23.76,1654.252,0
1241439,53.32,0,0,23.76,1655.252,0
1242189,53.32,0,0,23.76,1656.252,0
1242939,53.32,0,0,23.76,1657.252,0
1243689,53.32,0,0,23.76,1658.252,0
1244439,53.32,0,0,23.76,1659.252,0
1245189,53.32,0,0,23.76,1660.252,0
1245923,53.32,0,0,23.76,1661.230667,0
1246689,53.32,0,0,23.76,1662.252,0
1247439,53.32,0,0,23.76,1663.252,0
1248173,53.32,0,0,23.76,1664.230667,0
1248923,53.32,0,0,23.76,1665.230667,0
1249673,53.32,0,0,23.76,1666.230667,0
1250423,53.32,0,0,23.76,1667.230667,0
1251173,53.32,0,0,23.76,1668.230667,0
1251939,53.32,0,0,23.76,1669.252,0
1252689,53.32,0,0,23.76,1670.252,0
1253439,53.32,0,0,23.76,1671.252,0
1254189,53.32,0,0,23.76,1672.252,0
1254923,53.32,0,0,23.76,1673.230667,0
1255673,47.75,24,1145.88,24.19,1674.230667,1
1256423,48.93,17.46,854.38,24.98,1675.230667,1
1257189,50.19,11.59,581.6,25.52,1676.252,1
1257939,52.83,0,0,25.8,1677.252,0
1258673,52.97,0,0,25.8,1678.230667,0
1259439,53.04,0,0,25.8,1679.252,0
1260189,53.08,0,0,25.8,1680.252,0
1260923,53.11,0,0,25.8,1681.230667,0
1261689,53.13,0,0,25.8,1682.252,0
1262439,53.15,0,0,25.8,1683.252,0
1263189,53.16,0,0,25.8,1684.252,0
1263939,53.17,0,0,25.8,1685.252,0
1264689,53.18,0,0,25.8,1686.252,0
1265439,53.19,0,0,25.8,1687.252,0
1266189,53.2,0,0,25.8,1688.252,0
1266923,53.21,0,0,25.8,1689.230667,0
1267689,53.21,0,0,25.8,1690.252,0
1268439,53.22,0,0,25.8,1691.252,0
1269173,53.22,0,0,25.8,1692.230667,0
1269939,53.23,0,0,25.8,1693.252,0
1270673,53.23,0,0,25.8,1694.230667,0
1271423,53.23,0,0,25.8,1695.230667,0
1272173,53.24,0,0,25.8,1696.230667,0
1272939,53.24,0,0,25.8,1697.252,0
1273689,53.24,0,0,25.8,1698.252,0
1274439,53.25,0,0,25.8,1699.252,0
1275189,53.25,0,0,25.8,1700.252,0
1275939,53.25,0,0,25.8,1701.252,0
1276673,53.25,0,0,25.8,1702.230667,0
1277439,53.26,0,0,25.8,1703.252,0
1278173,53.26,0,0,25.8,1704.230667,0
1278923,53.26,0,0,25.8,1705.230667,0
1279673,53.26,0,0,25.8,1706.230667,0
1280439,53.26,0,0,25.8,1707.252,0
1281189,53.27,0,0,25.8,1708.252,0
1281923,53.27,0,0,25.8,1709.230667,0
1282689,53.27,0,0,25.8,1710.252,0
1283439,53.27,0,0,25.8,1711.252,0
1284189,53.27,0,0,25.8,1712.252,0
1284939,53.27,0,0,25.8,1713.252,0
1285689,53.27,0,0,25.8,1714.252,0
1286439,53.27,0,0,25.8,1715.252,0
1287173,53.27,0,0,25.8,1716.230667,0
1287923,53.27,0,0,25.8,1717.230667,0
1288689,53.27,0,0,25.8,1718.252,0
1289423,53.27,0,0,25.8,1719.230667,0
1290189,53.28,0,0,25.8,1720.252,0
1290939,53.28,0,0,25.8,1721.252,0
1291689,53.28,0,0,25.8,1722.252,0
1292423,53.28,0,0,25.8,1723.230667,0
1293173,53.28,0,0,25.8,1724.230667,0
1293923,53.28,0,0,25.8,1725.230667,0
1294689,53.28,0,0,25.8,1726.252,0
1295439,53.28,0,0,25.8,1727.252,0
1296189,53.28,0,0,25.8,1728.252,0
1296939,53.28,0,0,25.8,1729.252,0
1297689,53.28,0,0,25.8,1730.252,0
1298439,53.28,0,0,25.8,1731.252,0
1299173,53.28,0,0,25.8,1732.230667,0
1299939,53.28,0,0,25.8,1733.252,0
1300689,53.28,0,0,25.8,1734.252,0
1301423,53.29,0,0,25.8,1735.230667,0
1302189,53.29,0,0,25.8,1736.252,0
1302923,53.29,0,0,25.8,1737.230667,0
1303689,53.29,0,0,25.8,1738.252,0
1304439,53.29,0,0,25.8,1739.252,0
1305189,53.29,0,0,25.8,1740.252,0
1305939,53.29,0,0,25.8,1741.252,0
1306689,53.29,0,0,25.8,1742.252,0
1307439,53.29,0,0,25.8,1743.252,0
1308189,53.29,0,0,25.8,1744.252,0
1308939,53.29,0,0,25.8,1745.252,0
1309673,53.29,0,0,25.8,1746.230667,0
1310423,53.29,0,0,25.8,1747.230667,0
1311189,53.29,0,0,25.8,1748.252,0
1311923,53.29,0,0,25.8,1749.230667,0
1312689,53.29,0,0,25.8,1750.252,0
1313423,49.26,17.77,875.49,26.03,1751.230667,1
1314173,49.96,13.34,666.31,26.66,1752.230667,1
1314923,50.87,8.98,457.02,27.08,1753.230667,1
1315673,53.02,0,0,27.09,1754.230667,0
1316423,53.08,0,0,27.09,1755.230667,0
1317173,53.12,0,0,27.09,1756.230667,0
1317923,53.14,0,0,27.09,1757.230667,0
1318673,53.16,0,0,27.09,1758.230667,0
1319423,53.17,0,0,27.09,1759.230667,0
1320189,53.19,0,0,27.09,1760.252,0
1320939,53.19,0,0,27.09,1761.252,0
1321689,53.2,0,0,27.09,1762.252,0
1322423,53.21,0,0,27.09,1763.230667,0
1323189,53.21,0,0,27.09,1764.252,0
1323923,53.22,0,0,27.09,1765.230667,0
1324689,53.22,0,0,27.09,1766.252,0
1325439,53.23,0,0,27.09,1767.252,0
1326173,53.23,0,0,27.09,1768.230667,0
1326923,53.23,0,0,27.09,1769.230667,0
1327689,53.23,0,0,27.09,1770.252,0
1328439,53.24,0,0,27.09,1771.252,0
1329173,53.24,0,0,27.09,1772.230667,0
1329939,53.24,0,0,27.09,1773.252,0
1330689,53.24,0,0,27.09,1774.252,0
1331439,53.25,0,0,27.09,1775.252,0
1332173,53.25,0,0,27.09,1776.230667,0
1332923,53.25,0,0,27.09,1777.230667,0
1333673,53.25,0,0,27.09,1778.230667,0
1334423,53.25,0,0,27.09,1779.230667,0
1335189,53.25,0,0,27.09,1780.252,0
1335939,53.26,0,0,27.09,1781.252,0
1336689,53.26,0,0,27.09,1782.252,0
1337423,53.26,0,0,27.09,1783.230667,0
1338189,53.26,0,0,27.09,1784.252,0
1338923,53.26,0,0,27.09,1785.230667,0
1339689,53.26,0,0,27.09,1786.252,0
1340439,53.26,0,0,27.09,1787.252,0
1341173,53.26,0,0,27.09,1788.230667,0
1341923,53.26,0,0,27.09,1789.230667,0
1342673,53.27,0,0,27.09,1790.230667,0
1343439,53.27,0,0,27.09,1791.252,0
1344173,53.27,0,0,27.09,1792.230667,0
1344939,53.27,0,0,27.09,1793.252,0
1345689,53.27,0,0,27.09,1794.252,0
1346423,53.27,0,0,27.09,1795.230667,0
1347189,53.27,0,0,27.09,1796.252,0
1347939,53.27,0,0,27.09,1797.252,0
1348689,53.27,0,0,27.09,1798.252,0
1349423,53.27,0,0,27.09,1799.230667,0
1350173,53.27,0,0,27.09,1800.230667,0
1350923,53.27,0,0,27.09,1801.230667,0
1351689,53.27,0,0,27.09,1802.252,0
1352423,53.27,0,0,27.09,1803.230667,0
1353189,53.27,0,0,27.09,1804.252,0
1353939,53.27,0,0,27.09,1805.252,0
1354689,53.27,0,0,27.09,1806.252,0
1355423,53.27,0,0,27.09,1807.230667,0
1356173,53.27,0,0,27.09,1808.230667,0
1356939,53.27,0,0,27.09,1809.252,0
1357689,53.27,0,0,27.09,1810.252,0
1358439,53.27,0,0,27.09,1811.252,0
1359189,53.27,0,0,27.09,1812.252,0
1359923,53.27,0,0,27.09,1813.230667,0
1360673,52.75,0.13,6.7,27.09,1814.230667,1
1361423,48.26,21.84,1053.92,27.51,1815.230667,1
1362189,49.81,13.69,681.79,28.16,1816.252,1
1362939,50.82,8.83,448.95,28.58,1817.252,1
1363673,52.94,0,0,28.65,1818.230667,0
1364439,53.02,0,0,28.65,1819.252,0
1365189,53.07,0,0,28.65,1820.252,0
1365939,53.1,0,0,28.65,1821.252,0
1366689,53.12,0,0,28.65,1822.252,0
1367439,53.13,0,0,28.65,1823.252,0
1368189,53.15,0,0,28.65,1824.252,0
1368923,53.16,0,0,28.65,1825.230667,0
1369689,53.17,0,0,28.65,1826.252,0
1370439,53.17,0,0,28.65,1827.252,0
1371189,53.18,0,0,28.65,1828.252,0
1371923,53.19,0,0,28.65,1829.230667,0
1372689,53.19,0,0,28.65,1830.252,0
1373423,53.2,0,0,28.65,1831.230667,0
1374173,53.2,0,0,28.65,1832.230667,0
1374939,53.2,0,0,28.65,1833.252,0
1375673,53.21,0,0,28.65,1834.230667,0
1376423,53.21,0,0,28.65,1835.230667,0
1377189,53.21,0,0,28.65,1836.252,0
1377923,53.21,0,0,28.65,1837.230667,0
1378689,53.22,0,0,28.65,1838.252,0
1379423,53.22,0,0,28.65,1839.230667,0
1380189,53.22,0,0,28.65,1840.252,0
1380939,53.23,0,0,28.65,1841.252,0
1381673,53.23,0,0,28.65,1842.230667,0
1382439,53.23,0,0,28.65,1843.252,0
1383189,53.23,0,0,28.65,1844.252,0
1383939,53.23,0,0,28.65,1845.252,0
1384689,53.23,0,0,28.65,1846.252,0
1385439,53.23,0,0,28.65,1847.252,0
1386173,53.24,0,0,28.65,1848.230667,0
1386923,53.24,0,0,28.65,1849.230667,0
1387689,53.24,0,0,28.65,1850.252,0
1388439,53.24,0,0,28.65,1851.252,0
1389189,53.24,0,0,28.65,1852.252,0
1389939,53.24,0,0,28.65,1853.252,0
1390673,53.24,0,0,28.65,1854.230667,0
1391439,52.46,3.35,175.86,28.68,1855.252,1
1392189,48.39,20.73,1002.97,29.29,1856.252,1
1392939,49.73,13.97,694.74,29.91,1857.252,1
1393689,52.84,0,0,30.18,1858.252,0
1394439,52.96,0,0,30.18,1859.252,0
1395189,53.02,0,0,30.18,1860.252,0
1395923,53.06,0,0,30.18,1861.230667,0
1396689,53.08,0,0,30.18,1862.252,0
1397439,53.1,0,0,30.18,1863.252,0
1398189,53.11,0,0,30.18,1864.252,0
1398923,53.13,0,0,30.18,1865.230667,0
1399689,53.14,0,0,30.18,1866.252,0
1400423,53.15,0,0,30.18,1867.230667,0
1401173,53.15,0,0,30.18,1868.230667,0
1401939,53.16,0,0,30.18,1869.252,0
1402673,53.16,0,0,30.18,1870.230667,0
1403423,53.17,0,0,30.18,1871.230667,0
1404189,53.17,0,0,30.18,1872.252,0
1404939,53.18,0,0,30.18,1873.252,0
1405689,53.18,0,0,30.18,1874.252,0
1406439,53.19,0,0,30.18,1875.252,0
1407189,53.19,0,0,30.18,1876.252,0
1407923,53.19,0,0,30.18,1877.230667,0
1408673,53.2,0,0,30.18,1878.230667,0
1409439,53.2,0,0,30.18,1879.252,0
1410189,53.2,0,0,30.18,1880.252,0
1410939,53.2,0,0,30.18,1881.252,0
1411689,53.21,0,0,30.18,1882.252,0
1412439,53.21,0,0,30.18,1883.252,0
1413189,53.21,0,0,30.18,1884.252,0
1413939,53.21,0,0,30.18,1885.252,0
1414673,53.21,0,0,30.18,1886.230667,0
1415423,53.21,0,0,30.18,1887.230667,0
1416189,53.21,0,0,30.18,1888.252,0
1416939,53.22,0,0,30.18,1889.252,0
1417689,53.22,0,0,30.18,1890.252,0
1418439,53.22,0,0,30.18,1891.252,0
1419173,53.22,0,0,30.18,1892.230667,0
1419923,53.22,0,0,30.18,1893.230667,0
1420673,53.22,0,0,30.18,1894.230667,0
1421439,53.22,0,0,30.18,1895.252,0
1422173,53.22,0,0,30.18,1896.230667,0
1422939,53.22,0,0,30.18,1897.252,0
1423673,53.22,0,0,30.18,1898.230667,0
1424439,53.23,0,0,30.18,1899.252,0
1425189,53.23,0,0,30.18,1900.252,0
1425939,53.23,0,0,30.18,1901.252,0
1426673,53.23,0,0,30.18,1902.230667,0
1427423,53.23,0,0,30.18,1903.230667,0
1428189,53.23,0,0,30.18,1904.252,0
1428939,53.23,0,0,30.18,1905.252,0
1429673,53.23,0,0,30.18,1906.230667,0
1430423,53.23,0,0,30.18,1907.230667,0
1431173,53.23,0,0,30.18,1908.230667,0
1431939,53.23,0,0,30.18,1909.252,0
1432689,53.23,0,0,30.18,1910.252,0
1433439,53.23,0,0,30.18,1911.252,0
1434173,53.23,0,0,30.18,1912.230667,0
1434939,53.23,0,0,30.18,1913.252,0
1435673,53.24,0,0,30.18,1914.230667,0
1436423,53.24,0,0,30.18,1915.230667,0
1437189,53.24,0,0,30.18,1916.252,0
1437939,53.24,0,0,30.18,1917.252,0
1438689,53.24,0,0,30.18,1918.252,0
1439439,53.24,0,0,30.18,1919.252,0
1440189,53.24,0,0,30.18,1920.252,0
1440939,53.24,0,0,30.18,1921.252,0
1441673,53.24,0,0,30.18,1922.230667,0
1442423,53.24,0,0,30.18,1923.230667,0
1443189,53.24,0,0,30.18,1924.252,0
1443923,53.24,0,0,30.18,1925.230667,0
1444689,53.24,0,0,30.18,1926.252,0
1445423,53.24,0,0,30.18,1927.230667,0
1446189,53.24,0,0,30.18,1928.252,0
1446939,48.17,22.32,1075.2,30.56,1929.252,1
1447689,49.24,16.39,807.27,31.29,1930.252,1
1448439,50.45,10.52,530.87,31.78,1931.252,1
1449189,52.91,0,0,31.79,1932.252,0
1449923,52.99,0,0,31.79,1933.230667,0
1450673,53.03,0,0,31.79,1934.230667,0
1451423,53.06,0,0,31.79,1935.230667,0
1452189,53.08,0,0,31.79,1936.252,0
1452923,53.1,0,0,31.79,1937.230667,0
1453689,53.11,0,0,31.79,1938.252,0
1454439,53.12,0,0,31.79,1939.252,0
1455173,53.13,0,0,31.79,1940.230667,0
1455923,53.14,0,0,31.79,1941.230667,0
1456689,53.15,0,0,31.79,1942.252,0
1457439,53.15,0,0,31.79,1943.252,0
1458173,53.16,0,0,31.79,1944.230667,0
1458923,53.16,0,0,31.79,1945.230667,0
1459689,53.16,0,0,31.79,1946.252,0
1460439,53.17,0,0,31.79,1947.252,0
1461173,53.17,0,0,31.79,1948.230667,0
1461939,53.18,0,0,31.79,1949.252,0
1462689,53.18,0,0,31.79,1950.252,0
1463439,53.18,0,0,31.79,1951.252,0
1464189,53.18,0,0,31.79,1952.252,0
1464923,53.19,0,0,31.79,1953.230667,0
1465689,53.19,0,0,31.79,1954.252,0
1466423,53.19,0,0,31.79,1955.230667,0
1467173,53.19,0,0,31.79,1956.230667,0
1467939,53.2,0,0,31.79,1957.252,0
1468689,53.2,0,0,31.79,1958.252,0
1469439,53.2,0,0,31.79,1959.252,0
1470173,53.2,0,0,31.79,1960.230667,0
1470923,53.2,0,0,31.79,1961.230667,0
1471673,53.2,0,0,31.79,1962.230667,0
1472423,53.2,0,0,31.79,1963.230667,0
1473173,53.21,0,0,31.79,1964.230667,0
1473923,53.21,0,0,31.79,1965.230667,0
1474689,53.21,0,0,31.79,1966.252,0
1475439,53.21,0,0,31.79,1967.252,0
1476173,53.21,0,0,31.79,1968.230667,0
1476939,53.21,0,0,31.79,1969.252,0
1477689,53.21,0,0,31.79,1970.252,0
1478439,53.21,0,0,31.79,1971.252,0
1479173,53.21,0,0,31.79,1972.230667,0
1479939,53.21,0,0,31.79,1973.252,0
1480673,53.21,0,0,31.79,1974.230667,0
1481423,53.21,0,0,31.79,1975.230667,0
1482173,53.21,0,0,31.79,1976.230667,0
1482939,53.22,0,0,31.79,1977.252,0
1483689,53.22,0,0,31.79,1978.252,0
1484439,53.22,0,0,31.79,1979.252,0
1485173,53.22,0,0,31.79,1980.230667,0
1485923,53.22,0,0,31.79,1981.230667,0
1486689,53.22,0,0,31.79,1982.252,0
1487439,53.22,0,0,31.79,1983.252,0
1488189,53.22,0,0,31.79,1984.252,0
1488923,53.22,0,0,31.79,1985.230667,0
1489689,53.22,0,0,31.79,1986.252,0
1490423,53.22,0,0,31.79,1987.230667,0
1491189,53.22,0,0,31.79,1988.252,0
1491923,53.22,0,0,31.79,1989.230667,0
1492673,53.22,0,0,31.79,1990.230667,0
1493423,53.22,0,0,31.79,1991.230667,0
1494189,53.22,0,0,31.79,1992.252,0
1494923,53.22,0,0,31.79,1993.230667,0
1495689,53.22,0,0,31.79,1994.252,0
1496423,53.22,0,0,31.79,1995.230667,0
1497189,53.22,0,0,31.79,1996.252,0
1497939,53.22,0,0,31.79,1997.252,0
1498673,53.22,0,0,31.79,1998.230667,0
1499439,53.23,0,0,31.79,1999.252,0
1500189,53.23,0,0,31.79,2000.252,0
1500939,53.23,0,0,31.79,2001.252,0
1501673,53.23,0,0,31.79,2002.230667,0
1502423,53.23,0,0,31.79,2003.230667,0
1503189,53.23,0,0,31.79,2004.252,0
1503923,53.23,0,0,31.79,2005.230667,0
1504673,53.23,0,0,31.79,2006.230667,0
1505439,53.23,0,0,31.79,2007.252,0
1506173,53.23,0,0,31.79,2008.230667,0
1506923,53.23,0,0,31.79,2009.230667,0
1507673,53.23,0,0,31.79,2010.230667,0
1508439,53.23,0,0,31.79,2011.252,0
1509173,53.23,0,0,31.79,2012.230667,0
1509939,53.23,0,0,31.79,2013.252,0
1510689,53.23,0,0,31.79,2014.252,0
1511423,53.23,0,0,31.79,2015.230667,0
1512189,53.23,0,0,31.79,2016.252,0
1512939,53.23,0,0,31.79,2017.252,0
1513689,53.23,0,0,31.79,2018.252,0
1514423,53.23,0,0,31.79,2019.230667,0
1515189,53.23,0,0,31.79,2020.252,0
1515923,53.23,0,0,31.79,2021.230667,0
1516689,53.23,0,0,31.79,2022.252,0
1517423,53.23,0,0,31.79,2023.230667,0
1518173,53.23,0,0,31.79,2024.230667,0
1518923,53.23,0,0,31.79,2025.230667,0
1519673,53.23,0,0,31.79,2026.230667,0
1520423,53.23,0,0,31.79,2027.230667,0
1521173,53.23,0,0,31.79,2028.230667,0
1521939,53.23,0,0,31.79,2029.252,0
1522689,53.23,0,0,31.79,2030.252,0
1523423,53.23,0,0,31.79,2031.230667,0
1524189,53.23,0,0,31.79,2032.252,0
1524923,53.23,0,0,31.79,2033.230667,0
1525689,53.23,0,0,31.79,2034.252,0
1526423,52.4,3.67,192.34,31.81,2035.230667,1
1527189,48.7,19.46,947.84,32.43,2036.252,1
1527939,50.09,12.34,618.09,33,2037.252,1
1528673,50.98,8.17,416.55,33.36,2038.230667,1
1529423,52.92,0,0,33.39,2039.230667,0
1530173,52.99,0,0,33.39,2040.230667,0
1530939,53.03,0,0,33.39,2041.252,0
1531689,53.06,0,0,33.39,2042.252,0
1532439,53.08,0,0,33.39,2043.252,0
1533189,53.09,0,0,33.39,2044.252,0
1533939,53.11,0,0,33.39,2045.252,0
1534673,53.11,0,0,33.39,2046.230667,0
1535439,53.12,0,0,33.39,2047.252,0
1536189,53.13,0,0,33.39,2048.252,0
1536939,53.14,0,0,33.39,2049.252,0
1537673,53.14,0,0,33.39,2050.230667,0
1538439,53.15,0,0,33.39,2051.252,0
1539173,53.15,0,0,33.39,2052.230667,0
1539939,53.16,0,0,33.39,2053.252,0
1540689,53.16,0,0,33.39,2054.252,0
1541423,53.16,0,0,33.39,2055.230667,0
1542189,53.17,0,0,33.39,2056.252,0
1542939,53.17,0,0,33.39,2057.252,0
1543689,53.17,0,0,33.39,2058.252,0
1544423,53.18,0,0,33.39,2059.230667,0
1545189,53.18,0,0,33.39,2060.252,0
1545923,53.18,0,0,33.39,2061.230667,0
1546689,53.18,0,0,33.39,2062.252,0
1547439,53.18,0,0,33.39,2063.252,0
1548189,53.19,0,0,33.39,2064.252,0
1548923,53.19,0,0,33.39,2065.230667,0
1549673,53.19,0,0,33.39,2066.230667,0
1550439,53.19,0,0,33.39,2067.252,0
1551173,53.19,0,0,33.39,2068.230667,0
1551939,53.19,0,0,33.39,2069.252,0
1552689,53.19,0,0,33.39,2070.252,0
1553439,53.2,0,0,33.39,2071.252,0
1554173,53.2,0,0,33.39,2072.230667,0
1554939,53.2,0,0,33.39,2073.252,0
1555673,53.2,0,0,33.39,2074.230667,0
1556439,53.2,0,0,33.39,2075.252,0
1557189,53.2,0,0,33.39,2076.252,0
1557939,53.2,0,0,33.39,2077.252,0
1558689,53.2,0,0,33.39,2078.252,0
1559423,53.2,0,0,33.39,2079.230667,0
1560173,53.2,0,0,33.39,2080.230667,0
1560923,53.2,0,0,33.39,2081.230667,0
1561673,53.2,0,0,33.39,2082.230667,0
1562423,53.2,0,0,33.39,2083.230667,0
1563173,53.21,0,0,33.39,2084.230667,0
1563939,53.21,0,0,33.39,2085.252,0
1564689,53.21,0,0,33.39,2086.252,0
1565423,53.21,0,0,33.39,2087.230667,0
1566189,53.21,0,0,33.39,2088.252,0
1566939,53.21,0,0,33.39,2089.252,0
1567673,53.21,0,0,33.39,2090.230667,0
1568423,53.21,0,0,33.39,2091.230667,0
1569189,53.21,0,0,33.39,2092.252,0
1569939,53.21,0,0,33.39,2093.252,0
1570673,53.21,0,0,33.39,2094.230667,0
1571439,53.21,0,0,33.39,2095.252,0
1572173,53.21,0,0,33.39,2096.230667,0
1572939,53.21,0,0,33.39,2097.252,0
1573689,53.21,0,0,33.39,2098.252,0
1574423,53.21,0,0,33.39,2099.230667,0
1575173,53.21,0,0,33.39,2100.230667,0
1575939,53.21,0,0,33.39,2101.252,0
1576673,53.21,0,0,33.39,2102.230667,0
1577423,53.21,0,0,33.39,2103.230667,0
1578173,53.21,0,0,33.39,2104.230667,0
1578923,53.21,0,0,33.39,2105.230667,0
1579673,53.21,0,0,33.39,2106.230667,0
1580439,53.21,0,0,33.39,2107.252,0
1581189,53.21,0,0,33.39,2108.252,0
1581923,53.21,0,0,33.39,2109.230667,0
1582673,53.22,0,0,33.39,2110.230667,0
1583439,53.21,0,0,33.39,2111.252,0
1584173,53.22,0,0,33.39,2112.230667,0
1584939,53.22,0,0,33.39,2113.252,0
1585673,53.22,0,0,33.39,2114.230667,0
1586423,53.22,0,0,33.39,2115.230667,0
1587189,53.22,0,0,33.39,2116.252,0
1587923,53.22,0,0,33.39,2117.230667,0
1588689,53.22,0,0,33.39,2118.252,0
1589423,53.22,0,0,33.39,2119.230667,0
1590189,53.22,0,0,33.39,2120.252,0
1590939,53.22,0,0,33.39,2121.252,0
1591673,53.22,0,0,33.39,2122.230667,0
1592439,53.22,0,0,33.39,2123.252,0
1593173,53.22,0,0,33.39,2124.230667,0
1593923,53.22,0,0,33.39,2125.230667,0
1594689,53.22,0,0,33.39,2126.252,0
1595439,53.22,0,0,33.39,2127.252,0
1596189,53.22,0,0,33.39,2128.252,0
1596923,53.22,0,0,33.39,2129.230667,0
1597673,53.22,0,0,33.39,2130.230667,0
1598423,53.22,0,0,33.39,2131.230667,0
1599173,53.22,0,0,33.39,2132.230667,0
1599923,53.22,0,0,33.39,2133.230667,0
1600689,53.22,0,0,33.39,2134.252,0
1601439,53.22,0,0,33.39,2135.252,0
1602189,53.22,0,0,33.39,2136.252,0
1602923,53.22,0,0,33.39,2137.230667,0
1603673,53.22,0,0,33.39,2138.230667,0
1604423,53.22,0,0,33.39,2139.230667,0
1605189,53.22,0,0,33.39,2140.252,0
1605923,53.22,0,0,33.39,2141.230667,0
1606689,53.22,0,0,33.39,2142.252,0
1607439,53.22,0,0,33.39,2143.252,0
1608189,53.22,0,0,33.39,2144.252,0
1608923,53.22,0,0,33.39,2145.230667,0
1609689,53.22,0,0,33.39,2146.252,0
1610423,53.22,0,0,33.39,2147.230667,0
1611189,53.22,0,0,33.39,2148.252,0
1611923,53.22,0,0,33.39,2149.230667,0
1612689,53.22,0,0,33.39,2150.252,0
1613439,53.22,0,0,33.39,2151.252,0
1614189,53.22,0,0,33.39,2152.252,0
1614923,53.22,0,0,33.39,2153.230667,0
1615689,53.22,0,0,33.39,2154.252,0
1616439,47.81,24.11,1152.85,33.8,2155.252,1
1617189,48.53,19.4,941.48,34.65,2156.252,1
1617923,49.78,13.26,660.26,35.21,2157.230667,1
1618689,52.85,0,0,35.21,2158.252,0
1619439,52.94,0,0,35.21,2159.252,0
1620189,52.98,0,0,35.21,2160.252,0
1620923,53.01,0,0,35.21,2161.230667,0
1621689,53.04,0,0,35.21,2162.252,0
1622439,53.06,0,0,35.21,2163.252,0
1623189,53.07,0,0,35.21,2164.252,0
1623923,53.08,0,0,35.21,2165.230667,0
1624673,53.09,0,0,35.21,2166.230667,0
1625439,53.1,0,0,35.21,2167.252,0
1626189,53.11,0,0,35.21,2168.252,0
1626939,53.12,0,0,35.21,2169.252,0
1627673,53.12,0,0,35.21,2170.230667,0
1628439,53.13,0,0,35.21,2171.252,0
1629173,53.13,0,0,35.21,2172.230667,0
1629939,53.14,0,0,35.21,2173.252,0
1630689,53.14,0,0,35.21,2174.252,0
1631439,53.15,0,0,35.21,2175.252,0
1632173,53.15,0,0,35.21,2176.230667,0
1632923,53.15,0,0,35.21,2177.230667,0
1633673,53.16,0,0,35.21,2178.230667,0
1634423,53.16,0,0,35.21,2179.230667,0
1635189,53.16,0,0,35.21,2180.252,0
1635939,53.16,0,0,35.21,2181.252,0
1636689,53.16,0,0,35.21,2182.252,0
1637423,53.17,0,0,35.21,2183.230667,0
1638173,53.17,0,0,35.21,2184.230667,0
1638939,53.17,0,0,35.21,2185.252,0
1639689,53.17,0,0,35.21,2186.252,0
1640439,53.17,0,0,35.21,2187.252,0
1641173,53.17,0,0,35.21,2188.230667,0
1641939,53.18,0,0,35.21,2189.252,0
1642689,53.18,0,0,35.21,2190.252,0
1643439,53.18,0,0,35.21,2191.252,0
1644189,53.18,0,0,35.21,2192.252,0
1644939,53.18,0,0,35.21,2193.252,0
1645673,53.18,0,0,35.21,2194.230667,0
1646439,53.18,0,0,35.21,2195.252,0
1647189,53.18,0,0,35.21,2196.252,0
1647923,53.18,0,0,35.21,2197.230667,0
1648689,53.19,0,0,35.21,2198.252,0
1649439,53.19,0,0,35.21,2199.252,0
1650189,53.19,0,0,35.21,2200.252,0
1650939,53.19,0,0,35.21,2201.252,0
1651673,53.19,0,0,35.21,2202.230667,0
1652423,53.19,0,0,35.21,2203.230667,0
1653189,53.19,0,0,35.21,2204.252,0
1653939,53.19,0,0,35.21,2205.252,0
1654689,53.19,0,0,35.21,2206.252,0
1655423,53.19,0,0,35.21,2207.230667,0
1656173,53.19,0,0,35.21,2208.230667,0
1656923,53.19,0,0,35.21,2209.230667,0
1657689,53.19,0,0,35.21,2210.252,0
1658439,53.19,0,0,35.21,2211.252,0
1659189,53.19,0,0,35.21,2212.252,0
1659923,53.19,0,0,35.21,2213.230667,0
1660689,53.2,0,0,35.21,2214.252,0
1661423,53.2,0,0,35.21,2215.230667,0
1662189,53.2,0,0,35.21,2216.252,0
1662939,53.2,0,0,35.21,2217.252,0
1663689,53.2,0,0,35.21,2218.252,0
1664439,53.2,0,0,35.21,2219.252,0
1665173,53.2,0,0,35.21,2220.230667,0
1665939,53.2,0,0,35.21,2221.252,0
1666689,53.2,0,0,35.21,2222.252,0
1667423,53.2,0,0,35.21,2223.230667,0
1668173,53.2,0,0,35.21,2224.230667,0
1668923,53.2,0,0,35.21,2225.230667,0
1669673,53.2,0,0,35.21,2226.230667,0
1670423,53.2,0,0,35.21,2227.230667,0
1671189,53.2,0,0,35.21,2228.252,0
1671923,53.2,0,0,35.21,2229.230667,0
1672673,53.2,0,0,35.21,2230.230667,0
1673439,53.2,0,0,35.21,2231.252,0
1674189,53.2,0,0,35.21,2232.252,0
1674923,51.32,4.06,208.29,35.21,2233.230667,1
1675689,48.3,21.78,1051.76,35.69,2234.252,1
1676439,49.71,14.17,704.21,36.33,2235.252,1
1677189,52.76,0,0,36.71,2236.252,0
1677939,52.91,0,0,36.71,2237.252,0
1678689,52.98,0,0,36.71,2238.252,0
1679439,53.01,0,0,36.71,2239.252,0
1680189,53.04,0,0,36.71,2240.252,0
1680939,53.06,0,0,36.71,2241.252,0
1681689,53.07,0,0,36.71,2242.252,0
1682439,53.08,0,0,36.71,2243.252,0
1683189,53.09,0,0,36.71,2244.252,0
1683939,53.1,0,0,36.71,2245.252,0
1684689,53.11,0,0,36.71,2246.252,0
1685423,53.11,0,0,36.71,2247.230667,0
1686173,53.12,0,0,36.71,2248.230667,0
1686939,53.12,0,0,36.71,2249.252,0
1687673,53.13,0,0,36.71,2250.230667,0
1688423,53.13,0,0,36.71,2251.230667,0
1689173,53.14,0,0,36.71,2252.230667,0
1689939,53.14,0,0,36.71,2253.252,0
1690673,53.14,0,0,36.71,2254.230667,0
1691439,53.14,0,0,36.71,2255.252,0
1692189,53.15,0,0,36.71,2256.252,0
1692939,53.15,0,0,36.71,2257.252,0
1693689,53.15,0,0,36.71,2258.252,0
1694439,53.16,0,0,36.71,2259.252,0
1695189,53.16,0,0,36.71,2260.252,0
1695939,53.16,0,0,36.71,2261.252,0
1696673,53.16,0,0,36.71,2262.230667,0
1697423,53.16,0,0,36.71,2263.230667,0
1698189,53.16,0,0,36.71,2264.252,0
1698939,53.16,0,0,36.71,2265.252,0
1699689,53.16,0,0,36.71,2266.252,0
1700423,53.17,0,0,36.71,2267.230667,0
1701173,53.17,0,0,36.71,2268.230667,0
1701923,53.17,0,0,36.71,2269.230667,0
1702673,53.17,0,0,36.71,2270.230667,0
1703439,53.17,0,0,36.71,2271.252,0
1704173,53.17,0,0,36.71,2272.230667,0
1704939,53.17,0,0,36.71,2273.252,0
1705689,53.17,0,0,36.71,2274.252,0
1706439,53.17,0,0,36.71,2275.252,0
1707189,53.17,0,0,36.71,2276.252,0
1707939,53.17,0,0,36.71,2277.252,0
1708689,53.18,0,0,36.71,2278.252,0
1709439,53.18,0,0,36.71,2279.252,0
1710189,53.18,0,0,36.71,2280.252,0
1710923,53.18,0,0,36.71,2281.230667,0
1711689,53.18,0,0,36.71,2282.252,0
1712423,53.18,0,0,36.71,2283.230667,0
1713173,53.18,0,0,36.71,2284.230667,0
1713923,53.18,0,0,36.71,2285.230667,0
1714673,53.18,0,0,36.71,2286.230667,0
1715439,53.18,0,0,36.71,2287.252,0
1716189,53.18,0,0,36.71,2288.252,0
1716939,53.18,0,0,36.71,2289.252,0
1717689,53.18,0,0,36.71,2290.252,0
1718423,53.18,0,0,36.71,2291.230667,0
1719189,53.18,0,0,36.71,2292.252,0
1719939,53.18,0,0,36.71,2293.252,0
1720673,53.18,0,0,36.71,2294.230667,0
1721439,53.19,0,0,36.71,2295.252,0
1722173,53.19,0,0,36.71,2296.230667,0
1722939,53.19,0,0,36.71,2297.252,0
1723673,53.19,0,0,36.71,2298.230667,0
1724439,53.19,0,0,36.71,2299.252,0
1725173,53.19,0,0,36.71,2300.230667,0
1725923,53.19,0,0,36.71,2301.230667,0
1726689,53.19,0,0,36.71,2302.252,0
1727439,53.19,0,0,36.71,2303.252,0
1728189,51.88,5.84,302.86,36.75,2304.252,1
1728939,48.55,20.02,971.99,37.4,2305.252,1
1729689,49.82,13.51,673.02,38,2306.252,1
1730439,50.82,9.07,460.79,38.41,2307.252,1
1731173,52.86,0,0,38.43,2308.230667,0
1731939,52.93,0,0,38.43,2309.252,0
1732689,52.97,0,0,38.43,2310.252,0
1733423,53,0,0,38.43,2311.230667,0
1734173,53.02,0,0,38.43,2312.230667,0
1734939,53.04,0,0,38.43,2313.252,0
1735673,53.05,0,0,38.43,2314.230667,0
1736423,53.06,0,0,38.43,2315.230667,0
1737173,53.07,0,0,38.43,2316.230667,0
1737939,53.08,0,0,38.43,2317.252,0
1738689,53.09,0,0,38.43,2318.252,0
1739423,53.1,0,0,38.43,2319.230667,0
1740173,53.1,0,0,38.43,2320.230667,0
1740923,53.11,0,0,38.43,2321.230667,0
1741689,53.11,0,0,38.43,2322.252,0
1742439,53.11,0,0,38.43,2323.252,0
1743173,53.12,0,0,38.43,2324.230667,0
1743923,53.12,0,0,38.43,2325.230667,0
1744689,53.12,0,0,38.43,2326.252,0
1745439,53.13,0,0,38.43,2327.252,0
1746189,53.13,0,0,38.43,2328.252,0
1746939,53.13,0,0,38.43,2329.252,0
1747689,53.13,0,0,38.43,2330.252,0
1748423,53.14,0,0,38.43,2331.230667,0
1749189,53.14,0,0,38.43,2332.252,0
1749939,53.14,0,0,38.43,2333.252,0
1750689,53.14,0,0,38.43,2334.252,0
1751439,53.14,0,0,38.43,2335.252,0
1752189,53.15,0,0,38.43,2336.252,0
1752923,53.15,0,0,38.43,2337.230667,0
1753689,53.15,0,0,38.43,2338.252,0
1754423,53.15,0,0,38.43,2339.230667,0
1755173,53.15,0,0,38.43,2340.230667,0
1755923,53.15,0,0,38.43,2341.230667,0
1756673,53.15,0,0,38.43,2342.230667,0
1757423,53.16,0,0,38.43,2343.230667,0
1758189,53.16,0,0,38.43,2344.252,0
1758939,53.16,0,0,38.43,2345.252,0
1759673,53.16,0,0,38.43,2346.230667,0
1760423,53.16,0,0,38.43,2347.230667,0
1761173,53.16,0,0,38.43,2348.230667,0
1761939,53.16,0,0,38.43,2349.252,0
1762673,50.97,9.88,503.51,38.52,2350.230667,1
1763423,48.43,20.55,995.43,39.25,2351.230667,1
1764189,49.76,13.72,682.58,39.88,2352.252,1
1764939,50.8,8.83,448.67,40.29,2353.252,1
1765673,51.28,6.76,346.64,40.57,2354.230667,1
1766439,52.81,0,0,40.62,2355.252,0
1767189,52.88,0,0,40.62,2356.252,0
1767939,52.92,0,0,40.62,2357.252,0
1768689,52.95,0,0,40.62,2358.252,0
1769439,52.97,0,0,40.62,2359.252,0
1770189,52.99,0,0,40.62,2360.252,0
1770923,53,0,0,40.62,2361.230667,0
1771673,53.02,0,0,40.62,2362.230667,0
1772439,53.03,0,0,40.62,2363.252,0
1773189,53.04,0,0,40.62,2364.252,0
1773939,53.05,0,0,40.62,2365.252,0
1774689,53.06,0,0,40.62,2366.252,0
1775439,53.06,0,0,40.62,2367.252,0
1776189,53.07,0,0,40.62,2368.252,0
1776939,53.07,0,0,40.62,2369.252,0
1777673,53.08,0,0,40.62,2370.230667,0
1778423,53.08,0,0,40.62,2371.230667,0
1779173,53.09,0,0,40.62,2372.230667,0
1779923,53.09,0,0,40.62,2373.230667,0
1780673,53.1,0,0,40.62,2374.230667,0
1781423,53.1,0,0,40.62,2375.230667,0
1782173,53.1,0,0,40.62,2376.230667,0
1782939,53.1,0,0,40.62,2377.252,0
1783673,53.11,0,0,40.62,2378.230667,0
1784423,53.11,0,0,40.62,2379.230667,0
1785173,53.11,0,0,40.62,2380.230667,0
1785939,53.11,0,0,40.62,2381.252,0
1786689,53.12,0,0,40.62,2382.252,0
1787439,53.12,0,0,40.62,2383.252,0
1788189,53.12,0,0,40.62,2384.252,0
1788923,53.12,0,0,40.62,2385.230667,0
1789689,53.12,0,0,40.62,2386.252,0
1790439,53.13,0,0,40.62,2387.252,0
1791189,53.13,0,0,40.62,2388.252,0
1791939,53.13,0,0,40.62,2389.252,0
1792689,53.13,0,0,40.62,2390.252,0
1793423,53.13,0,0,40.62,2391.230667,0
1794189,53.13,0,0,40.62,2392.252,0
1794939,53.13,0,0,40.62,2393.252,0
1795689,53.13,0,0,40.62,2394.252,0
1796439,53.14,0,0,40.62,2395.252,0
1797189,53.14,0,0,40.62,2396.252,0
1797923,53.14,0,0,40.62,2397.230667,0
1798673,53.14,0,0,40.62,2398.230667,0
1799439,53.14,0,0,40.62,2399.252,0
1800173,53.14,0,0,40.62,2400.230667,0
1800923,53.14,0,0,40.62,2401.230667,0
1801689,53.14,0,0,40.62,2402.252,0
1802423,53.14,0,0,40.62,2403.230667,0
1803173,53.14,0,0,40.62,2404.230667,0
1803923,53.14,0,0,40.62,2405.230667,0
1804673,53.15,0,0,40.62,2406.230667,0
1805439,53.15,0,0,40.62,2407.252,0
1806173,53.15,0,0,40.62,2408.230667,0
1806923,53.15,0,0,40.62,2409.230667,0
1807673,53.15,0,0,40.62,2410.230667,0
1808439,53.15,0,0,40.62,2411.252,0
1809173,53.15,0,0,40.62,2412.230667,0
1809939,53.15,0,0,40.62,2413.252,0
1810689,53.15,0,0,40.62,2414.252,0
1811439,53.15,0,0,40.62,2415.252,0
1812173,53.15,0,0,40.62,2416.230667,0
1812939,53.15,0,0,40.62,2417.252,0
1813689,53.15,0,0,40.62,2418.252,0
1814423,53.15,0,0,40.62,2419.230667,0
1815173,53.15,0,0,40.62,2420.230667,0
1815923,53.15,0,0,40.62,2421.230667,0
1816689,53.15,0,0,40.62,2422.252,0
1817423,53.15,0,0,40.62,2423.230667,0
1818173,53.15,0,0,40.62,2424.230667,0
1818939,53.15,0,0,40.62,2425.252,0
1819689,53.16,0,0,40.62,2426.252,0
1820423,53.16,0,0,40.62,2427.230667,0
1821173,53.16,0,0,40.62,2428.230667,0
1821923,53.16,0,0,40.62,2429.230667,0
1822689,53.16,0,0,40.62,2430.252,0
1823439,53.16,0,0,40.62,2431.252,0
1824173,53.16,0,0,40.62,2432.230667,0
1824939,53.16,0,0,40.62,2433.252,0
1825689,53.16,0,0,40.62,2434.252,0
1826423,53.16,0,0,40.62,2435.230667,0
1827173,53.16,0,0,40.62,2436.230667,0
1827923,53.16,0,0,40.62,2437.230667,0
1828689,53.16,0,0,40.62,2438.252,0
1829439,53.16,0,0,40.62,2439.252,0
1830189,53.16,0,0,40.62,2440.252,0
1830939,53.16,0,0,40.62,2441.252,0
1831673,53.16,0,0,40.62,2442.230667,0
1832439,53.16,0,0,40.62,2443.252,0
1833173,53.16,0,0,40.62,2444.230667,0
1833939,53.16,0,0,40.62,2445.252,0
1834673,53.16,0,0,40.62,2446.230667,0
1835439,53.16,0,0,40.62,2447.252,0
1836189,53.16,0,0,40.62,2448.252,0
1836939,53.16,0,0,40.62,2449.252,0
1837673,53.16,0,0,40.62,2450.230667,0
1838423,53.16,0,0,40.62,2451.230667,0
1839189,53.16,0,0,40.62,2452.252,0
1839923,53.16,0,0,40.62,2453.230667,0
1840673,53.16,0,0,40.62,2454.230667,0
1841423,53.16,0,0,40.62,2455.230667,0
1842189,53.16,0,0,40.62,2456.252,0
1842939,53.16,0,0,40.62,2457.252,0
1843689,53.16,0,0,40.62,2458.252,0
1844439,53.16,0,0,40.62,2459.252,0
1845189,53.16,0,0,40.62,2460.252,0
1845923,53.16,0,0,40.62,2461.230667,0
1846673,53.16,0,0,40.62,2462.230667,0
1847423,53.16,0,0,40.62,2463.230667,0
1848173,53.16,0,0,40.62,2464.230667,0
1848923,53.16,0,0,40.62,2465.230667,0
1849673,53.16,0,0,40.62,2466.230667,0
1850439,53.16,0,0,40.62,2467.252,0
1851189,53.16,0,0,40.62,2468.252,0
1851939,53.16,0,0,40.62,2469.252,0
1852689,53.16,0,0,40.62,2470.252,0
1853439,53.16,0,0,40.62,2471.252,0
1854173,53.16,0,0,40.62,2472.230667,0
1854923,53.16,0,0,40.62,2473.230667,0
1855673,53.17,0,0,40.62,2474.230667,0
1856439,53.16,0,0,40.62,2475.252,0
1857173,53.16,0,0,40.62,2476.230667,0
1857939,53.17,0,0,40.62,2477.252,0
1858673,53.17,0,0,40.62,2478.230667,0
1859439,53.16,0,0,40.62,2479.252,0
1860189,53.16,0,0,40.62,2480.252,0
1860939,53.16,0,0,40.62,2481.252,0
1861673,53.17,0,0,40.62,2482.230667,0
1862423,53.17,0,0,40.62,2483.230667,0
1863173,53.17,0,0,40.62,2484.230667,0
1863939,53.17,0,0,40.62,2485.252,0
1864673,53.16,0,0,40.62,2486.230667,0
1865439,53.17,0,0,40.62,2487.252,0
1866173,53.17,0,0,40.62,2488.230667,0
1866939,53.17,0,0,40.62,2489.252,0
1867689,53.17,0,0,40.62,2490.252,0
1868423,53.17,0,0,40.62,2491.230667,0
1869173,53.17,0,0,40.62,2492.230667,0
1869939,53.17,0,0,40.62,2493.252,0
1870689,53.17,0,0,40.62,2494.252,0
1871439,53.17,0,0,40.62,2495.252,0
1872173,53.17,0,0,40.62,2496.230667,0
1872923,53.17,0,0,40.62,2497.230667,0
1873673,53.17,0,0,40.62,2498.230667,0
1874439,53.17,0,0,40.62,2499.252,0
1875189,53.17,0,0,40.62,2500.252,0
1875939,53.17,0,0,40.62,2501.252,0
1876673,53.17,0,0,40.62,2502.230667,0
1877439,53.17,0,0,40.62,2503.252,0
1878173,53.17,0,0,40.62,2504.230667,0
1878923,53.17,0,0,40.62,2505.230667,0
1879673,53.17,0,0,40.62,2506.230667,0
1880439,53.17,0,0,40.62,2507.252,0
1881189,53.17,0,0,40.62,2508.252,0
1881923,53.17,0,0,40.62,2509.230667,0
1882673,53.17,0,0,40.62,2510.230667,0
1883423,53.17,0,0,40.62,2511.230667,0
1884189,53.17,0,0,40.62,2512.252,0
1884939,53.17,0,0,40.62,2513.252,0
1885689,53.17,0,0,40.62,2514.252,0
1886439,53.17,0,0,40.62,2515.252,0
1887189,53.17,0,0,40.62,2516.252,0
1887939,53.17,0,0,40.62,2517.252,0
1888673,53.17,0,0,40.62,2518.230667,0
1889423,53.17,0,0,40.62,2519.230667,0
1890173,53.17,0,0,40.62,2520.230667,0
1890923,53.17,0,0,40.62,2521.230667,0
1891689,53.17,0,0,40.62,2522.252,0
1892439,53.17,0,0,40.62,2523.252,0
1893189,53.17,0,0,40.62,2524.252,0
1893923,53.17,0,0,40.62,2525.230667,0
1894673,53.17,0,0,40.62,2526.230667,0
1895423,53.17,0,0,40.62,2527.230667,0
1896189,53.17,0,0,40.62,2528.252,0
1896939,53.17,0,0,40.62,2529.252,0
1897673,53.17,0,0,40.62,2530.230667,0
1898423,53.17,0,0,40.62,2531.230667,0
1899189,53.17,0,0,40.62,2532.252,0
1899939,53.17,0,0,40.62,2533.252,0
1900689,53.17,0,0,40.62,2534.252,0
1901439,53.17,0,0,40.62,2535.252,0
1902189,53.17,0,0,40.62,2536.252,0
1902923,53.17,0,0,40.62,2537.230667,0
1903689,53.17,0,0,40.62,2538.252,0
1904439,53.17,0,0,40.62,2539.252,0
1905189,53.17,0,0,40.62,2540.252,0
1905939,53.17,0,0,40.62,2541.252,0
1906689,53.17,0,0,40.62,2542.252,0
1907423,53.17,0,0,40.62,2543.230667,0
1908189,53.17,0,0,40.62,2544.252,0
1908939,53.18,0,0,40.62,2545.252,0
1909673,53.18,0,0,40.62,2546.230667,0
1910439,53.18,0,0,40.62,2547.252,0
1911189,53.18,0,0,40.62,2548.252,0
1911923,53.18,0,0,40.62,2549.230667,0
1912673,53.18,0,0,40.62,2550.230667,0
1913439,53.18,0,0,40.62,2551.252,0
1914189,53.18,0,0,40.62,2552.252,0
1914939,53.18,0,0,40.62,2553.252,0
1915689,53.18,0,0,40.62,2554.252,0
1916439,53.19,0,0,40.62,2555.252,0
1917189,53.19,0,0,40.62,2556.252,0
1917939,53.19,0,0,40.62,2557.252,0
1918673,53.19,0,0,40.62,2558.230667,0
1919439,53.19,0,0,40.62,2559.252,0
1920173,53.19,0,0,40.62,2560.230667,0
1920939,53.19,0,0,40.62,2561.252,0
1921673,53.19,0,0,40.62,2562.230667,0
1922439,53.19,0,0,40.62,2563.252,0
1923173,53.19,0,0,40.62,2564.230667,0
1923923,53.19,0,0,40.62,2565.230667,0
1924673,53.19,0,0,40.62,2566.230667,0
1925439,53.19,0,0,40.62,2567.252,0
1926189,53.19,0,0,40.62,2568.252,0
1926939,53.19,0,0,40.62,2569.252,0
1927689,53.19,0,0,40.62,2570.252,0
1928439,53.19,0,0,40.62,2571.252,0
1929173,53.19,0,0,40.62,2572.230667,0
1929939,53.19,0,0,40.62,2573.252,0
1930673,53.19,0,0,40.62,2574.230667,0
1931439,53.19,0,0,40.62,2575.252,0
1932173,53.19,0,0,40.62,2576.230667,0
1932939,53.19,0,0,40.62,2577.252,0
1933673,53.19,0,0,40.62,2578.230667,0
1934439,53.19,0,0,40.62,2579.252,0
1935173,53.19,0,0,40.62,2580.230667,0
1935939,53.19,0,0,40.62,2581.252,0
1936689,53.19,0,0,40.62,2582.252,0
1937423,53.19,0,0,40.62,2583.230667,0
1938173,53.19,0,0,40.62,2584.230667,0
1938939,53.19,0,0,40.62,2585.252,0
1939689,53.19,0,0,40.62,2586.252,0
1940423,53.19,0,0,40.62,2587.230667,0
1941173,53.19,0,0,40.62,2588.230667,0
1941939,53.19,0,0,40.62,2589.252,0
1942673,53.19,0,0,40.62,2590.230667,0
1943423,53.19,0,0,40.62,2591.230667,0
1944173,53.19,0,0,40.62,2592.230667,0
1944939,53.19,0,0,40.62,2593.252,0
1945689,53.19,0,0,40.62,2594.252,0
1946439,53.19,0,0,40.62,2595.252,0
1947189,53.19,0,0,40.62,2596.252,0
1947939,53.19,0,0,40.62,2597.252,0
1948673,53.19,0,0,40.62,2598.230667,0
1949423,53.19,0,0,40.62,2599.230667,0
1950173,53.19,0,0,40.62,2600.230667,0
1950923,53.19,0,0,40.62,2601.230667,0
1951689,53.19,0,0,40.62,2602.252,0
1952439,53.19,0,0,40.62,2603.252,0
1953173,53.19,0,0,40.62,2604.230667,0
1953923,53.19,0,0,40.62,2605.230667,0
1954673,53.19,0,0,40.62,2606.230667,0
1955439,53.19,0,0,40.62,2607.252,0
1956173,53.19,0,0,40.62,2608.230667,0
1956939,53.19,0,0,40.62,2609.252,0
1957673,53.19,0,0,40.62,2610.230667,0
1958439,53.19,0,0,40.62,2611.252,0
1959189,53.19,0,0,40.62,2612.252,0
1959939,53.19,0,0,40.62,2613.252,0
1960673,53.19,0,0,40.62,2614.230667,0
1961439,53.19,0,0,40.62,2615.252,0
1962189,53.19,0,0,40.62,2616.252,0
1962939,53.19,0,0,40.62,2617.252,0
1963673,53.19,0,0,40.62,2618.230667,0
1964439,53.19,0,0,40.62,2619.252,0
1965189,53.19,0,0,40.62,2620.252,0
1965923,53.19,0,0,40.62,2621.230667,0
1966673,53.19,0,0,40.62,2622.230667,0
1967439,53.19,0,0,40.62,2623.252,0
1968173,53.19,0,0,40.62,2624.230667,0
1968939,53.19,0,0,40.62,2625.252,0
1969689,53.19,0,0,40.62,2626.252,0
1970423,53.19,0,0,40.62,2627.230667,0
1971189,53.19,0,0,40.62,2628.252,0
1971923,53.19,0,0,40.62,2629.230667,0
1972689,53.19,0,0,40.62,2630.252,0
1973439,53.19,0,0,40.62,2631.252,0
1974173,53.19,0,0,40.62,2632.230667,0
1974923,53.19,0,0,40.62,2633.230667,0
1975689,53.19,0,0,40.62,2634.252,0
1976423,53.19,0,0,40.62,2635.230667,0
1977189,53.19,0,0,40.62,2636.252,0
1977939,53.19,0,0,40.62,2637.252,0
1978689,53.19,0,0,40.62,2638.252,0
1979439,53.19,0,0,40.62,2639.252,0
1980189,53.19,0,0,40.62,2640.252,0
1980923,53.19,0,0,40.62,2641.230667,0
1981689,53.19,0,0,40.62,2642.252,0
1982423,53.19,0,0,40.62,2643.230667,0
1983189,53.19,0,0,40.62,2644.252,0
1983939,53.19,0,0,40.62,2645.252,0
1984673,53.19,0,0,40.62,2646.230667,0
1985439,53.19,0,0,40.62,2647.252,0
1986189,53.19,0,0,40.62,2648.252,0
1986939,53.19,0,0,40.62,2649.252,0
1987689,53.19,0,0,40.62,2650.252,0
1988423,53.19,0,0,40.62,2651.230667,0
1989173,53.19,0,0,40.62,2652.230667,0
1989939,53.2,0,0,40.62,2653.252,0
1990673,53.19,0,0,40.62,2654.230667,0
1991423,53.19,0,0,40.62,2655.230667,0
1992173,53.19,0,0,40.62,2656.230667,0
1992939,53.19,0,0,40.62,2657.252,0
1993689,53.19,0,0,40.62,2658.252,0
1994423,53.19,0,0,40.62,2659.230667,0
1995189,53.19,0,0,40.62,2660.252,0
1995939,53.2,0,0,40.62,2661.252,0
1996673,53.19,0,0,40.62,2662.230667,0
1997439,53.19,0,0,40.62,2663.252,0
1998189,53.19,0,0,40.62,2664.252,0
1998939,53.2,0,0,40.62,2665.252,0
1999689,53.2,0,0,40.62,2666.252,0
2000439,53.2,0,0,40.62,2667.252,0
2001189,53.2,0,0,40.62,2668.252,0
2001923,53.2,0,0,40.62,2669.230667,0
2002689,53.2,0,0,40.62,2670.252,0
2003439,53.2,0,0,40.62,2671.252,0
2004189,53.2,0,0,40.62,2672.252,0
2004939,53.2,0,0,40.62,2673.252,0
2005673,53.2,0,0,40.62,2674.230667,0
2006423,53.2,0,0,40.62,2675.230667,0
2007189,53.2,0,0,40.62,2676.252,0
2007939,53.2,0,0,40.62,2677.252,0
2008689,53.2,0,0,40.62,2678.252,0
2009439,53.2,0,0,40.62,2679.252,0
2010189,53.2,0,0,40.62,2680.252,0
2010939,53.2,0,0,40.62,2681.252,0
2011673,53.2,0,0,40.62,2682.230667,0
2012439,53.2,0,0,40.62,2683.252,0
2013189,53.2,0,0,40.62,2684.252,0
2013923,53.2,0,0,40.62,2685.230667,0
2014673,53.2,0,0,40.62,2686.230667,0
2015439,53.2,0,0,40.62,2687.252,0
2016189,53.2,0,0,40.62,2688.252,0
2016923,53.2,0,0,40.62,2689.230667,0
2017673,53.2,0,0,40.62,2690.230667,0
2018439,53.2,0,0,40.62,2691.252,0
2019189,53.2,0,0,40.62,2692.252,0
2019923,53.2,0,0,40.62,2693.230667,0
2020673,53.2,0,0,40.62,2694.230667,0
2021439,53.2,0,0,40.62,2695.252,0
2022173,53.2,0,0,40.62,2696.230667,0
2022939,53.2,0,0,40.62,2697.252,0
2023689,53.2,0,0,40.62,2698.252,0
2024439,53.2,0,0,40.62,2699.252,0
2025189,53.2,0,0,40.62,2700.252,0
2025923,53.2,0,0,40.62,2701.230667,0
2026689,53.2,0,0,40.62,2702.252,0
2027423,53.2,0,0,40.62,2703.230667,0
2028189,53.2,0,0,40.62,2704.252,0
2028939,53.2,0,0,40.62,2705.252,0
2029689,53.2,0,0,40.62,2706.252,0
2030423,53.2,0,0,40.62,2707.230667,0
2031189,53.2,0,0,40.62,2708.252,0
2031939,53.2,0,0,40.62,2709.252,0
2032689,53.2,0,0,40.62,2710.252,0
2033423,53.2,0,0,40.62,2711.230667,0
2034173,53.2,0,0,40.62,2712.230667,0
2034939,53.2,0,0,40.62,2713.252,0
2035673,53.2,0,0,40.62,2714.230667,0
2036423,53.2,0,0,40.62,2715.230667,0
2037189,53.2,0,0,40.62,2716.252,0
2037939,53.2,0,0,40.62,2717.252,0
2038673,53.2,0,0,40.62,2718.230667,0
2039439,53.2,0,0,40.62,2719.252,0
2040189,53.2,0,0,40.62,2720.252,0
2040923,53.2,0,0,40.62,2721.230667,0
2041689,53.2,0,0,40.62,2722.252,0
2042439,53.2,0,0,40.62,2723.252,0
2043173,53.2,0,0,40.62,2724.230667,0
2043939,53.2,0,0,40.62,2725.252,0
2044689,53.2,0,0,40.62,2726.252,0
2045439,53.2,0,0,40.62,2727.252,0
2046189,53.2,0,0,40.62,2728.252,0
2046923,53.2,0,0,40.62,2729.230667,0
2047673,53.2,0,0,40.62,2730.230667,0
2048439,53.2,0,0,40.62,2731.252,0
2049173,53.2,0,0,40.62,2732.230667,0
2049923,53.2,0,0,40.62,2733.230667,0
2050673,53.2,0,0,40.62,2734.230667,0
2051423,53.2,0,0,40.62,2735.230667,0
2052173,53.2,0,0,40.62,2736.230667,0
2052939,53.2,0,0,40.62,2737.252,0
2053673,53.2,0,0,40.62,2738.230667,0
2054423,53.2,0,0,40.62,2739.230667,0
2055189,53.2,0,0,40.62,2740.252,0
2055923,53.2,0,0,40.62,2741.230667,0
2056689,53.2,0,0,40.62,2742.252,0
2057439,53.2,0,0,40.62,2743.252,0
2058189,53.2,0,0,40.62,2744.252,0
2058923,53.2,0,0,40.62,2745.230667,0
2059673,53.2,0,0,40.62,2746.230667,0
2060439,53.2,0,0,40.62,2747.252,0
2061189,53.2,0,0,40.62,2748.252,0
2061939,53.2,0,0,40.62,2749.252,0
2062673,53.2,0,0,40.62,2750.230667,0
2063439,53.2,0,0,40.62,2751.252,0
2064189,53.2,0,0,40.62,2752.252,0
2064939,53.2,0,0,40.62,2753.252,0
2065689,53.2,0,0,40.62,2754.252,0
2066423,53.2,0,0,40.62,2755.230667,0
2067189,53.2,0,0,40.62,2756.252,0
2067923,53.2,0,0,40.62,2757.230667,0
2068689,53.2,0,0,40.62,2758.252,0
2069423,53.2,0,0,40.62,2759.230667,0
2070189,53.2,0,0,40.62,2760.252,0
2070923,53.2,0,0,40.62,2761.230667,0
2071673,53.2,0,0,40.62,2762.230667,0
2072439,53.2,0,0,40.62,2763.252,0
2073189,53.2,0,0,40.62,2764.252,0
2073923,53.2,0,0,40.62,2765.230667,0
2074673,53.2,0,0,40.62,2766.230667,0
2075439,53.2,0,0,40.62,2767.252,0
2076189,53.2,0,0,40.62,2768.252,0
2076939,53.2,0,0,40.62,2769.252,0
2077673,53.2,0,0,40.62,2770.230667,0
2078439,53.2,0,0,40.62,2771.252,0
2079189,53.2,0,0,40.62,2772.252,0
2079939,53.2,0,0,40.62,2773.252,0
2080689,53.2,0,0,40.62,2774.252,0
2081423,53.2,0,0,40.62,2775.230667,0
2082189,53.2,0,0,40.62,2776.252,0
2082923,53.2,0,0,40.62,2777.230667,0
2083689,53.2,0,0,40.62,2778.252,0
2084439,53.2,0,0,40.62,2779.252,0
2085189,53.2,0,0,40.62,2780.252,0
2085939,53.2,0,0,40.62,2781.252,0
2086673,53.2,0,0,40.62,2782.230667,0
2087423,53.2,0,0,40.62,2783.230667,0
2088173,53.2,0,0,40.62,2784.230667,0
2088923,53.2,0,0,40.62,2785.230667,0
2089673,53.2,0,0,40.62,2786.230667,0
2090439,53.2,0,0,40.62,2787.252,0
2091189,53.2,0,0,40.62,2788.252,0
2091923,53.2,0,0,40.62,2789.230667,0
2092689,53.2,0,0,40.62,2790.252,0
2093439,53.2,0,0,40.62,2791.252,0
2094173,53.2,0,0,40.62,2792.230667,0
2094939,53.2,0,0,40.62,2793.252,0
2095673,53.2,0,0,40.62,2794.230667,0
