Timestamp,Voltage,Current,Power,Energy
202,52.9,0,0,0
951,53.09,0,0,0
1684,53.11,0,0,0
2434,53.12,0,0,0
3184,53.12,0,0,0
3951,53.12,0,0,0
4701,53.12,0,0,0
5451,53.12,0,0,0
6184,53.12,0,0,0
6951,53.13,0,0,0
7701,53.13,0,0,0
8434,53.13,0,0,0
9184,53.13,0,0,0
9934,53.13,0,0,0
10701,53.13,0,0,0
11451,53.13,0,0,0
12201,53.13,0,0,0
12952,53.13,0,0,0
13684,53.13,0,0,0
14452,53.13,0,0,0
15201,53.13,0,0,0
15934,53.13,0,0,0
16701,53.13,0,0,0
17434,53.13,0,0,0
18201,53.13,0,0,0
18952,53.13,0,0,0
19701,53.13,0,0,0
20452,53.13,0,0,0
21201,53.13,0,0,0
21952,53.13,0,0,0
22684,53.13,0,0,0
23434,53.13,0,0,0
24184,53.13,0,0,0
24934,53.13,0,0,0
25684,53.13,0,0,0
26452,53.13,0,0,0
27201,53.13,0,0,0
27934,53.13,0,0,0
28701,53.13,0,0,0
29434,53.13,0,0,0
30201,53.13,0,0,0
30934,53.13,0,0,0
31701,53.13,0,0,0
32452,53.13,0,0,0
33201,53.13,0,0,0
33934,53.13,0,0,0
34684,53.13,0,0,0
35452,53.13,0,0,0
36201,53.13,0,0,0
36952,53.13,0,0,0
37701,53.13,0,0,0
38452,53.13,0,0,0
39201,53.13,0,0,0
39952,53.13,0,0,0
40701,53.13,0,0,0
41452,53.13,0,0,0
42201,53.13,0,0,0
42952,53.13,0,0,0
43684,53.13,0,0,0
44452,53.13,0,0,0
45201,53.13,0,0,0
45934,53.13,0,0,0
46701,53.13,0,0,0
47434,53.13,0,0,0
48201,53.13,0,0,0
48934,53.13,0,0,0
49701,53.13,0,0,0
50434,53.13,0,0,0
51184,53.13,0,0,0
51952,53.13,0,0,0
52701,53.13,0,0,0
53452,53.13,0,0,0
54184,53.13,0,0,0
54952,53.13,0,0,0
55701,53.13,0,0,0
56452,53.13,0,0,0
57184,53.13,0,0,0
57934,53.13,0,0,0
58701,53.13,0,0,0
59452,53.13,0,0,0
60201,53.13,0,0,0
60952,53.13,0,0,0
61701,53.13,0,0,0
62452,53.13,0,0,0
63184,53.13,0,0,0
63934,53.13,0,0,0
64684,53.13,0,0,0
65452,53.13,0,0,0
66201,53.13,0,0,0
66934,53.13,0,0,0
67701,53.13,0,0,0
68434,53.13,0,0,0
69201,53.13,0,0,0
69952,53.13,0,0,0
70701,53.13,0,0,0
71452,53.13,0,0,0
72201,53.13,0,0,0
72952,53.13,0,0,0
73701,53.13,0,0,0
74452,53.13,0,0,0
75201,53.13,0,0,0
75952,53.13,0,0,0
76684,53.13,0,0,0
77452,53.13,0,0,0
78184,53.13,0,0,0
78934,53.13,0,0,0
79701,53.13,0,0,0
80452,53.13,0,0,0
81184,53.13,0,0,0
81934,53.13,0,0,0
82684,53.13,0,0,0
83452,53.13,0,0,0
84184,53.13,0,0,0
84934,53.13,0,0,0
85701,53.13,0,0,0
86452,53.13,0,0,0
87184,53.13,0,0,0
87934,53.13,0,0,0
88701,53.13,0,0,0
89434,53.13,0,0,0
90201,53.13,0,0,0
90952,53.13,0,0,0
91701,53.13,0,0,0
92434,53.13,0,0,0
93184,53.13,0,0,0
93952,53.13,0,0,0
94701,53.13,0,0,0
95434,53.13,0,0,0
96184,53.13,0,0,0
96934,53.13,0,0,0
97701,53.13,0,0,0
98452,53.13,0,0,0
99201,53.13,0,0,0
99952,53.13,0,0,0
100701,53.13,0,0,0
101452,53.13,0,0,0
102184,53.13,0,0,0
102952,53.13,0,0,0
103684,53.13,0,0,0
104434,53.13,0,0,0
105184,53.13,0,0,0
105934,53.13,0,0,0
106684,53.13,0,0,0
107434,53.13,0,0,0
108184,53.13,0,0,0
108934,53.13,0,0,0
109684,53.13,0,0,0
110452,53.13,0,0,0
111184,53.13,0,0,0
111952,53.13,0,0,0
112684,53.13,0,0,0
113452,53.13,0,0,0
114201,53.13,0,0,0
114934,53.13,0,0,0
115701,53.13,0,0,0
116434,53.13,0,0,0
117184,53.13,0,0,0
117952,53.13,0,0,0
118684,53.13,0,0,0
119434,53.13,0,0,0
120184,53.13,0,0,0
120934,53.13,0,0,0
121701,53.13,0,0,0
122452,53.13,0,0,0
123184,53.13,0,0,0
123952,53.13,0,0,0
124701,53.13,0,0,0
125434,53.13,0,0,0
126184,53.13,0,0,0
126952,53.13,0,0,0
127701,53.13,0,0,0
128434,53.13,0,0,0
129201,53.13,0,0,0
129952,53.13,0,0,0
130701,53.13,0,0,0
131452,53.13,0,0,0
132184,53.13,0,0,0
132934,53.13,0,0,0
133701,53.13,0,0,0
134434,53.13,0,0,0
135184,53.13,0,0,0
135952,53.13,0,0,0
136684,53.13,0,0,0
137434,53.13,0,0,0
138184,53.13,0,0,0
138952,53.13,0,0,0
139684,53.13,0,0,0
140452,53.13,0,0,0
141184,53.13,0,0,0
141952,53.13,0,0,0
142701,53.13,0,0,0
143434,53.13,0,0,0
144201,53.13,0,0,0
144952,53.13,0,0,0
145701,53.13,0,0,0
146452,53.13,0,0,0
147184,53.13,0,0,0
147934,53.13,0,0,0
148684,53.13,0,0,0
149452,53.13,0,0,0
150184,53.13,0,0,0
150934,53.13,0,0,0
151701,53.13,0,0,0
152452,53.13,0,0,0
153184,53.13,0,0,0
153952,53.13,0,0,0
154701,53.13,0,0,0
155434,53.13,0,0,0
156201,53.13,0,0,0
156952,53.13,0,0,0
157702,53.13,0,0,0
158452,53.13,0,0,0
159184,53.13,0,0,0
159952,53.13,0,0,0
160684,53.13,0,0,0
161452,53.13,0,0,0
162184,53.13,0,0,0
162952,53.13,0,0,0
163701,53.13,0,0,0
164434,53.13,0,0,0
165184,53.13,0,0,0
165934,53.13,0,0,0
166701,53.13,0,0,0
167434,53.13,0,0,0
168202,53.13,0,0,0
168952,53.13,0,0,0
169702,53.13,0,0,0
170434,53.13,0,0,0
171201,53.13,0,0,0
171934,53.13,0,0,0
172684,53.13,0,0,0
173452,53.13,0,0,0
174201,53.13,0,0,0
174934,53.13,0,0,0
175701,53.13,0,0,0
176434,53.13,0,0,0
177184,53.13,0,0,0
177952,53.13,0,0,0
178701,53.13,0,0,0
179452,53.13,0,0,0
180184,53.13,0,0,0
180952,53.13,0,0,0
181702,53.13,0,0,0
182452,53.13,0,0,0
183201,53.13,0,0,0
183934,53.13,0,0,0
184684,53.13,0,0,0
185434,53.13,0,0,0
186201,53.13,0,0,0
186934,53.13,0,0,0
187701,53.13,0,0,0
188452,53.13,0,0,0
189201,53.13,0,0,0
189952,53.13,0,0,0
190701,53.13,0,0,0
191452,53.13,0,0,0
192201,53.13,0,0,0
192934,53.13,0,0,0
193701,53.13,0,0,0
194452,53.13,0,0,0
195201,53.13,0,0,0
195952,53.13,0,0,0
196701,53.13,0,0,0
197452,53.13,0,0,0
198184,53.13,0,0,0
198934,53.13,0,0,0
199702,53.13,0,0,0
200434,53.13,0,0,0
201201,53.13,0,0,0
201952,53.13,0,0,0
202701,53.13,0,0,0
203452,53.13,0,0,0
204202,53.13,0,0,0
204934,53.13,0,0,0
205702,53.13,0,0,0
206434,53.13,0,0,0
207201,53.13,0,0,0
207952,53.13,0,0,0
208684,53.13,0,0,0
209434,53.13,0,0,0
210201,53.13,0,0,0
210952,53.13,0,0,0
211684,53.13,0,0,0
212452,53.13,0,0,0
213201,53.13,0,0,0
213952,53.13,0,0,0
214701,53.13,0,0,0
215434,53.13,0,0,0
216201,53.13,0,0,0
216952,53.13,0,0,0
217684,53.13,0,0,0
218452,53.13,0,0,0
219184,53.13,0,0,0
219952,53.13,0,0,0
220701,53.13,0,0,0
221452,53.13,0,0,0
222201,53.13,0,0,0
222952,53.13,0,0,0
223684,53.13,0,0,0
224452,53.13,0,0,0
225201,53.13,0,0,0
225934,53.13,0,0,0
226702,53.13,0,0,0
227452,53.13,0,0,0
228201,53.13,0,0,0
228952,53.13,0,0,0
229701,53.13,0,0,0
230434,53.13,0,0,0
231184,53.13,0,0,0
231952,53.13,0,0,0
232701,53.13,0,0,0
233434,53.13,0,0,0
234201,53.13,0,0,0
234934,53.13,0,0,0
235684,53.13,0,0,0
236434,53.13,0,0,0
237201,53.13,0,0,0
237952,53.13,0,0,0
238701,53.13,0,0,0
239452,53.13,0,0,0
240201,53.13,0,0,0
240952,53.13,0,0,0
241684,53.13,0,0,0
242434,53.13,0,0,0
243201,53.13,0,0,0
243952,53.13,0,0,0
244702,53.13,0,0,0
245434,53.13,0,0,0
246201,53.13,0,0,0
246952,53.13,0,0,0
247684,53.13,0,0,0
248452,53.13,0,0,0
249201,53.13,0,0,0
249952,53.13,0,0,0
250701,53.13,0,0,0
251452,53.13,0,0,0
252201,53.13,0,0,0
252952,53.13,0,0,0
253684,53.13,0,0,0
254452,53.13,0,0,0
255184,53.13,0,0,0
255934,53.13,0,0,0
256701,53.13,0,0,0
257452,53.13,0,0,0
258184,53.13,0,0,0
258934,53.13,0,0,0
259684,53.13,0,0,0
260452,53.13,0,0,0
261201,53.13,0,0,0
261952,53.13,0,0,0
262701,53.13,0,0,0
263434,53.13,0,0,0
264184,53.13,0,0,0
264934,53.13,0,0,0
265702,53.13,0,0,0
266452,53.13,0,0,0
267201,53.13,0,0,0
267934,53.13,0,0,0
268701,53.13,0,0,0
269434,53.13,0,0,0
270202,53.13,0,0,0
270934,53.13,0,0,0
271684,53.13,0,0,0
272434,53.13,0,0,0
273201,53.13,0,0,0
273934,53.13,0,0,0
274684,53.13,0,0,0
275452,53.13,0,0,0
276184,53.13,0,0,0
276952,53.13,0,0,0
277701,53.13,0,0,0
278452,53.13,0,0,0
279184,53.13,0,0,0
279934,53.13,0,0,0
280701,53.13,0,0,0
281434,53.13,0,0,0
282201,53.13,0,0,0
282952,53.13,0,0,0
283701,53.13,0,0,0
284452,53.13,0,0,0
285201,53.13,0,0,0
285934,53.13,0,0,0
286684,53.13,0,0,0
287434,53.13,0,0,0
288184,53.13,0,0,0
288952,53.13,0,0,0
289701,53.13,0,0,0
290452,53.13,0,0,0
291202,53.13,0,0,0
291952,53.13,0,0,0
292684,53.13,0,0,0
293451,53.13,0,0,0
294201,53.13,0,0,0
294934,53.13,0,0,0
295684,53.13,0,0,0
296451,53.13,0,0,0
297184,53.13,0,0,0
297951,53.13,0,0,0
298701,53.13,0,0,0
299451,53.13,0,0,0
300201,53.13,0,0,0
300934,53.13,0,0,0
301684,53.13,0,0,0
302434,53.13,0,0,0
303201,53.13,0,0,0
303951,53.13,0,0,0
304684,53.13,0,0,0
305451,53.13,0,0,0
306201,53.13,0,0,0
306951,53.13,0,0,0
307684,53.13,0,0,0
308451,53.13,0,0,0
309201,53.13,0,0,0
309934,53.13,0,0,0
310684,53.13,0,0,0
311451,53.13,0,0,0
312184,53.13,0,0,0
312951,53.13,0,0,0
313684,53.13,0,0,0
314434,53.13,0,0,0
315201,53.13,0,0,0
315951,53.13,0,0,0
316684,53.13,0,0,0
317434,53.13,0,0,0
318201,53.13,0,0,0
318951,53.13,0,0,0
319701,53.13,0,0,0
320434,53.13,0,0,0
321184,53.13,0,0,0
321951,53.13,0,0,0
322701,53.13,0,0,0
323434,53.13,0,0,0
324201,53.13,0,0,0
324951,53.13,0,0,0
325701,53.13,0,0,0
326434,53.13,0,0,0
327184,53.13,0,0,0
327951,53.13,0,0,0
328701,53.13,0,0,0
329451,53.13,0,0,0
330201,53.13,0,0,0
330951,53.13,0,0,0
331684,53.13,0,0,0
332451,53.13,0,0,0
333201,53.13,0,0,0
333951,53.11,0,0,0
334684,53.11,0,0,0
335451,53.12,0,0,0
336201,53.11,0,0,0
336934,53.11,0,0,0
337684,53.11,0,0,0
338434,53.11,0,0,0
339201,53.11,0,0,0
339951,53.11,0,0,0
340684,53.11,0,0,0
341451,53.12,0,0,0
342184,53.12,0,0,0
342951,53.12,0,0,0
343684,53.12,0,0,0
344451,53.12,0,0,0
345184,53.12,0,0,0
345934,53.12,0,0,0
346701,53.12,0,0,0
347451,53.13,0,0,0
348201,53.12,0,0,0
348951,53.12,0,0,0
349701,53.12,0,0,0
350451,53.11,0,0,0
351201,53.11,0,0,0
351934,53.11,0,0,0
352701,53.11,0,0,0
353451,53.11,0,0,0
354184,53.11,0,0,0
354951,53.11,0,0,0
355684,53.11,0,0,0
356451,53.11,0,0,0
357184,53.11,0,0,0
357934,53.11,0,0,0
358701,53.11,0,0,0
359434,53.11,0,0,0
360201,53.11,0,0,0
360951,53.11,0,0,0
361701,53.11,0,0,0
362451,53.11,0,0,0
363184,53.11,0,0,0
363934,53.11,0,0,0
364701,53.11,0,0,0
365451,53.11,0,0,0
366184,53.11,0,0,0
366951,53.11,0,0,0
367701,53.11,0,0,0
368434,53.11,0,0,0
369184,53.11,0,0,0
369951,53.11,0,0,0
370701,53.11,0,0,0
371434,53.11,0,0,0
372201,53.11,0,0,0
372951,53.11,0,0,0
373701,53.11,0,0,0
374434,53.11,0,0,0
375184,53.11,0,0,0
375951,53.11,0,0,0
376701,53.11,0,0,0
377451,53.11,0,0,0
378201,53.11,0,0,0
378951,53.11,0,0,0
379701,53.11,0,0,0
380451,53.11,0,0,0
381201,53.11,0,0,0
381951,53.11,0,0,0
382684,53.11,0,0,0
383451,53.11,0,0,0
384201,51.31,7.92,406.45,0.07
384934,51.68,5.65,292.23,0.4
385684,52.19,3.38,176.48,0.55
386451,52.16,3.44,179.18,0.71
387184,51.95,4.49,233,0.87
387951,51.72,5.41,279.62,1.06
388701,51.76,4.97,257.39,1.28
389451,51.87,4.53,234.82,1.46
390201,52.06,3.63,188.81,1.6
390951,51.88,4.42,229.13,1.8
391701,51.77,4.9,253.79,1.97
392451,50.74,9.46,480.21,2.2
393201,51.23,6.86,351.67,2.52
393934,51.67,4.57,236.09,2.73
394701,52.79,0,0,2.81
395451,52.85,0,0,2.81
396201,52.88,0,0,2.81
396951,52.9,0,0,2.81
397701,52.92,0,0,2.81
398451,52.93,0,0,2.81
399184,52.95,0,0,2.81
399951,52.96,0,0,2.81
400701,52.97,0,0,2.81
401451,52.97,0,0,2.81
402184,52.98,0,0,2.81
402934,52.98,0,0,2.81
403684,52.99,0,0,2.81
404434,53,0,0,2.81
405201,53,0,0,2.81
405952,53,0,0,2.81
406684,53.01,0,0,2.81
407452,53.01,0,0,2.81
408201,53.02,0,0,2.81
408934,53.02,0,0,2.81
409701,53.02,0,0,2.81
410452,53.02,0,0,2.81
411201,53.02,0,0,2.81
411934,53.03,0,0,2.81
412701,53.03,0,0,2.81
413452,53.03,0,0,2.81
414184,53.03,0,0,2.81
414934,53.03,0,0,2.81
415701,53.03,0,0,2.81
416434,53.04,0,0,2.81
417201,53.04,0,0,2.81
417934,53.04,0,0,2.81
418701,53.04,0,0,2.81
419452,53.04,0,0,2.81
420201,53.04,0,0,2.81
420952,53.04,0,0,2.81
421684,53.04,0,0,2.81
422434,53.04,0,0,2.81
423184,53.05,0,0,2.81
423934,53.05,0,0,2.81
424684,53.05,0,0,2.81
425434,53.05,0,0,2.81
426184,53.05,0,0,2.81
426952,53.05,0,0,2.81
427701,53.05,0,0,2.81
428452,53.05,0,0,2.81
429201,53.05,0,0,2.81
429952,53.05,0,0,2.81
430684,53.05,0,0,2.81
431452,53.05,0,0,2.81
432184,53.05,0,0,2.81
432952,53.05,0,0,2.81
433684,53.05,0,0,2.81
434434,53.05,0,0,2.81
435184,53.05,0,0,2.81
435934,53.05,0,0,2.81
436684,53.06,0,0,2.81
437452,53.06,0,0,2.81
438184,53.06,0,0,2.81
438934,53.06,0,0,2.81
439684,53.06,0,0,2.81
440452,53.06,0,0,2.81
441201,53.06,0,0,2.81
441934,53.06,0,0,2.81
442684,53.06,0,0,2.81
443434,53.06,0,0,2.81
444184,53.06,0,0,2.81
444952,53.06,0,0,2.81
445684,53.06,0,0,2.81
446434,53.06,0,0,2.81
447201,53.06,0,0,2.81
447952,53.06,0,0,2.81
448701,48.86,17.76,868,3.43
449434,50.24,11.23,563.92,3.94
450201,51.23,6.65,340.66,4.28
450934,51.78,4.31,222.99,4.47
451701,52.79,0,0,4.52
452434,52.84,0,0,4.52
453184,52.87,0,0,4.52
453934,52.89,0,0,4.52
454701,52.91,0,0,4.52
455434,52.92,0,0,4.52
456184,52.94,0,0,4.52
456934,52.94,0,0,4.52
457684,52.95,0,0,4.52
458452,52.96,0,0,4.52
459184,52.97,0,0,4.52
459952,52.97,0,0,4.52
460701,52.98,0,0,4.52
461452,52.98,0,0,4.52
462201,52.99,0,0,4.52
462934,52.99,0,0,4.52
463701,52.99,0,0,4.52
464434,53,0,0,4.52
465201,53,0,0,4.52
465934,53,0,0,4.52
466684,53,0,0,4.52
467452,53.01,0,0,4.52
468184,53.01,0,0,4.52
468934,53.01,0,0,4.52
469684,53.01,0,0,4.52
470452,53.02,0,0,4.52
471201,53.02,0,0,4.52
471952,53.02,0,0,4.52
472684,53.02,0,0,4.52
473434,53.02,0,0,4.52
474201,53.02,0,0,4.52
474952,53.02,0,0,4.52
475701,53.02,0,0,4.52
476452,53.02,0,0,4.52
477184,53.03,0,0,4.52
477952,53.03,0,0,4.52
478701,53.03,0,0,4.52
479452,53.03,0,0,4.52
480201,53.03,0,0,4.52
480934,53.03,0,0,4.52
481684,53.03,0,0,4.52
482452,53.03,0,0,4.52
483201,53.03,0,0,4.52
483952,53.03,0,0,4.52
484684,53.03,0,0,4.52
485452,53.03,0,0,4.52
486201,53.03,0,0,4.52
486952,53.03,0,0,4.52
487684,53.03,0,0,4.52
488434,53.03,0,0,4.52
489201,53.03,0,0,4.52
489934,53.03,0,0,4.52
490684,53.03,0,0,4.52
491434,53.03,0,0,4.52
492184,53.03,0,0,4.52
492952,53.04,0,0,4.52
493684,53.04,0,0,4.52
494434,53.04,0,0,4.52
495184,53.04,0,0,4.52
495952,53.04,0,0,4.52
496701,53.04,0,0,4.52
497434,53.04,0,0,4.52
498201,53.04,0,0,4.52
498934,53.04,0,0,4.52
499701,53.04,0,0,4.52
500452,53.04,0,0,4.52
501201,53.04,0,0,4.52
501952,52.66,6.09,320.58,4.53
502684,50.15,12.34,618.77,5.07
503452,51.15,7.42,379.4,5.43
504184,51.76,4.43,229.28,5.65
504934,52.79,0,0,5.76
505684,52.86,0,0,5.76
506434,52.89,0,0,5.76
507184,52.91,0,0,5.76
507934,52.93,0,0,5.76
508701,52.94,0,0,5.76
509434,52.95,0,0,5.76
510201,52.95,0,0,5.76
510934,52.96,0,0,5.76
511701,52.97,0,0,5.76
512434,52.97,0,0,5.76
513201,52.98,0,0,5.76
513952,52.98,0,0,5.76
514701,52.98,0,0,5.76
515452,52.99,0,0,5.76
516201,52.99,0,0,5.76
516952,52.99,0,0,5.76
517701,52.99,0,0,5.76
518434,53,0,0,5.76
519201,53,0,0,5.76
519952,53,0,0,5.76
520701,53,0,0,5.76
521434,53,0,0,5.76
522201,53,0,0,5.76
522952,53.01,0,0,5.76
523701,53.01,0,0,5.76
524434,53.01,0,0,5.76
525201,53.01,0,0,5.76
525934,53.01,0,0,5.76
526684,53.01,0,0,5.76
527452,53.01,0,0,5.76
528184,53.01,0,0,5.76
528952,53.01,0,0,5.76
529684,53.02,0,0,5.76
530452,53.02,0,0,5.76
531184,53.02,0,0,5.76
531934,53.02,0,0,5.76
532684,53.02,0,0,5.76
533434,53.02,0,0,5.76
534184,53.02,0,0,5.76
534934,53.02,0,0,5.76
535701,53.02,0,0,5.76
536452,53.02,0,0,5.76
537201,53.02,0,0,5.76
537934,53.02,0,0,5.76
538701,53.02,0,0,5.76
539452,53.02,0,0,5.76
540184,53.02,0,0,5.76
540952,53.02,0,0,5.76
541684,53.03,0,0,5.76
542434,53.03,0,0,5.76
543184,53.03,0,0,5.76
543952,53.03,0,0,5.76
544701,53.03,0,0,5.76
545434,53.03,0,0,5.76
546202,53.03,0,0,5.76
546952,53.03,0,0,5.76
547702,53.03,0,0,5.76
548434,53.03,0,0,5.76
549184,53.03,0,0,5.76
549952,53.03,0,0,5.76
550684,53.03,0,0,5.76
551434,53.03,0,0,5.76
552184,53.03,0,0,5.76
552934,52.87,0.76,40.09,5.78
553684,48.55,20.27,984.13,6.09
554452,50.08,12.08,604.67,6.68
555201,51.03,7.46,380.71,7.04
555952,51.64,4.71,243.16,7.27
556702,52.02,3.29,171.01,7.42
557434,52.79,0,0,7.44
558202,52.83,0,0,7.44
558952,52.86,0,0,7.44
559701,52.88,0,0,7.44
560434,52.89,0,0,7.44
561184,52.9,0,0,7.44
561934,52.91,0,0,7.44
562701,52.92,0,0,7.44
563452,52.93,0,0,7.44
564201,52.94,0,0,7.44
564934,52.94,0,0,7.44
565684,52.95,0,0,7.44
566434,52.95,0,0,7.44
567201,52.96,0,0,7.44
567952,52.96,0,0,7.44
568684,52.96,0,0,7.44
569434,52.97,0,0,7.44
570201,52.97,0,0,7.44
570934,52.97,0,0,7.44
571684,52.97,0,0,7.44
572452,52.98,0,0,7.44
573184,52.98,0,0,7.44
573934,52.98,0,0,7.44
574702,52.98,0,0,7.44
575452,52.98,0,0,7.44
576201,52.99,0,0,7.44
576952,52.99,0,0,7.44
577701,52.99,0,0,7.44
578452,52.99,0,0,7.44
579201,52.99,0,0,7.44
579952,52.99,0,0,7.44
580701,52.99,0,0,7.44
581434,53,0,0,7.44
582184,53,0,0,7.44
582952,53,0,0,7.44
583701,53,0,0,7.44
584452,53,0,0,7.44
585184,53,0,0,7.44
585952,53,0,0,7.44
586701,48.46,20.28,982.63,7.71
587434,49.99,12.34,617,8.28
588202,50.9,7.98,405.89,8.67
588952,52.73,0,0,8.76
589684,52.79,0,0,8.76
590452,52.83,0,0,8.76
591201,52.86,0,0,8.76
591952,52.87,0,0,8.76
592701,52.89,0,0,8.76
593434,52.9,0,0,8.76
594201,52.91,0,0,8.76
594952,52.92,0,0,8.76
595684,52.92,0,0,8.76
596434,52.93,0,0,8.76
597201,52.93,0,0,8.76
597934,52.94,0,0,8.76
598684,52.94,0,0,8.76
599434,52.95,0,0,8.76
600184,52.95,0,0,8.76
600934,52.95,0,0,8.76
601702,52.96,0,0,8.76
602434,52.96,0,0,8.76
603201,52.96,0,0,8.76
603934,52.96,0,0,8.76
604702,52.97,0,0,8.76
605434,52.97,0,0,8.76
606184,52.97,0,0,8.76
606952,52.97,0,0,8.76
607684,52.97,0,0,8.76
608434,52.98,0,0,8.76
609201,52.98,0,0,8.76
609952,52.98,0,0,8.76
610702,52.98,0,0,8.76
611452,52.98,0,0,8.76
612184,52.98,0,0,8.76
612934,52.98,0,0,8.76
613701,52.98,0,0,8.76
614452,52.98,0,0,8.76
615184,52.99,0,0,8.76
615934,52.99,0,0,8.76
616701,52.99,0,0,8.76
617452,52.99,0,0,8.76
618184,52.99,0,0,8.76
618934,52.99,0,0,8.76
619701,52.99,0,0,8.76
620452,52.99,0,0,8.76
621184,52.99,0,0,8.76
621934,52.99,0,0,8.76
622701,52.99,0,0,8.76
623452,52.99,0,0,8.76
624184,52.99,0,0,8.76
624934,52.99,0,0,8.76
625684,52.99,0,0,8.76
626434,53,0,0,8.76
627202,53,0,0,8.76
627952,53,0,0,8.76
628701,53,0,0,8.76
629434,53,0,0,8.76
630202,53,0,0,8.76
630934,53,0,0,8.76
631684,53,0,0,8.76
632434,53,0,0,8.76
633201,53,0,0,8.76
633952,53,0,0,8.76
634701,53,0,0,8.76
635452,53,0,0,8.76
636184,53,0,0,8.76
636952,53,0,0,8.76
637701,53,0,0,8.76
638434,53,0,0,8.76
639201,53,0,0,8.76
639952,53,0,0,8.76
640701,53,0,0,8.76
641452,53,0,0,8.76
642201,53,0,0,8.76
642952,53,0,0,8.76
643684,53,0,0,8.76
644434,53,0,0,8.76
645184,53,0,0,8.76
645934,53,0,0,8.76
646701,53,0,0,8.76
647434,48.03,22.65,1087.68,9.2
648202,49.94,12.58,628.17,9.84
648952,50.93,7.86,400.46,10.21
649684,51.56,4.92,253.84,10.43
650434,52.68,0,0,10.56
651201,52.75,0,0,10.56
651952,52.79,0,0,10.56
652701,52.82,0,0,10.56
653434,52.84,0,0,10.56
654184,52.86,0,0,10.56
654952,52.87,0,0,10.56
655701,52.88,0,0,10.56
656452,52.89,0,0,10.56
657201,52.9,0,0,10.56
657934,52.9,0,0,10.56
658701,52.91,0,0,10.56
659452,52.91,0,0,10.56
660184,52.92,0,0,10.56
660952,52.92,0,0,10.56
661702,52.93,0,0,10.56
662452,52.93,0,0,10.56
663201,52.94,0,0,10.56
663952,52.94,0,0,10.56
664684,52.94,0,0,10.56
665434,52.94,0,0,10.56
666201,52.95,0,0,10.56
666934,52.95,0,0,10.56
667701,52.95,0,0,10.56
668452,52.95,0,0,10.56
669201,52.95,0,0,10.56
669952,52.96,0,0,10.56
670684,52.96,0,0,10.56
671434,52.96,0,0,10.56
672184,52.96,0,0,10.56
672934,52.96,0,0,10.56
673701,52.96,0,0,10.56
674434,52.97,0,0,10.56
675202,52.97,0,0,10.56
675934,52.97,0,0,10.56
676684,52.97,0,0,10.56
677434,52.97,0,0,10.56
678201,52.97,0,0,10.56
678934,52.97,0,0,10.56
679701,52.97,0,0,10.56
680452,52.97,0,0,10.56
681201,52.97,0,0,10.56
681934,52.98,0,0,10.56
682701,52.98,0,0,10.56
683452,52.98,0,0,10.56
684184,52.98,0,0,10.56
684934,52.98,0,0,10.56
685684,52.98,0,0,10.56
686451,52.98,0,0,10.56
687201,52.98,0,0,10.56
687934,52.98,0,0,10.56
688701,52.98,0,0,10.56
689451,52.98,0,0,10.56
690201,52.98,0,0,10.56
690934,52.98,0,0,10.56
691701,52.98,0,0,10.56
692451,52.98,0,0,10.56
693201,52.98,0,0,10.56
693951,52.98,0,0,10.56
694701,52.98,0,0,10.56
695434,52.98,0,0,10.56
696201,52.99,0,0,10.56
696934,52.99,0,0,10.56
697701,52.99,0,0,10.56
698451,52.99,0,0,10.56
699201,52.99,0,0,10.56
699934,52.99,0,0,10.56
700684,52.99,0,0,10.56
701434,52.99,0,0,10.56
702184,52.99,0,0,10.56
702951,52.99,0,0,10.56
703701,52.99,0,0,10.56
704434,52.99,0,0,10.56
705184,52.99,0,0,10.56
705951,52.99,0,0,10.56
706701,52.99,0,0,10.56
707434,52.99,0,0,10.56
708184,52.99,0,0,10.56
708934,52.99,0,0,10.56
709684,52.99,0,0,10.56
710434,52.99,0,0,10.56
711184,52.99,0,0,10.56
711934,52.99,0,0,10.56
712701,52.99,0,0,10.56
713434,52.99,0,0,10.56
714201,52.99,0,0,10.56
714934,52.99,0,0,10.56
715701,52.99,0,0,10.56
716451,52.99,0,0,10.56
717184,52.99,0,0,10.56
717951,52.99,0,0,10.56
718701,52.99,0,0,10.56
719451,52.99,0,0,10.56
720201,52.99,0,0,10.56
720934,52.99,0,0,10.56
721701,52.99,0,0,10.56
722434,52.99,0,0,10.56
723184,52.99,0,0,10.56
723951,52.99,0,0,10.56
724684,52.99,0,0,10.56
725451,52.99,0,0,10.56
726201,52.99,0,0,10.56
726951,52.99,0,0,10.56
727684,52.99,0,0,10.56
728434,52.99,0,0,10.56
729201,52.99,0,0,10.56
729951,53,0,0,10.56
730684,52.99,0,0,10.56
731451,52.99,0,0,10.56
732184,52.99,0,0,10.56
732951,52.99,0,0,10.56
733701,52.99,0,0,10.56
734451,52.99,0,0,10.56
735201,52.99,0,0,10.56
735951,53,0,0,10.56
736701,53,0,0,10.56
737451,52.99,0,0,10.56
738201,52.99,0,0,10.56
738951,52.99,0,0,10.56
739684,52.99,0,0,10.56
740451,53,0,0,10.56
741184,53,0,0,10.56
741951,53,0,0,10.56
742684,53,0,0,10.56
743451,53,0,0,10.56
744184,53,0,0,10.56
744951,53,0,0,10.56
745701,53,0,0,10.56
746434,53,0,0,10.56
747184,53,0,0,10.56
747934,53,0,0,10.56
748701,53,0,0,10.56
749451,53,0,0,10.56
750201,52.83,0.8,42.05,10.58
750951,49.35,16.58,818.37,10.87
751684,50.56,10.13,512.32,11.33
752451,51.46,5.76,296.2,11.64
753184,51.88,3.85,199.61,11.81
753934,52.15,2.72,141.99,11.94
754684,52.79,0,0,11.97
755451,52.83,0,0,11.97
756184,52.85,0,0,11.97
756934,52.87,0,0,11.97
757701,52.88,0,0,11.97
758451,52.89,0,0,11.97
759201,52.9,0,0,11.97
759951,52.91,0,0,11.97
760701,52.91,0,0,11.97
761451,52.92,0,0,11.97
762201,52.92,0,0,11.97
762951,52.93,0,0,11.97
763701,52.93,0,0,11.97
764451,52.93,0,0,11.97
765184,52.94,0,0,11.97
765934,52.94,0,0,11.97
766701,52.94,0,0,11.97
767434,52.94,0,0,11.97
768184,52.95,0,0,11.97
768951,52.95,0,0,11.97
769701,52.95,0,0,11.97
770451,52.95,0,0,11.97
771184,52.95,0,0,11.97
771934,52.96,0,0,11.97
772701,52.96,0,0,11.97
773434,52.96,0,0,11.97
774201,52.96,0,0,11.97
774934,52.96,0,0,11.97
775684,52.96,0,0,11.97
776434,52.96,0,0,11.97
777184,52.96,0,0,11.97
777951,52.96,0,0,11.97
778701,52.97,0,0,11.97
779451,52.97,0,0,11.97
780184,52.97,0,0,11.97
780934,52.97,0,0,11.97
781701,52.97,0,0,11.97
782434,52.97,0,0,11.97
783184,52.97,0,0,11.97
783934,52.97,0,0,11.97
784684,52.97,0,0,11.97
785434,52.97,0,0,11.97
786184,52.97,0,0,11.97
786951,52.97,0,0,11.97
787684,52.97,0,0,11.97
788434,52.97,0,0,11.97
789184,52.97,0,0,11.97
789934,52.98,0,0,11.97
790684,52.98,0,0,11.97
791451,52.98,0,0,11.97
792201,52.98,0,0,11.97
792951,52.98,0,0,11.97
793701,52.98,0,0,11.97
794452,52.98,0,0,11.97
795201,52.98,0,0,11.97
795952,52.98,0,0,11.97
796701,52.98,0,0,11.97
797452,52.98,0,0,11.97
798201,52.98,0,0,11.97
798952,52.98,0,0,11.97
799701,52.98,0,0,11.97
800434,52.98,0,0,11.97
801201,52.98,0,0,11.97
801934,52.98,0,0,11.97
802684,52.98,0,0,11.97
803452,52.98,0,0,11.97
804201,52.98,0,0,11.97
804952,52.98,0,0,11.97
805701,52.98,0,0,11.97
806452,52.98,0,0,11.97
807201,52.98,0,0,11.97
807934,52.98,0,0,11.97
808684,52.98,0,0,11.97
809434,52.98,0,0,11.97
810201,52.98,0,0,11.97
810952,52.98,0,0,11.97
811684,52.98,0,0,11.97
812452,52.98,0,0,11.97
813201,52.98,0,0,11.97
813952,52.98,0,0,11.97
814684,52.98,0,0,11.97
815434,52.98,0,0,11.97
816184,52.98,0,0,11.97
816952,52.98,0,0,11.97
817701,52.98,0,0,11.97
818434,52.98,0,0,11.97
819184,52.83,0.72,37.97,11.99
819934,49.14,17.36,853.02,12.22
820684,49.88,13.03,650.16,12.84
821434,51.05,7.39,377.34,13.21
822184,52.68,0,0,13.37
822952,52.77,0,0,13.37
823701,52.8,0,0,13.37
824434,52.83,0,0,13.37
825184,52.85,0,0,13.37
825934,52.86,0,0,13.37
826684,52.87,0,0,13.37
827434,52.88,0,0,13.37
828184,52.89,0,0,13.37
828952,52.9,0,0,13.37
829684,52.9,0,0,13.37
830452,52.91,0,0,13.37
831201,52.91,0,0,13.37
831934,52.92,0,0,13.37
832684,52.92,0,0,13.37
833452,52.92,0,0,13.37
834184,52.93,0,0,13.37
834934,52.93,0,0,13.37
835684,52.93,0,0,13.37
836452,52.93,0,0,13.37
837201,52.94,0,0,13.37
837934,52.94,0,0,13.37
838701,52.94,0,0,13.37
839434,52.94,0,0,13.37
840184,52.94,0,0,13.37
840952,52.94,0,0,13.37
841684,52.95,0,0,13.37
842452,52.95,0,0,13.37
843201,52.95,0,0,13.37
843952,52.95,0,0,13.37
844701,52.95,0,0,13.37
845434,52.95,0,0,13.37
846201,52.95,0,0,13.37
846934,52.96,0,0,13.37
847701,52.96,0,0,13.37
848434,52.96,0,0,13.37
849184,52.96,0,0,13.37
849952,52.96,0,0,13.37
850701,52.96,0,0,13.37
851434,52.96,0,0,13.37
852201,52.96,0,0,13.37
852952,52.96,0,0,13.37
853701,52.96,0,0,13.37
854434,52.96,0,0,13.37
855201,52.96,0,0,13.37
855934,52.96,0,0,13.37
856684,52.96,0,0,13.37
857452,52.96,0,0,13.37
858201,52.97,0,0,13.37
858952,52.96,0,0,13.37
859684,52.96,0,0,13.37
860434,52.97,0,0,13.37
861184,52.97,0,0,13.37
861934,52.97,0,0,13.37
862684,52.97,0,0,13.37
863452,52.97,0,0,13.37
864201,52.97,0,0,13.37
864952,52.97,0,0,13.37
865701,52.97,0,0,13.37
866452,52.97,0,0,13.37
867184,52.97,0,0,13.37
867952,52.97,0,0,13.37
868684,52.97,0,0,13.37
869452,52.97,0,0,13.37
870201,52.97,0,0,13.37
870934,52.97,0,0,13.37
871684,52.97,0,0,13.37
872452,52.83,0.64,33.9,13.38
873201,50.8,9.84,499.88,13.47
873952,50.22,11.72,588.46,14
874701,51.09,7.26,370.94,14.35
875452,52.78,-3.37,-178.02,14.54
876201,52.77,0,0,14.54
876952,52.81,0,0,14.54
877684,52.84,0,0,14.54
878434,52.85,0,0,14.54
879201,52.87,0,0,14.54
879934,52.88,0,0,14.54
880684,52.88,0,0,14.54
881452,52.89,0,0,14.54
882201,52.9,0,0,14.54
882934,52.9,0,0,14.54
883701,52.91,0,0,14.54
884452,52.91,0,0,14.54
885201,52.91,0,0,14.54
885934,52.92,0,0,14.54
886684,52.92,0,0,14.54
887452,52.92,0,0,14.54
888201,52.93,0,0,14.54
888952,52.93,0,0,14.54
889701,52.93,0,0,14.54
890452,52.93,0,0,14.54
891201,52.93,0,0,14.54
891934,52.94,0,0,14.54
892684,52.94,0,0,14.54
893452,52.94,0,0,14.54
894201,52.94,0,0,14.54
894952,52.94,0,0,14.54
895684,52.94,0,0,14.54
896452,52.94,0,0,14.54
897201,52.94,0,0,14.54
897952,52.95,0,0,14.54
898684,52.95,0,0,14.54
899434,52.95,0,0,14.54
900201,52.95,0,0,14.54
900952,52.95,0,0,14.54
901701,52.95,0,0,14.54
902434,52.95,0,0,14.54
903201,52.95,0,0,14.54
903952,52.95,0,0,14.54
904701,52.95,0,0,14.54
905452,52.95,0,0,14.54
906184,52.95,0,0,14.54
906952,52.95,0,0,14.54
907684,52.95,0,0,14.54
908452,52.96,0,0,14.54
909184,52.96,0,0,14.54
909952,52.96,0,0,14.54
910701,52.96,0,0,14.54
911452,52.96,0,0,14.54
912201,52.96,0,0,14.54
912952,52.96,0,0,14.54
913684,52.96,0,0,14.54
914452,52.96,0,0,14.54
915201,52.96,0,0,14.54
915952,52.96,0,0,14.54
916684,52.96,0,0,14.54
917434,52.96,0,0,14.54
918201,52.96,0,0,14.54
918952,52.96,0,0,14.54
919684,52.96,0,0,14.54
920452,52.96,0,0,14.54
921184,52.96,0,0,14.54
921934,52.96,0,0,14.54
922701,52.96,0,0,14.54
923452,52.96,0,0,14.54
924201,52.96,0,0,14.54
924952,52.96,0,0,14.54
925684,52.96,0,0,14.54
926434,52.96,0,0,14.54
927184,52.21,3.4,177.28,14.57
927934,48.84,18.53,904.88,15.13
928684,50.29,10.77,541.72,15.66
929434,51.06,7.11,363.07,15.99
930184,52.7,0,0,16
930934,52.75,0,0,16
931684,52.79,0,0,16
932452,52.81,0,0,16
933201,52.83,0,0,16
933934,52.84,0,0,16
934702,52.85,0,0,16
935452,52.86,0,0,16
936201,52.87,0,0,16
936952,52.87,0,0,16
937702,52.88,0,0,16
938452,52.89,0,0,16
939201,52.89,0,0,16
939952,52.89,0,0,16
940701,52.9,0,0,16
941452,52.9,0,0,16
942201,52.9,0,0,16
942952,52.91,0,0,16
943684,52.91,0,0,16
944452,52.91,0,0,16
945184,52.92,0,0,16
945934,52.92,0,0,16
946684,52.92,0,0,16
947452,52.92,0,0,16
948201,52.92,0,0,16
948934,52.92,0,0,16
949684,52.93,0,0,16
950434,52.93,0,0,16
951201,52.93,0,0,16
951952,52.93,0,0,16
952684,52.93,0,0,16
953452,52.93,0,0,16
954184,52.93,0,0,16
954934,52.93,0,0,16
955701,52.94,0,0,16
956434,52.94,0,0,16
957202,52.94,0,0,16
957934,52.94,0,0,16
958701,52.94,0,0,16
959452,52.94,0,0,16
960184,52.94,0,0,16
960934,52.94,0,0,16
961701,52.94,0,0,16
962434,52.79,0.8,42.23,16.02
963201,48.01,22.49,1079.86,16.49
963934,49.69,13.52,671.99,17.1
964684,50.78,8.38,425.68,17.51
965434,52.61,0,0,17.64
966184,52.69,0,0,17.64
966934,52.74,0,0,17.64
967684,52.77,0,0,17.64
968452,52.79,0,0,17.64
969184,52.8,0,0,17.64
969952,52.82,0,0,17.64
970701,52.83,0,0,17.64
971452,52.84,0,0,17.64
972201,52.85,0,0,17.64
972952,52.85,0,0,17.64
973684,52.86,0,0,17.64
974434,52.87,0,0,17.64
975184,52.87,0,0,17.64
975952,52.87,0,0,17.64
976701,52.88,0,0,17.64
977452,52.88,0,0,17.64
978201,52.89,0,0,17.64
978934,52.89,0,0,17.64
979701,52.89,0,0,17.64
980452,52.9,0,0,17.64
981201,52.9,0,0,17.64
981934,52.9,0,0,17.64
982701,52.9,0,0,17.64
983452,52.9,0,0,17.64
984201,52.91,0,0,17.64
984952,52.91,0,0,17.64
985702,52.91,0,0,17.64
986452,52.91,0,0,17.64
987201,52.91,0,0,17.64
987934,52.91,0,0,17.64
988684,52.92,0,0,17.64
989434,52.92,0,0,17.64
990201,52.92,0,0,17.64
990934,52.92,0,0,17.64
991701,52.92,0,0,17.64
992434,52.92,0,0,17.64
993201,52.92,0,0,17.64
993934,52.92,0,0,17.64
994684,52.93,0,0,17.64
995452,52.93,0,0,17.64
996201,52.93,0,0,17.64
996934,52.93,0,0,17.64
997684,52.93,0,0,17.64
998434,52.93,0,0,17.64
999184,52.93,0,0,17.64
999934,52.93,0,0,17.64
1000701,52.93,0,0,17.64
1001452,52.93,0,0,17.64
1002202,52.93,0,0,17.64
1002934,52.93,0,0,17.64
1003684,52.93,0,0,17.64
1004452,52.93,0,0,17.64
1005201,52.93,0,0,17.64
1005934,52.93,0,0,17.64
1006701,52.94,0,0,17.64
1007452,52.94,0,0,17.64
1008184,52.94,0,0,17.64
1008952,52.94,0,0,17.64
1009701,52.94,0,0,17.64
1010434,52.94,0,0,17.64
1011202,52.94,0,0,17.64
1011934,52.94,0,0,17.64
1012684,52.94,0,0,17.64
1013452,52.94,0,0,17.64
1014184,52.94,0,0,17.64
1014952,52.94,0,0,17.64
1015702,52.94,0,0,17.64
1016452,52.94,0,0,17.64
1017201,52.94,0,0,17.64
1017934,52.94,0,0,17.64
1018702,52.94,0,0,17.64
1019434,52.94,0,0,17.64
1020201,52.94,0,0,17.64
1020934,52.94,0,0,17.64
1021702,48.57,19.81,962.41,18.23
1022452,50.26,11.07,556.23,18.78
1023184,51.05,7.22,368.38,19.11
1023952,51.67,4.49,232.08,19.33
1024684,52.65,0,0,19.39
1025452,52.71,0,0,19.39
1026202,52.74,0,0,19.39
1026952,52.77,0,0,19.39
1027684,52.79,0,0,19.39
1028452,52.8,0,0,19.39
1029201,52.81,0,0,19.39
1029934,52.82,0,0,19.39
1030702,52.83,0,0,19.39
1031434,52.84,0,0,19.39
1032201,52.85,0,0,19.39
1032934,52.85,0,0,19.39
1033684,52.86,0,0,19.39
1034452,52.86,0,0,19.39
1035201,52.87,0,0,19.39
1035952,52.87,0,0,19.39
1036684,52.87,0,0,19.39
1037434,52.88,0,0,19.39
1038202,52.88,0,0,19.39
1038952,52.88,0,0,19.39
1039701,52.89,0,0,19.39
1040434,52.89,0,0,19.39
1041201,52.89,0,0,19.39
1041952,52.89,0,0,19.39
1042701,52.89,0,0,19.39
1043452,52.9,0,0,19.39
1044184,52.9,0,0,19.39
1044952,52.9,0,0,19.39
1045701,52.9,0,0,19.39
1046452,52.9,0,0,19.39
1047202,52.9,0,0,19.39
1047952,52.91,0,0,19.39
1048701,52.91,0,0,19.39
1049452,52.91,0,0,19.39
1050184,52.91,0,0,19.39
1050952,52.91,0,0,19.39
1051701,52.91,0,0,19.39
1052452,52.91,0,0,19.39
1053201,52.91,0,0,19.39
1053934,52.92,0,0,19.39
1054701,52.92,0,0,19.39
1055452,52.92,0,0,19.39
1056201,52.92,0,0,19.39
1056952,52.92,0,0,19.39
1057701,52.92,0,0,19.39
1058452,52.92,0,0,19.39
1059184,52.92,0,0,19.39
1059952,52.92,0,0,19.39
1060701,52.92,0,0,19.39
1061434,52.92,0,0,19.39
1062184,52.92,0,0,19.39
1062934,52.92,0,0,19.39
1063701,52.92,0,0,19.39
1064434,52.92,0,0,19.39
1065201,52.92,0,0,19.39
1065934,52.92,0,0,19.39
1066701,52.93,0,0,19.39
1067452,52.93,0,0,19.39
1068184,52.93,0,0,19.39
1068934,52.93,0,0,19.39
1069701,52.93,0,0,19.39
1070434,52.93,0,0,19.39
1071201,52.93,0,0,19.39
1071934,52.93,0,0,19.39
1072701,52.93,0,0,19.39
1073452,52.93,0,0,19.39
1074201,52.93,0,0,19.39
1074951,52.93,0,0,19.39
1075684,52.93,0,0,19.39
1076434,52.93,0,0,19.39
1077201,52.93,0,0,19.39
1077951,52.93,0,0,19.39
1078684,52.93,0,0,19.39
1079451,52.93,0,0,19.39
1080201,52.93,0,0,19.39
1080951,52.93,0,0,19.39
1081684,52.93,0,0,19.39
1082451,52.93,0,0,19.39
1083184,52.93,0,0,19.39
1083951,52.93,0,0,19.39
1084701,52.93,0,0,19.39
1085451,52.93,0,0,19.39
1086201,52.93,0,0,19.39
1086951,52.93,0,0,19.39
1087701,52.93,0,0,19.39
1088451,52.94,0,0,19.39
1089184,52.93,0,0,19.39
1089934,52.94,0,0,19.39
1090701,52.94,0,0,19.39
1091434,52.93,0,0,19.39
1092184,52.93,0,0,19.39
1092951,52.94,0,0,19.39
1093684,52.94,0,0,19.39
1094451,52.94,0,0,19.39
1095184,52.94,0,0,19.39
1095951,52.94,0,0,19.39
1096684,52.94,0,0,19.39
1097434,52.94,0,0,19.39
1098184,52.94,0,0,19.39
1098951,52.94,0,0,19.39
1099701,52.94,0,0,19.39
1100434,52.85,0.44,23.34,19.4
1101201,52.48,2,105.19,19.43
1101951,50.03,12.95,647.95,19.87
1102701,51.05,7.79,397.57,20.25
1103434,51.66,4.71,243.43,20.48
1104201,52.08,2.87,149.3,20.63
1104934,52.73,0,0,20.67
1105701,52.77,0,0,20.67
1106434,52.8,0,0,20.67
1107184,52.82,0,0,20.67
1107951,52.83,0,0,20.67
1108701,52.84,0,0,20.67
1109451,52.85,0,0,20.67
1110201,52.85,0,0,20.67
1110951,52.86,0,0,20.67
1111701,52.87,0,0,20.67
1112434,52.87,0,0,20.67
1113184,52.87,0,0,20.67
1113934,52.88,0,0,20.67
1114684,52.88,0,0,20.67
1115451,52.88,0,0,20.67
1116201,52.88,0,0,20.67
1116934,52.89,0,0,20.67
1117701,52.89,0,0,20.67
1118451,52.89,0,0,20.67
1119201,52.89,0,0,20.67
1119951,52.9,0,0,20.67
1120701,52.9,0,0,20.67
1121451,52.9,0,0,20.67
1122184,52.9,0,0,20.67
1122934,52.9,0,0,20.67
1123701,52.9,0,0,20.67
1124434,52.91,0,0,20.67
1125184,52.91,0,0,20.67
1125934,52.91,0,0,20.67
1126701,52.91,0,0,20.67
1127434,52.91,0,0,20.67
1128201,52.91,0,0,20.67
1128934,52.91,0,0,20.67
1129701,52.91,0,0,20.67
1130451,52.91,0,0,20.67
1131201,52.91,0,0,20.67
1131951,52.91,0,0,20.67
1132684,52.92,0,0,20.67
1133434,52.92,0,0,20.67
1134201,52.92,0,0,20.67
1134951,52.92,0,0,20.67
1135701,52.92,0,0,20.67
1136434,52.92,0,0,20.67
1137184,52.92,0,0,20.67
1137951,52.92,0,0,20.67
1138701,52.92,0,0,20.67
1139451,52.92,0,0,20.67
1140201,52.92,0,0,20.67
1140934,52.92,0,0,20.67
1141701,52.92,0,0,20.67
1142451,52.92,0,0,20.67
1143184,52.92,0,0,20.67
1143951,52.92,0,0,20.67
1144701,52.92,0,0,20.67
1145434,52.92,0,0,20.67
1146201,52.92,0,0,20.67
1146951,52.92,0,0,20.67
1147701,52.93,0,0,20.67
1148434,52.93,0,0,20.67
1149201,52.93,0,0,20.67
1149934,52.93,0,0,20.67
1150701,52.93,0,0,20.67
1151451,52.93,0,0,20.67
1152184,52.93,0,0,20.67
1152934,52.93,0,0,20.67
1153684,52.93,0,0,20.67
1154451,52.93,0,0,20.67
1155184,52.93,0,0,20.67
1155951,52.93,0,0,20.67
1156684,52.93,0,0,20.67
1157451,52.93,0,0,20.67
1158201,52.93,0,0,20.67
1158951,52.93,0,0,20.67
1159701,52.93,0,0,20.67
1160451,52.93,0,0,20.67
1161184,52.93,0,0,20.67
1161934,52.93,0,0,20.67
1162701,52.93,0,0,20.67
1163451,52.93,0,0,20.67
1164201,52.93,0,0,20.67
1164934,52.93,0,0,20.67
1165701,52.93,0,0,20.67
1166451,52.93,0,0,20.67
1167201,52.93,0,0,20.67
1167951,52.93,0,0,20.67
1168701,52.93,0,0,20.67
1169434,52.93,0,0,20.67
1170184,52.93,0,0,20.67
1170934,52.93,0,0,20.67
1171684,52.93,0,0,20.67
1172434,52.93,0,0,20.67
1173201,52.93,0,0,20.67
1173934,52.93,0,0,20.67
1174701,52.93,0,0,20.67
1175434,52.93,0,0,20.67
1176184,52.93,0,0,20.67
1176951,52.93,0,0,20.67
1177684,52.93,0,0,20.67
1178451,52.93,0,0,20.67
1179201,52.93,0,0,20.67
1179951,52.93,0,0,20.67
1180701,52.93,0,0,20.67
1181451,52.93,0,0,20.67
1182184,52.93,0,0,20.67
1182951,52.93,0,0,20.67
1183684,52.93,0,0,20.67
1184452,52.93,0,0,20.67
1185184,52.93,0,0,20.67
1185952,52.93,0,0,20.67
1186684,52.93,0,0,20.67
1187452,52.93,0,0,20.67
1188201,52.93,0,0,20.67
1188934,52.93,0,0,20.67
1189684,52.93,0,0,20.67
1190452,52.93,0,0,20.67
1191201,52.93,0,0,20.67
1191934,52.77,0.73,38.48,20.69
1192684,48.32,21.49,1038.53,21.12
1193452,49.96,12.47,622.8,21.74
1194201,51.01,7.31,372.8,22.1
1194952,52.64,0,0,22.19
1195701,52.71,0,0,22.19
1196452,52.74,0,0,22.19
1197201,52.77,0,0,22.19
1197934,52.79,0,0,22.19
1198701,52.8,0,0,22.19
1199434,52.81,0,0,22.19
1200201,52.82,0,0,22.19
1200952,52.83,0,0,22.19
1201701,52.84,0,0,22.19
1202452,52.84,0,0,22.19
1203201,52.85,0,0,22.19
1203952,52.86,0,0,22.19
1204701,52.86,0,0,22.19
1205452,52.86,0,0,22.19
1206184,52.87,0,0,22.19
1206952,52.87,0,0,22.19
1207684,52.87,0,0,22.19
1208434,52.87,0,0,22.19
1209184,52.88,0,0,22.19
1209952,52.88,0,0,22.19
1210684,52.88,0,0,22.19
1211452,52.88,0,0,22.19
1212184,52.89,0,0,22.19
1212952,52.89,0,0,22.19
1213701,52.89,0,0,22.19
1214434,52.89,0,0,22.19
1215201,52.89,0,0,22.19
1215952,52.89,0,0,22.19
1216684,52.9,0,0,22.19
1217434,52.9,0,0,22.19
1218201,52.9,0,0,22.19
1218934,52.9,0,0,22.19
1219701,52.9,0,0,22.19
1220434,52.9,0,0,22.19
1221201,52.9,0,0,22.19
1221934,52.9,0,0,22.19
1222684,52.9,0,0,22.19
1223434,52.9,0,0,22.19
1224201,52.91,0,0,22.19
1224952,52.91,0,0,22.19
1225701,52.91,0,0,22.19
1226452,52.91,0,0,22.19
1227201,52.91,0,0,22.19
1227952,52.91,0,0,22.19
1228701,52.91,0,0,22.19
1229452,52.91,0,0,22.19
1230201,52.91,0,0,22.19
1230952,52.91,0,0,22.19
1231701,52.91,0,0,22.19
1232452,52.91,0,0,22.19
1233184,52.91,0,0,22.19
1233952,52.91,0,0,22.19
1234701,52.91,0,0,22.19
1235452,52.91,0,0,22.19
1236201,52.91,0,0,22.19
1236952,52.91,0,0,22.19
1237701,52.92,0,0,22.19
1238434,52.92,0,0,22.19
1239184,52.92,0,0,22.19
1239952,52.92,0,0,22.19
1240701,52.92,0,0,22.19
1241452,52.92,0,0,22.19
1242201,52.92,0,0,22.19
1242952,52.92,0,0,22.19
1243684,52.92,0,0,22.19
1244452,52.92,0,0,22.19
1245201,52.92,0,0,22.19
1245952,52.92,0,0,22.19
1246684,52.76,0.79,41.88,22.21
1247434,49.05,18.06,886.15,22.47
1248184,50.52,10.27,518.85,22.98
1248934,51.25,6.58,337.15,23.3
1249701,52.63,0,0,23.48
1250452,52.71,0,0,23.48
1251184,52.75,0,0,23.48
1251952,52.78,0,0,23.48
1252684,52.79,0,0,23.48
1253452,52.81,0,0,23.48
1254201,52.82,0,0,23.48
1254952,52.83,0,0,23.48
1255701,52.83,0,0,23.48
1256434,52.84,0,0,23.48
1257184,52.84,0,0,23.48
1257952,52.85,0,0,23.48
1258701,52.85,0,0,23.48
1259452,52.86,0,0,23.48
1260201,52.86,0,0,23.48
1260952,52.86,0,0,23.48
1261701,52.87,0,0,23.48
1262434,52.87,0,0,23.48
1263201,52.87,0,0,23.48
1263952,52.87,0,0,23.48
1264684,52.88,0,0,23.48
1265434,52.88,0,0,23.48
1266201,52.88,0,0,23.48
1266952,52.88,0,0,23.48
1267701,52.88,0,0,23.48
1268434,52.88,0,0,23.48
1269201,52.89,0,0,23.48
1269952,52.89,0,0,23.48
1270701,52.89,0,0,23.48
1271452,52.89,0,0,23.48
1272201,52.89,0,0,23.48
1272934,52.89,0,0,23.48
1273684,52.89,0,0,23.48
1274452,52.9,0,0,23.48
1275201,52.9,0,0,23.48
1275934,52.9,0,0,23.48
1276701,52.9,0,0,23.48
1277452,52.9,0,0,23.48
1278201,52.9,0,0,23.48
1278952,52.9,0,0,23.48
1279701,52.9,0,0,23.48
1280452,52.9,0,0,23.48
1281201,52.9,0,0,23.48
1281952,52.9,0,0,23.48
1282684,52.9,0,0,23.48
1283452,52.9,0,0,23.48
1284201,52.9,0,0,23.48
1284952,52.9,0,0,23.48
1285701,52.9,0,0,23.48
1286452,52.9,0,0,23.48
1287184,52.9,0,0,23.48
1287952,52.91,0,0,23.48
1288684,52.91,0,0,23.48
1289452,52.91,0,0,23.48
1290184,52.91,0,0,23.48
1290934,52.91,0,0,23.48
1291701,52.91,0,0,23.48
1292452,52.91,0,0,23.48
1293201,52.91,0,0,23.48
1293934,52.91,0,0,23.48
1294684,52.91,0,0,23.48
1295434,52.91,0,0,23.48
1296184,52.91,0,0,23.48
1296952,52.91,0,0,23.48
1297684,52.91,0,0,23.48
1298452,52.91,0,0,23.48
1299184,52.91,0,0,23.48
1299934,52.91,0,0,23.48
1300684,52.91,0,0,23.48
1301434,52.91,0,0,23.48
1302201,50.33,11.98,602.79,23.59
1302952,49.25,16.15,795.39,24.26
1303684,50.49,9.67,488.2,24.72
1304434,51.3,6,307.8,25.01
1305184,52.61,0,0,25.12
1305934,52.67,0,0,25.12
1306701,52.71,0,0,25.12
1307434,52.74,0,0,25.12
1308201,52.76,0,0,25.12
1308952,52.77,0,0,25.12
1309684,52.78,0,0,25.12
1310452,52.79,0,0,25.12
1311201,52.8,0,0,25.12
1311934,52.81,0,0,25.12
1312684,52.82,0,0,25.12
1313452,52.82,0,0,25.12
1314201,52.83,0,0,25.12
1314952,52.83,0,0,25.12
1315701,52.84,0,0,25.12
1316452,52.84,0,0,25.12
1317184,52.85,0,0,25.12
1317952,52.85,0,0,25.12
1318684,52.85,0,0,25.12
1319452,52.86,0,0,25.12
1320184,52.86,0,0,25.12
1320952,52.86,0,0,25.12
1321684,52.86,0,0,25.12
1322452,52.86,0,0,25.12
1323184,52.87,0,0,25.12
1323952,52.87,0,0,25.12
1324684,52.87,0,0,25.12
1325434,52.87,0,0,25.12
1326184,52.87,0,0,25.12
1326952,52.87,0,0,25.12
1327701,52.87,0,0,25.12
1328434,52.88,0,0,25.12
1329184,52.88,0,0,25.12
1329952,52.88,0,0,25.12
1330701,52.88,0,0,25.12
1331434,52.88,0,0,25.12
1332202,52.88,0,0,25.12
1332952,48.38,20.48,990.76,25.37
1333701,49.75,13.45,669.09,25.99
1334452,50.8,8.3,421.83,26.39
1335184,53.59,-1.73,-92.88,26.63
1335952,52.63,0,0,26.64
1336701,52.68,0,0,26.64
1337434,52.71,0,0,26.64
1338202,52.73,0,0,26.64
1338934,52.75,0,0,26.64
1339701,52.76,0,0,26.64
1340452,52.77,0,0,26.64
1341202,52.78,0,0,26.64
1341952,52.79,0,0,26.64
1342684,52.8,0,0,26.64
1343434,52.8,0,0,26.64
1344201,52.81,0,0,26.64
1344952,52.82,0,0,26.64
1345701,52.82,0,0,26.64
1346452,52.82,0,0,26.64
1347184,52.83,0,0,26.64
1347952,52.83,0,0,26.64
1348701,52.84,0,0,26.64
1349434,52.84,0,0,26.64
1350201,52.84,0,0,26.64
1350934,52.84,0,0,26.64
1351701,52.85,0,0,26.64
1352434,52.85,0,0,26.64
1353201,52.85,0,0,26.64
1353952,52.85,0,0,26.64
1354701,52.86,0,0,26.64
1355434,52.86,0,0,26.64
1356184,52.86,0,0,26.64
1356952,52.86,0,0,26.64
1357701,52.86,0,0,26.64
1358434,52.86,0,0,26.64
1359201,52.87,0,0,26.64
1359952,52.87,0,0,26.64
1360684,52.87,0,0,26.64
1361452,52.87,0,0,26.64
1362184,52.87,0,0,26.64
1362952,52.87,0,0,26.64
1363701,52.87,0,0,26.64
1364434,52.87,0,0,26.64
1365202,52.87,0,0,26.64
1365952,52.88,0,0,26.64
1366684,52.88,0,0,26.64
1367452,52.88,0,0,26.64
1368201,52.88,0,0,26.64
1368952,52.88,0,0,26.64
1369684,52.88,0,0,26.64
1370434,52.88,0,0,26.64
1371184,52.88,0,0,26.64
1371952,52.88,0,0,26.64
1372701,52.88,0,0,26.64
1373434,52.88,0,0,26.64
1374201,52.88,0,0,26.64
1374934,52.88,0,0,26.64
1375701,52.88,0,0,26.64
1376434,52.88,0,0,26.64
1377184,52.88,0,0,26.64
1377934,52.88,0,0,26.64
1378684,52.89,0,0,26.64
1379452,52.89,0,0,26.64
1380184,52.89,0,0,26.64
1380952,52.89,0,0,26.64
1381684,52.89,0,0,26.64
1382434,52.89,0,0,26.64
1383184,52.89,0,0,26.64
1383934,52.89,0,0,26.64
1384701,52.89,0,0,26.64
1385452,52.89,0,0,26.64
1386202,52.89,0,0,26.64
1386934,52.89,0,0,26.64
1387684,52.89,0,0,26.64
1388452,52.89,0,0,26.64
1389202,52.89,0,0,26.64
1389934,52.89,0,0,26.64
1390701,52.89,0,0,26.64
1391434,52.89,0,0,26.64
1392184,52.82,0.4,21.02,26.64
1392952,51.79,5,259.19,26.68
1393701,49.09,17.29,848.48,27.27
1394434,50.41,10.4,524.24,27.74
1395184,51.19,6.46,330.62,28.05
1395934,52.61,-1.7,-89.43,28.24
1396684,52.65,0,0,28.24
1397434,52.69,0,0,28.24
1398184,52.71,0,0,28.24
1398952,52.73,0,0,28.24
1399701,52.75,0,0,28.24
1400452,52.76,0,0,28.24
1401184,52.77,0,0,28.24
1401934,52.78,0,0,28.24
1402701,52.79,0,0,28.24
1403452,52.8,0,0,28.24
1404201,52.8,0,0,28.24
1404952,52.81,0,0,28.24
1405701,52.81,0,0,28.24
1406452,52.82,0,0,28.24
1407201,52.82,0,0,28.24
1407934,52.83,0,0,28.24
1408684,52.83,0,0,28.24
1409452,52.83,0,0,28.24
1410201,52.84,0,0,28.24
1410952,52.84,0,0,28.24
1411684,52.84,0,0,28.24
1412434,52.84,0,0,28.24
1413201,52.85,0,0,28.24
1413952,52.85,0,0,28.24
1414701,52.85,0,0,28.24
1415434,52.85,0,0,28.24
1416202,52.85,0,0,28.24
1416952,52.86,0,0,28.24
1417701,52.86,0,0,28.24
1418452,52.86,0,0,28.24
1419184,52.86,0,0,28.24
1419934,52.86,0,0,28.24
1420701,52.86,0,0,28.24
1421452,52.86,0,0,28.24
1422184,52.87,0,0,28.24
1422934,52.87,0,0,28.24
1423701,52.87,0,0,28.24
1424434,52.87,0,0,28.24
1425201,52.87,0,0,28.24
1425934,52.87,0,0,28.24
1426701,52.87,0,0,28.24
1427452,52.87,0,0,28.24
1428201,52.87,0,0,28.24
1428952,52.87,0,0,28.24
1429701,52.87,0,0,28.24
1430452,52.87,0,0,28.24
1431202,52.87,0,0,28.24
1431952,52.87,0,0,28.24
1432702,52.87,0,0,28.24
1433434,52.88,0,0,28.24
1434201,52.88,0,0,28.24
1434934,52.88,0,0,28.24
1435701,52.88,0,0,28.24
1436452,52.88,0,0,28.24
1437184,52.88,0,0,28.24
1437952,52.88,0,0,28.24
1438684,52.88,0,0,28.24
1439434,52.88,0,0,28.24
1440184,52.88,0,0,28.24
1440952,52.88,0,0,28.24
1441702,52.88,0,0,28.24
1442434,52.88,0,0,28.24
1443202,52.88,0,0,28.24
1443952,52.88,0,0,28.24
1444684,52.88,0,0,28.24
1445452,52.88,0,0,28.24
1446201,52.88,0,0,28.24
1446934,52.88,0,0,28.24
1447701,52.88,0,0,28.24
1448452,52.88,0,0,28.24
1449201,52.88,0,0,28.24
1449934,52.88,0,0,28.24
1450684,52.88,0,0,28.24
1451452,52.88,0,0,28.24
1452184,52.88,0,0,28.24
1452934,52.89,0,0,28.24
1453701,52.88,0,0,28.24
1454452,52.89,0,0,28.24
1455201,52.89,0,0,28.24
1455952,52.88,0,0,28.24
1456701,52.89,0,0,28.24
1457452,52.89,0,0,28.24
1458184,52.89,0,0,28.24
1458934,52.89,0,0,28.24
1459701,52.89,0,0,28.24
1460452,52.89,0,0,28.24
1461184,52.89,0,0,28.24
1461952,52.89,0,0,28.24
1462701,52.89,0,0,28.24
1463434,52.89,0,0,28.24
1464184,52.89,0,0,28.24
1464951,52.89,0,0,28.24
1465701,52.89,0,0,28.24
1466434,52.89,0,0,28.24
1467201,52.89,0,0,28.24
1467951,52.89,0,0,28.24
1468701,52.89,0,0,28.24
1469434,52.89,0,0,28.24
1470201,52.89,0,0,28.24
1470951,52.89,0,0,28.24
1471684,52.89,0,0,28.24
1472451,52.89,0,0,28.24
1473201,52.89,0,0,28.24
1473951,52.89,0,0,28.24
1474701,52.89,0,0,28.24
1475434,52.89,0,0,28.24
1476184,52.89,0,0,28.24
1476951,52.89,0,0,28.24
1477684,52.89,0,0,28.24
1478452,52.89,0,0,28.24
1479201,52.89,0,0,28.24
1479934,52.89,0,0,28.24
1480684,52.89,0,0,28.24
1481451,52.89,0,0,28.24
1482201,52.89,0,0,28.24
1482934,52.89,0,0,28.24
1483701,52.89,0,0,28.24
1484434,52.89,0,0,28.24
1485184,52.89,0,0,28.24
1485951,52.89,0,0,28.24
1486701,52.89,0,0,28.24
1487434,52.89,0,0,28.24
1488201,52.89,0,0,28.24
1488951,52.89,0,0,28.24
1489701,52.89,0,0,28.24
1490434,52.89,0,0,28.24
1491184,52.89,0,0,28.24
1491934,52.89,0,0,28.24
1492701,52.89,0,0,28.24
1493434,52.89,0,0,28.24
1494184,52.7,2.34,123.4,28.24
1494951,52.54,1.48,77.5,28.27
1495701,49.85,13.71,683.63,28.72
1496451,50.95,7.96,405.49,29.12
1497184,51.46,5.6,288.16,29.37
1497951,51.93,3.4,176.47,29.54
1498684,52.69,0,0,29.54
1499451,52.73,0,0,29.54
1500201,52.75,0,0,29.54
1500934,52.77,0,0,29.54
1501684,52.78,0,0,29.54
1502451,52.79,0,0,29.54
1503184,52.8,0,0,29.54
1503951,52.8,0,0,29.54
1504701,52.81,0,0,29.54
1505451,52.82,0,0,29.54
1506184,52.82,0,0,29.54
1506951,52.83,0,0,29.54
1507684,52.83,0,0,29.54
1508451,52.83,0,0,29.54
1509184,52.84,0,0,29.54
1509934,52.84,0,0,29.54
1510684,52.84,0,0,29.54
1511451,52.84,0,0,29.54
1512201,52.85,0,0,29.54
1512951,52.85,0,0,29.54
1513684,52.85,0,0,29.54
1514434,52.85,0,0,29.54
1515184,52.85,0,0,29.54
1515951,52.86,0,0,29.54
1516701,52.86,0,0,29.54
1517451,52.86,0,0,29.54
1518184,52.86,0,0,29.54
1518951,52.86,0,0,29.54
1519701,52.86,0,0,29.54
1520451,52.86,0,0,29.54
1521201,52.86,0,0,29.54
1521951,52.87,0,0,29.54
1522684,52.87,0,0,29.54
1523434,52.87,0,0,29.54
1524201,52.87,0,0,29.54
1524934,52.87,0,0,29.54
1525684,52.87,0,0,29.54
1526434,52.87,0,0,29.54
1527201,52.87,0,0,29.54
1527951,52.87,0,0,29.54
1528684,52.87,0,0,29.54
1529451,52.87,0,0,29.54
1530184,52.87,0,0,29.54
1530951,52.87,0,0,29.54
1531701,52.87,0,0,29.54
1532451,52.87,0,0,29.54
1533201,52.87,0,0,29.54
1533934,52.87,0,0,29.54
1534701,52.87,0,0,29.54
1535434,52.88,0,0,29.54
1536201,52.88,0,0,29.54
1536951,52.88,0,0,29.54
1537701,52.88,0,0,29.54
1538434,52.88,0,0,29.54
1539184,52.88,0,0,29.54
1539934,52.88,0,0,29.54
1540701,52.88,0,0,29.54
1541434,52.88,0,0,29.54
1542184,52.88,0,0,29.54
1542934,52.88,0,0,29.54
1543684,52.88,0,0,29.54
1544434,52.88,0,0,29.54
1545184,52.88,0,0,29.54
1545951,52.88,0,0,29.54
1546701,52.88,0,0,29.54
1547434,52.88,0,0,29.54
1548201,52.88,0,0,29.54
1548934,52.88,0,0,29.54
1549701,52.88,0,0,29.54
1550434,52.88,0,0,29.54
1551201,52.88,0,0,29.54
1551934,52.88,0,0,29.54
1552701,52.88,0,0,29.54
1553451,52.88,0,0,29.54
1554184,52.88,0,0,29.54
1554934,52.88,0,0,29.54
1555684,52.88,0,0,29.54
1556434,52.88,0,0,29.54
1557201,52.88,0,0,29.54
1557951,52.88,0,0,29.54
1558701,52.88,0,0,29.54
1559434,52.88,0,0,29.54
1560201,52.88,0,0,29.54
1560951,52.89,0,0,29.54
1561684,52.88,0,0,29.54
1562434,52.88,0,0,29.54
1563184,52.88,0,0,29.54
1563951,52.89,0,0,29.54
1564701,52.88,0,0,29.54
1565451,52.89,0,0,29.54
1566184,52.89,0,0,29.54
1566934,52.89,0,0,29.54
1567684,52.89,0,0,29.54
1568434,52.89,0,0,29.54
1569201,52.89,0,0,29.54
1569951,52.72,0.81,42.62,29.56
1570701,48.26,21.04,1015.47,29.91
1571434,49.81,13.37,666.12,30.52
1572184,50.91,7.85,399.41,30.91
1572951,51.55,4.87,251.19,31.14
1573701,52.59,0,0,31.23
1574434,52.65,0,0,31.23
1575184,52.69,0,0,31.23
1575952,52.71,0,0,31.23
1576684,52.73,0,0,31.23
1577452,52.74,0,0,31.23
1578201,52.75,0,0,31.23
1578952,52.76,0,0,31.23
1579701,52.77,0,0,31.23
1580452,52.78,0,0,31.23
1581184,52.79,0,0,31.23
1581934,52.79,0,0,31.23
1582684,52.8,0,0,31.23
1583434,52.8,0,0,31.23
1584201,52.81,0,0,31.23
1584934,52.81,0,0,31.23
1585701,52.81,0,0,31.23
1586434,52.82,0,0,31.23
1587184,52.82,0,0,31.23
1587952,52.82,0,0,31.23
1588701,52.83,0,0,31.23
1589434,52.83,0,0,31.23
1590201,52.83,0,0,31.23
1590934,52.83,0,0,31.23
1591684,52.83,0,0,31.23
1592434,52.84,0,0,31.23
1593184,52.84,0,0,31.23
1593952,52.84,0,0,31.23
1594701,52.84,0,0,31.23
1595452,52.84,0,0,31.23
1596184,52.85,0,0,31.23
1596934,52.85,0,0,31.23
1597701,52.85,0,0,31.23
1598434,52.85,0,0,31.23
1599184,52.85,0,0,31.23
1599952,52.85,0,0,31.23
1600684,52.85,0,0,31.23
1601452,52.85,0,0,31.23
1602184,52.85,0,0,31.23
1602934,52.86,0,0,31.23
1603701,52.86,0,0,31.23
1604452,52.86,0,0,31.23
1605184,52.86,0,0,31.23
1605952,52.86,0,0,31.23
1606701,52.86,0,0,31.23
1607434,52.86,0,0,31.23
1608201,52.86,0,0,31.23
1608934,52.86,0,0,31.23
1609684,52.86,0,0,31.23
1610452,52.86,0,0,31.23
1611201,52.86,0,0,31.23
1611934,52.86,0,0,31.23
1612701,52.86,0,0,31.23
1613452,52.86,0,0,31.23
1614201,52.86,0,0,31.23
1614952,52.87,0,0,31.23
1615684,52.87,0,0,31.23
1616452,52.87,0,0,31.23
1617201,52.87,0,0,31.23
1617952,52.87,0,0,31.23
1618701,52.87,0,0,31.23
1619452,52.87,0,0,31.23
1620201,52.87,0,0,31.23
1620952,52.87,0,0,31.23
1621684,52.87,0,0,31.23
1622434,52.87,0,0,31.23
1623201,52.87,0,0,31.23
1623934,52.87,0,0,31.23
1624701,52.87,0,0,31.23
1625452,52.87,0,0,31.23
1626201,52.87,0,0,31.23
1626934,52.27,2.67,139.72,31.26
1627684,50.26,11.67,586.41,31.71
1628434,51.07,7.46,381.12,32.06
1629201,51.77,4.18,216.34,32.29
1629952,52.67,0,0,32.35
1630701,52.71,0,0,32.35
1631452,52.73,0,0,32.35
1632201,52.75,0,0,32.35
1632952,52.77,0,0,32.35
1633701,52.78,0,0,32.35
1634452,52.78,0,0,32.35
1635184,52.79,0,0,32.35
1635952,52.8,0,0,32.35
1636701,52.8,0,0,32.35
1637434,52.81,0,0,32.35
1638184,52.81,0,0,32.35
1638952,52.81,0,0,32.35
1639701,52.82,0,0,32.35
1640452,52.82,0,0,32.35
1641201,52.82,0,0,32.35
1641952,52.83,0,0,32.35
1642701,52.83,0,0,32.35
1643452,52.83,0,0,32.35
1644184,52.83,0,0,32.35
1644934,52.83,0,0,32.35
1645684,52.84,0,0,32.35
1646434,52.84,0,0,32.35
1647201,52.84,0,0,32.35
1647952,52.84,0,0,32.35
1648684,52.84,0,0,32.35
1649452,52.84,0,0,32.35
1650201,52.84,0,0,32.35
1650952,52.85,0,0,32.35
1651701,52.85,0,0,32.35
1652452,52.85,0,0,32.35
1653201,52.85,0,0,32.35
1653952,52.85,0,0,32.35
1654701,52.85,0,0,32.35
1655434,52.85,0,0,32.35
1656201,52.85,0,0,32.35
1656952,52.85,0,0,32.35
1657701,52.85,0,0,32.35
1658434,52.85,0,0,32.35
1659184,52.86,0,0,32.35
1659952,52.86,0,0,32.35
1660684,52.86,0,0,32.35
1661434,52.86,0,0,32.35
1662201,52.86,0,0,32.35
1662934,52.86,0,0,32.35
1663684,52.86,0,0,32.35
1664452,52.86,0,0,32.35
1665184,52.86,0,0,32.35
1665952,52.86,0,0,32.35
1666684,52.86,0,0,32.35
1667452,52.86,0,0,32.35
1668184,52.86,0,0,32.35
1668934,52.86,0,0,32.35
1669684,52.86,0,0,32.35
1670434,52.86,0,0,32.35
1671201,52.86,0,0,32.35
1671952,52.86,0,0,32.35
1672684,52.86,0,0,32.35
1673452,52.86,0,0,32.35
1674184,52.86,0,0,32.35
1674934,52.86,0,0,32.35
1675701,52.86,0,0,32.35
1676434,52.87,0,0,32.35
1677201,52.87,0,0,32.35
1677934,52.87,0,0,32.35
1678701,52.22,3,156.54,32.37
1679452,48.71,19.41,945.49,32.92
1680184,50.19,11.23,563.41,33.45
1680934,52.55,0,0,33.65
1681701,52.64,0,0,33.65
1682434,52.68,0,0,33.65
1683201,52.71,0,0,33.65
1683952,52.72,0,0,33.65
1684701,52.74,0,0,33.65
1685452,52.75,0,0,33.65
1686201,52.76,0,0,33.65
1686934,52.77,0,0,33.65
1687701,52.77,0,0,33.65
1688452,52.78,0,0,33.65
1689201,52.79,0,0,33.65
1689952,52.79,0,0,33.65
1690701,52.8,0,0,33.65
1691434,52.8,0,0,33.65
1692201,52.8,0,0,33.65
1692934,52.81,0,0,33.65
1693701,52.81,0,0,33.65
1694434,52.81,0,0,33.65
1695201,52.81,0,0,33.65
1695952,52.82,0,0,33.65
1696701,52.82,0,0,33.65
1697452,52.82,0,0,33.65
1698201,52.82,0,0,33.65
1698952,52.83,0,0,33.65
1699684,52.83,0,0,33.65
1700434,52.83,0,0,33.65
1701201,52.83,0,0,33.65
1701934,52.83,0,0,33.65
1702684,52.83,0,0,33.65
1703452,52.83,0,0,33.65
1704184,52.84,0,0,33.65
1704952,52.84,0,0,33.65
1705684,52.84,0,0,33.65
1706434,52.84,0,0,33.65
1707184,52.84,0,0,33.65
1707952,52.84,0,0,33.65
1708701,52.84,0,0,33.65
1709434,52.84,0,0,33.65
1710201,52.84,0,0,33.65
1710934,52.84,0,0,33.65
1711684,52.84,0,0,33.65
1712452,52.71,0.65,34.15,33.66
1713184,49.6,15.38,762.81,33.86
1713952,49.18,16.18,795.61,34.61
1714684,50.33,10.25,515.97,35.08
1715452,51.09,6.61,337.7,35.4
1716184,51.46,4.92,253.35,35.6
1716952,52.53,0,0,35.68
1717684,52.58,0,0,35.68
1718434,52.62,0,0,35.68
1719201,52.64,0,0,35.68
1719952,52.66,0,0,35.68
1720701,52.68,0,0,35.68
1721452,52.69,0,0,35.68
1722202,52.7,0,0,35.68
1722952,52.71,0,0,35.68
1723701,52.72,0,0,35.68
1724434,52.73,0,0,35.68
1725202,52.74,0,0,35.68
1725934,52.74,0,0,35.68
1726684,52.75,0,0,35.68
1727452,52.75,0,0,35.68
1728184,52.76,0,0,35.68
1728952,52.76,0,0,35.68
1729702,52.77,0,0,35.68
1730452,52.77,0,0,35.68
1731184,52.77,0,0,35.68
1731952,52.78,0,0,35.68
1732701,52.78,0,0,35.68
1733434,52.79,0,0,35.68
1734202,52.79,0,0,35.68
1734952,52.79,0,0,35.68
1735701,52.79,0,0,35.68
1736452,52.8,0,0,35.68
1737201,52.8,0,0,35.68
1737934,52.8,0,0,35.68
1738701,52.8,0,0,35.68
1739434,52.8,0,0,35.68
1740184,52.81,0,0,35.68
1740952,52.81,0,0,35.68
1741701,52.81,0,0,35.68
1742452,52.81,0,0,35.68
1743202,52.81,0,0,35.68
1743934,52.81,0,0,35.68
1744684,52.82,0,0,35.68
1745452,52.82,0,0,35.68
1746201,52.82,0,0,35.68
1746952,52.82,0,0,35.68
1747701,52.82,0,0,35.68
1748434,52.82,0,0,35.68
1749201,52.82,0,0,35.68
1749952,52.82,0,0,35.68
1750684,52.82,0,0,35.68
1751452,52.83,0,0,35.68
1752201,52.83,0,0,35.68
1752952,52.83,0,0,35.68
1753701,52.83,0,0,35.68
1754434,52.83,0,0,35.68
1755201,52.83,0,0,35.68
1755952,52.83,0,0,35.68
1756684,52.83,0,0,35.68
1757434,52.83,0,0,35.68
1758201,52.83,0,0,35.68
1758934,52.83,0,0,35.68
1759684,52.83,0,0,35.68
1760434,52.83,0,0,35.68
1761184,52.83,0,0,35.68
1761952,52.83,0,0,35.68
1762701,52.84,0,0,35.68
1763434,52.84,0,0,35.68
1764184,52.84,0,0,35.68
1764952,52.84,0,0,35.68
1765702,52.84,0,0,35.68
1766434,52.84,0,0,35.68
1767201,52.84,0,0,35.68
1767934,52.84,0,0,35.68
1768684,52.84,0,0,35.68
1769452,52.84,0,0,35.68
1770201,52.84,0,0,35.68
1770952,52.84,0,0,35.68
1771701,52.84,0,0,35.68
1772434,52.84,0,0,35.68
1773201,52.84,0,0,35.68
1773934,52.84,0,0,35.68
1774684,52.84,0,0,35.68
1775452,52.84,0,0,35.68
1776184,52.84,0,0,35.68
1776934,52.84,0,0,35.68
1777684,52.84,0,0,35.68
1778434,52.84,0,0,35.68
1779202,52.84,0,0,35.68
1779952,52.84,0,0,35.68
1780701,52.85,0,0,35.68
1781434,52.85,0,0,35.68
1782184,52.85,0,0,35.68
1782952,52.85,0,0,35.68
1783684,52.85,0,0,35.68
1784452,52.85,0,0,35.68
1785201,52.85,0,0,35.68
1785952,52.85,0,0,35.68
1786701,52.85,0,0,35.68
1787434,52.85,0,0,35.68
1788184,52.85,0,0,35.68
1788952,52.85,0,0,35.68
1789701,52.85,0,0,35.68
1790452,52.85,0,0,35.68
1791184,52.85,0,0,35.68
1791934,52.85,0,0,35.68
1792701,52.85,0,0,35.68
1793434,52.85,0,0,35.68
1794184,52.85,0,0,35.68
1794934,52.85,0,0,35.68
1795684,52.85,0,0,35.68
1796434,52.85,0,0,35.68
1797201,52.85,0,0,35.68
1797934,52.85,0,0,35.68
1798684,52.85,0,0,35.68
1799434,52.85,0,0,35.68
1800202,52.85,0,0,35.68
1800952,52.85,0,0,35.68
1801701,52.85,0,0,35.68
1802452,52.85,0,0,35.68
1803201,52.85,0,0,35.68
1803934,52.85,0,0,35.68
1804702,52.85,0,0,35.68
1805452,52.85,0,0,35.68
1806201,52.85,0,0,35.68
1806952,52.85,0,0,35.68
1807701,52.85,0,0,35.68
1808452,52.85,0,0,35.68
1809201,52.85,0,0,35.68
1809934,52.85,0,0,35.68
1810702,52.85,0,0,35.68
1811452,52.85,0,0,35.68
1812202,52.85,0,0,35.68
1812952,52.85,0,0,35.68
1813684,52.85,0,0,35.68
1814452,52.85,0,0,35.68
1815184,52.85,0,0,35.68
1815952,52.85,0,0,35.68
1816701,52.85,0,0,35.68
1817452,52.86,0,0,35.68
1818201,52.85,0,0,35.68
1818952,52.85,0,0,35.68
1819684,52.85,0,0,35.68
1820452,52.86,0,0,35.68
1821184,52.86,0,0,35.68
1821952,52.85,0,0,35.68
1822701,52.86,0,0,35.68
1823434,52.86,0,0,35.68
1824202,52.86,0,0,35.68
1824952,52.86,0,0,35.68
1825684,52.86,0,0,35.68
1826434,52.86,0,0,35.68
1827184,52.86,0,0,35.68
1827934,52.86,0,0,35.68
1828701,52.86,0,0,35.68
1829434,52.86,0,0,35.68
1830184,52.86,0,0,35.68
1830934,52.86,0,0,35.68
1831684,52.86,0,0,35.68
1832452,52.86,0,0,35.68
1833201,52.86,0,0,35.68
1833952,52.86,0,0,35.68
1834701,52.86,0,0,35.68
1835452,52.86,0,0,35.68
1836184,52.86,0,0,35.68
1836952,52.86,0,0,35.68
1837701,52.86,0,0,35.68
1838434,52.86,0,0,35.68
1839202,52.86,0,0,35.68
1839952,52.86,0,0,35.68
1840701,52.86,0,0,35.68
1841434,52.86,0,0,35.68
1842184,52.86,0,0,35.68
1842952,52.86,0,0,35.68
1843684,52.86,0,0,35.68
1844434,52.86,0,0,35.68
1845184,52.86,0,0,35.68
1845952,52.86,0,0,35.68
1846684,52.86,0,0,35.68
1847452,52.86,0,0,35.68
1848201,52.86,0,0,35.68
1848934,52.86,0,0,35.68
1849701,52.86,0,0,35.68
1850434,52.86,0,0,35.68
1851184,52.86,0,0,35.68
1851952,52.86,0,0,35.68
1852702,52.86,0,0,35.68
1853452,52.86,0,0,35.68
1854184,52.86,0,0,35.68
1854934,52.86,0,0,35.68
1855701,52.86,0,0,35.68
1856451,52.86,0,0,35.68
1857201,52.86,0,0,35.68
1857951,52.86,0,0,35.68
1858701,52.86,0,0,35.68
1859434,52.86,0,0,35.68
1860201,52.86,0,0,35.68
1860951,52.86,0,0,35.68
1861684,52.86,0,0,35.68
1862451,52.86,0,0,35.68
1863201,52.86,0,0,35.68
1863934,52.86,0,0,35.68
1864701,52.86,0,0,35.68
1865434,52.86,0,0,35.68
1866184,52.86,0,0,35.68
1866934,52.86,0,0,35.68
1867701,52.86,0,0,35.68
1868451,52.86,0,0,35.68
1869201,52.86,0,0,35.68
1869934,52.86,0,0,35.68
1870701,52.86,0,0,35.68
1871434,52.86,0,0,35.68
1872201,52.87,0,0,35.68
1872951,52.87,0,0,35.68
1873701,52.87,0,0,35.68
1874451,52.87,0,0,35.68
1875201,52.87,0,0,35.68
1875951,52.87,0,0,35.68
1876701,52.87,0,0,35.68
1877451,52.87,0,0,35.68
1878201,52.87,0,0,35.68
1878934,52.87,0,0,35.68
1879684,52.87,0,0,35.68
1880451,52.87,0,0,35.68
1881201,52.87,0,0,35.68
1881934,52.87,0,0,35.68
1882701,52.87,0,0,35.68
1883451,52.87,0,0,35.68
1884201,52.87,0,0,35.68
1884951,52.87,0,0,35.68
1885684,52.87,0,0,35.68
1886434,52.87,0,0,35.68
1887184,52.87,0,0,35.68
1887951,52.87,0,0,35.68
1888684,52.87,0,0,35.68
1889434,52.87,0,0,35.68
1890201,52.87,0,0,35.68
1890951,52.87,0,0,35.68
1891701,52.87,0,0,35.68
1892451,52.87,0,0,35.68
1893184,52.87,0,0,35.68
1893934,52.87,0,0,35.68
1894701,52.87,0,0,35.68
1895451,52.87,0,0,35.68
1896201,52.87,0,0,35.68
1896934,52.87,0,0,35.68
1897684,52.87,0,0,35.68
1898434,52.87,0,0,35.68
1899184,52.87,0,0,35.68
1899951,52.87,0,0,35.68
1900701,52.87,0,0,35.68
1901451,52.87,0,0,35.68
1902184,52.87,0,0,35.68
1902934,52.87,0,0,35.68
1903684,52.87,0,0,35.68
1904451,52.87,0,0,35.68
1905201,52.87,0,0,35.68
1905951,52.87,0,0,35.68
1906684,52.87,0,0,35.68
1907451,52.87,0,0,35.68
1908184,52.87,0,0,35.68
1908934,52.88,0,0,35.68
1909701,52.87,0,0,35.68
1910451,52.87,0,0,35.68
1911201,52.87,0,0,35.68
1911951,52.88,0,0,35.68
1912701,52.88,0,0,35.68
1913434,52.88,0,0,35.68
1914201,52.88,0,0,35.68
1914934,52.87,0,0,35.68
1915684,52.88,0,0,35.68
1916434,52.88,0,0,35.68
1917184,52.88,0,0,35.68
1917951,52.88,0,0,35.68
1918701,52.88,0,0,35.68
1919451,52.88,0,0,35.68
1920184,52.88,0,0,35.68
1920934,52.88,0,0,35.68
1921701,52.88,0,0,35.68
1922434,52.88,0,0,35.68
1923201,52.88,0,0,35.68
1923951,52.88,0,0,35.68
1924701,52.88,0,0,35.68
1925434,52.88,0,0,35.68
1926184,52.88,0,0,35.68
1926951,52.88,0,0,35.68
1927701,52.88,0,0,35.68
1928451,52.88,0,0,35.68
1929184,52.88,0,0,35.68
1929951,52.88,0,0,35.68
1930701,52.88,0,0,35.68
1931434,52.88,0,0,35.68
1932184,52.88,0,0,35.68
1932951,52.88,0,0,35.68
1933684,52.88,0,0,35.68
1934434,52.88,0,0,35.68
1935201,52.88,0,0,35.68
1935951,52.88,0,0,35.68
1936701,52.88,0,0,35.68
1937451,52.88,0,0,35.68
1938201,52.88,0,0,35.68
1938951,52.88,0,0,35.68
1939701,52.88,0,0,35.68
1940434,52.88,0,0,35.68
1941184,52.88,0,0,35.68
1941934,52.88,0,0,35.68
1942701,52.88,0,0,35.68
1943451,52.88,0,0,35.68
1944201,52.88,0,0,35.68
1944951,52.88,0,0,35.68
1945684,52.88,0,0,35.68
1946451,52.88,0,0,35.68
1947201,52.88,0,0,35.68
1947951,52.88,0,0,35.68
1948701,52.88,0,0,35.68
1949451,52.88,0,0,35.68
1950201,52.88,0,0,35.68
1950934,52.88,0,0,35.68
1951684,52.88,0,0,35.68
1952434,52.88,0,0,35.68
1953201,52.88,0,0,35.68
1953951,52.88,0,0,35.68
1954701,52.88,0,0,35.68
1955434,52.88,0,0,35.68
1956201,52.88,0,0,35.68
1956934,52.88,0,0,35.68
1957701,52.88,0,0,35.68
1958434,52.88,0,0,35.68
1959201,52.88,0,0,35.68
1959934,52.88,0,0,35.68
1960701,52.88,0,0,35.68
1961434,52.88,0,0,35.68
1962184,52.88,0,0,35.68
1962951,52.88,0,0,35.68
1963684,52.88,0,0,35.68
1964451,52.88,0,0,35.68
1965201,52.88,0,0,35.68
1965952,52.88,0,0,35.68
1966701,52.88,0,0,35.68
1967452,52.88,0,0,35.68
1968201,52.88,0,0,35.68
1968934,52.88,0,0,35.68
1969684,52.88,0,0,35.68
1970434,52.88,0,0,35.68
1971201,52.88,0,0,35.68
1971934,52.88,0,0,35.68
1972684,52.88,0,0,35.68
1973434,52.88,0,0,35.68
1974184,52.88,0,0,35.68
1974934,52.88,0,0,35.68
1975701,52.88,0,0,35.68
1976434,52.88,0,0,35.68
1977201,52.88,0,0,35.68
1977952,52.88,0,0,35.68
1978701,52.88,0,0,35.68
1979452,52.88,0,0,35.68
1980201,52.88,0,0,35.68
1980934,52.88,0,0,35.68
1981684,52.88,0,0,35.68
1982434,52.88,0,0,35.68
1983184,52.88,0,0,35.68
1983952,52.88,0,0,35.68
1984684,52.88,0,0,35.68
1985452,52.88,0,0,35.68
1986201,52.88,0,0,35.68
1986952,52.88,0,0,35.68
1987701,52.88,0,0,35.68
1988452,52.88,0,0,35.68
1989184,52.88,0,0,35.68
1989952,52.88,0,0,35.68
1990684,52.88,0,0,35.68
1991434,52.88,0,0,35.68
1992184,52.88,0,0,35.68
1992952,52.88,0,0,35.68
1993702,52.88,0,0,35.68
1994452,52.88,0,0,35.68
1995201,52.88,0,0,35.68
1995934,52.88,0,0,35.68
1996684,52.88,0,0,35.68
1997452,52.88,0,0,35.68
1998184,52.88,0,0,35.68
1998934,52.88,0,0,35.68
1999684,52.88,0,0,35.68
2000452,52.88,0,0,35.68
2001201,52.88,0,0,35.68
2001934,52.88,0,0,35.68
2002701,52.88,0,0,35.68
2003434,52.88,0,0,35.68
2004184,52.88,0,0,35.68
2004952,52.88,0,0,35.68
2005701,52.88,0,0,35.68
2006434,52.88,0,0,35.68
2007184,52.88,0,0,35.68
2007934,52.88,0,0,35.68
2008701,52.88,0,0,35.68
2009434,52.88,0,0,35.68
2010184,52.88,0,0,35.68
2010934,52.88,0,0,35.68
2011701,52.88,0,0,35.68
2012452,52.88,0,0,35.68
2013201,52.88,0,0,35.68
2013934,52.88,0,0,35.68
2014701,52.88,0,0,35.68
2015452,52.88,0,0,35.68
2016201,52.88,0,0,35.68
2016934,52.88,0,0,35.68
2017702,52.88,0,0,35.68
